"","summary.mean","summary.se_mean","summary.sd","summary.2.5.","summary.25.","summary.50.","summary.75.","summary.97.5.","summary.n_eff","summary.Rhat","c_summary.mean.chain.1","c_summary.sd.chain.1","c_summary.2.5..chain.1","c_summary.25..chain.1","c_summary.50..chain.1","c_summary.75..chain.1","c_summary.97.5..chain.1","c_summary.mean.chain.2","c_summary.sd.chain.2","c_summary.2.5..chain.2","c_summary.25..chain.2","c_summary.50..chain.2","c_summary.75..chain.2","c_summary.97.5..chain.2","c_summary.mean.chain.3","c_summary.sd.chain.3","c_summary.2.5..chain.3","c_summary.25..chain.3","c_summary.50..chain.3","c_summary.75..chain.3","c_summary.97.5..chain.3","c_summary.mean.chain.4","c_summary.sd.chain.4","c_summary.2.5..chain.4","c_summary.25..chain.4","c_summary.50..chain.4","c_summary.75..chain.4","c_summary.97.5..chain.4"
"sigma",0.388961607542419,0.000216448040499312,0.0112176187221247,0.367514648065581,0.381268098405902,0.388831074538286,0.396531043152847,0.410979545840821,2685.92593167311,0.998665983686458,0.38888920528648,0.011463986474549,0.367332727252095,0.381163609860339,0.389030505844501,0.396741688511681,0.41052218294971,0.389120239167032,0.0111746329943295,0.367806910099421,0.381448382717552,0.388851657534119,0.396635160990373,0.410250838399773,0.388998822811971,0.0114550976595333,0.367798854472619,0.381261855776122,0.388655052765823,0.396706840931893,0.411667308047435,0.388838162904193,0.0107951196068663,0.36927101698181,0.381421658347986,0.388662901056775,0.395715009962232,0.411673321382474
"K[1]",3.77412830000219,0.0233435867806219,0.839803330548515,2.1262512855569,3.22530371578769,3.75207545356934,4.33000673069422,5.4567105606925,1294.25547707134,1.00116075520842,3.73899543443373,0.822383903993213,2.20521156178379,3.17942052983528,3.67699426416647,4.32393835913708,5.45284798605132,3.73498814145545,0.810169564097645,2.00877574638107,3.24615974033042,3.76441196552487,4.29451032620951,5.19734193186026,3.83882558817661,0.879529384199104,2.13205467539702,3.27083784227114,3.84188467229374,4.41148034026467,5.55125021444866,3.78370403594297,0.843800253902018,2.19734447549998,3.21418587613677,3.74460659649095,4.28226752595583,5.49591355601526
"K[2]",3.86738926870093,0.0217087946252449,0.891364464916657,2.2353499142875,3.22508883815509,3.84973417348036,4.48067581930492,5.63704146788942,1685.92873554694,1.00130729488666,3.87255014989016,0.890552410143711,2.21773004684886,3.26165975348735,3.86874435458438,4.46321923778805,5.69710705747678,3.83083643744535,0.935087817380597,2.22935702216253,3.12657830395925,3.79395939958863,4.48290110403496,5.63490395362208,3.86634327161871,0.869990657320706,2.31507047119569,3.24617979361452,3.81370602549493,4.46370706956301,5.61462080771474,3.89982721584952,0.869552591077475,2.29721673469883,3.29164703581623,3.92595590403399,4.51369416735572,5.55529471448642
"K[3]",2.90479030183482,0.0209006848234604,0.802307670357854,1.45276887002981,2.31723185528563,2.86223117691355,3.4452274594369,4.57462415974039,1473.53635752662,1.00036523549057,2.86896849212837,0.81537888923503,1.29487840239578,2.30336820923062,2.86950720737875,3.39388767866328,4.60595382440899,2.97661972985783,0.788471960745328,1.54293910801603,2.4424757406689,2.88706383496133,3.54396318876253,4.46322031677481,2.87599609705187,0.802012381582382,1.4885157447326,2.30708101338637,2.79798861151281,3.38403170299788,4.6143897935636,2.89757688830118,0.800978904641127,1.51416130816641,2.29486812965548,2.87745264141631,3.45581992233344,4.46648807599719
"K[4]",3.72599858551784,0.0161872921607184,0.812701393802485,2.15235419104698,3.16067734311277,3.7047600378588,4.28583456881104,5.38276419634896,2520.65610513743,0.998926704544249,3.73801977006408,0.830133364579465,2.11662617812129,3.15768190409866,3.72294432817745,4.25311502632257,5.39863272823761,3.71393162887322,0.805665458766012,2.15657732763699,3.15674403441997,3.71495940018385,4.27360509080737,5.20826236606681,3.7439850231384,0.794361246579214,2.16114424432774,3.23015579507232,3.68978052405266,4.32547869400691,5.34547525241179,3.70805791999565,0.822033859389156,2.25521175506062,3.06939302403195,3.67038553554822,4.27610346124224,5.46283151639238
"K[5]",3.19677782093447,0.028122387425781,0.968521469031803,1.52303701130976,2.48157322800165,3.11714283274453,3.84038256051823,5.25849445357232,1186.08040271421,1.00128288046887,3.12401546089315,1.01175415154329,1.39183389245494,2.39775195723836,3.0543416010089,3.73394171801605,5.07303656277415,3.2750158063456,0.905042741977099,1.7257921476694,2.59939391827411,3.24005549837406,3.85467403364289,5.30480151565265,3.1401571579877,0.980373785310076,1.5275014353336,2.40543312047605,3.048661482389,3.80703315835812,5.22051575787468,3.24792285851143,0.967792042560923,1.55737564906724,2.53623202205806,3.12863737495671,3.90942410737328,5.31968565832982
"K[6]",2.81833548057368,0.0242719572686781,1.01308125286189,1.17139020643864,2.04846003521617,2.70330670149221,3.44421470903822,5.03866138754996,1742.12358315455,1.00083966625759,2.85484098785622,0.976461618295701,1.27293740045586,2.17944383426623,2.73854894118174,3.42997131527142,4.96376856152911,2.82381054930533,0.976095197048584,1.27127363770507,2.0683363251124,2.7570657049505,3.44952651182823,4.99623325379143,2.81748108168713,1.01796462437663,1.23910522765329,1.96876672217515,2.70458437866571,3.4702492824134,4.99385435883194,2.77720930344605,1.07979298816006,1.10852048259482,1.94692072474826,2.63267411504914,3.3808100816374,5.31672337798651
"K[7]",2.31662123629438,0.019452310329302,0.698917927771363,1.16915314776306,1.79183111021654,2.24507127436604,2.76759676334025,3.86403417193239,1290.9516662114,1.00014090543844,2.31836404975248,0.71952891959187,1.18042748764119,1.76065553449129,2.26645682898119,2.75759419670707,3.87402633686365,2.33954912739975,0.686574853625012,1.20515464372391,1.82532737740655,2.30199489800597,2.80431741235239,3.67623287058686,2.26536939032204,0.729250862937836,1.04185573016379,1.73892320415168,2.15430171815557,2.74367163975546,3.95845297554509,2.34320237770326,0.657341904533459,1.27976073876011,1.81997598903633,2.24156856157715,2.78116629033306,3.78649403749916
"K[8]",2.52501564927004,0.0202996466414008,0.78735088807071,1.18832989206789,1.94950974230398,2.46929639417722,3.04977519184186,4.18842290495444,1504.38739896573,1.00285439080362,2.61007577048937,0.743445691899869,1.34297005183343,2.03824811827722,2.54790003347344,3.13733141356279,4.21576924725889,2.46078295536859,0.852440241919543,1.15470587424026,1.78034644996195,2.37742152161232,2.996961440123,4.5036527781312,2.46593354578162,0.753901664120013,1.13108117318002,1.92162977406129,2.43528900697978,2.96440719852425,3.98526236907379,2.56327032544059,0.786975990818562,1.20684725456558,2.00324731101451,2.50582974455407,3.04501289826846,4.18844846925848
"K[9]",2.17791270522727,0.0185619769860416,0.722965086094755,1.04381186715428,1.62995642261362,2.07896268794844,2.63767428593646,3.81763268419236,1517.00212581388,0.999162733976125,2.20359425120504,0.758414532498046,1.03599240196551,1.59873351252409,2.14479121381993,2.68434330831032,3.98722807449686,2.192052242907,0.7458319968057,1.0393220976124,1.62963367708566,2.0994520456779,2.66173016767428,3.84652631341538,2.14493712127059,0.681338353880207,1.05571926242346,1.62825436842582,2.04621749873866,2.59554618988213,3.57400854735249,2.17106720552643,0.704399589623468,1.03725251075216,1.66709826344868,2.07424447538774,2.60131079802042,3.80270271812066
"K[10]",2.28773836784055,0.0173528510390283,0.706199084507686,1.06506469894446,1.77865868563814,2.22805775773684,2.71865752039365,3.78944469367829,1656.19940019247,1.00235749929723,2.29297072527705,0.746167888589457,1.02421890013541,1.74811062258117,2.19707410232182,2.76753839482144,3.76719457439362,2.2161026333868,0.694967248022986,1.04872576762004,1.70736311534082,2.18318286062175,2.66472667034666,3.80636604167624,2.31106211810174,0.687075295554337,1.09583815344998,1.82072236647395,2.2669537970337,2.76515555906132,3.7778889799242,2.33081799459662,0.691718422536781,1.10711368067934,1.84622656271003,2.29281417462904,2.72783664970271,3.80077105107634
"K[11]",2.47318460263483,0.0168207196800536,0.702306860807406,1.27321638108556,1.96857181501558,2.40730077035026,2.92946870716906,3.95728788215228,1743.27007653671,0.998667871403015,2.46962882835658,0.717786530491819,1.34218720674759,1.94932656242995,2.37444017951133,2.9350302746144,4.10794983666903,2.48698573452623,0.67021766526184,1.331127555214,1.99461989138958,2.45107030091497,2.88524563208669,3.9231338096156,2.49100646142788,0.686136358521987,1.32991965952834,2.00595211248599,2.40373339662732,2.93645302171309,3.94060595769367,2.44511738622865,0.734439649127646,1.10407078238948,1.93463482428281,2.3997423915942,2.95427885423823,4.00412925472063
"K[12]",2.77426358499062,0.0183239395221424,0.72185388989043,1.46473181885502,2.26314758631581,2.76269263192536,3.26602480766999,4.22850592545833,1551.88988616213,1.00041264977012,2.77235671755714,0.735471467568363,1.45279089694702,2.2886709675827,2.76780261915601,3.27153332544925,4.36775461522348,2.70927731475814,0.713729689401156,1.47526711108724,2.17461296660718,2.69497179176552,3.19348005018897,4.22667254572267,2.81884347044192,0.713309449149529,1.5153507560785,2.32413247930175,2.81501493070337,3.29041896720606,4.19036204252826,2.79657683720528,0.722191517312401,1.47574734101192,2.28522978949968,2.78553642653463,3.30377588850698,4.20741907961346
"K[13]",3.26010332082812,0.0179660790880977,0.7447638641168,1.89656691020372,2.72219279329981,3.25608008213704,3.76286892891877,4.78031506214448,1718.42498629127,0.998671938434097,3.23853386340794,0.747639529640848,1.8174748502253,2.73235890403933,3.24317182225127,3.72342225493505,4.71890885054342,3.25153391093522,0.743815706240014,1.92185230146515,2.71502341905738,3.22275802980761,3.7647212167948,4.80977157018302,3.29329757415475,0.727470268076496,1.91453271189647,2.77095616943955,3.3107297200087,3.79208091022957,4.71269430749435,3.25704793481458,0.760877600759703,1.939874066736,2.69300113655498,3.27152660806208,3.7656236500943,4.85177325358378
"K[14]",3.44291761697239,0.0214204985800311,0.904040573524449,1.77730748370211,2.80314074596499,3.4368005935905,4.02684944556413,5.26175545556635,1781.21643610294,1.0010820905493,3.50928763666513,0.886059704440011,1.79899115162099,2.87947709085876,3.532219639137,4.05600087163508,5.22467136776408,3.44030609186638,0.861077988789037,1.89371674122892,2.82995748150416,3.39660689285931,3.97987595978858,5.16358557678445,3.4255153118909,0.951509456647259,1.64129202269019,2.75460824982456,3.41872413158342,4.05622587626095,5.36042032111108,3.39656142746717,0.913929077230215,1.75586368076018,2.70665798615571,3.38289997354367,4.00329891824425,5.34258811957313
"K[15]",2.21072906484643,0.0175509948394669,0.634105761249263,1.09711052053977,1.74972436244331,2.16812258247994,2.61850758538216,3.55452922994403,1305.32880271101,1.00129381274833,2.17967876166773,0.655073135596276,1.08169631063834,1.71394529396998,2.07899661387713,2.58579212754088,3.59441576078071,2.18222060712496,0.651118590894197,1.00846135747919,1.73131737433228,2.15635807391162,2.58877860816514,3.53128820296509,2.26113722446037,0.617632708319129,1.14293947158176,1.80720922847046,2.21743115584339,2.69832488382603,3.58311736798976,2.21987966613266,0.609771314629223,1.1364901578929,1.7902460006204,2.18676591449101,2.62122147905144,3.50079074831512
"K[16]",2.38082396245664,0.0172873525428395,0.708215203649923,1.16866890936228,1.85821420654982,2.32985281638086,2.84511487546672,3.90132007858266,1678.31514689896,0.999386224304063,2.42078205249133,0.724167481013429,1.16006713103881,1.89398923035781,2.37694292801961,2.87987098101498,3.94087426139239,2.33631469381235,0.700353590192932,1.20545109457832,1.82971412003024,2.27067013485829,2.81610424369511,3.88741437131159,2.40022701816123,0.699279117629735,1.11410402267987,1.89932764178609,2.3671889204267,2.8378653317079,3.8446295180135,2.36597208536166,0.707956509243148,1.24627478360707,1.85068148421492,2.26767746902441,2.83535071211531,3.90217440401708
"K[17]",2.80521602833759,0.0224676521146832,0.805941862999226,1.34699055142071,2.23583203072589,2.77375059857922,3.31319425358098,4.49844626470555,1286.74369340973,0.998804968257387,2.78587031475886,0.814555796840636,1.28273170321691,2.22831488172317,2.78613190880923,3.31670736600874,4.48388831067526,2.82999137270386,0.843600221445962,1.33946410657579,2.18918479090915,2.77893544924707,3.35576746519606,4.64625625457684,2.83265180322321,0.753863802976894,1.46345823458721,2.32997234193678,2.84535380540798,3.28657909504479,4.36247734474263,2.77235062266444,0.809799056946963,1.36797012451216,2.21502095068408,2.71354764230034,3.27580191713326,4.57540457883628
"K[18]",2.76375012671705,0.0211187948695033,0.838309382549735,1.32011848802746,2.15745410458623,2.71102881954304,3.31703607424112,4.52510081443118,1575.68858990437,1.00045508120011,2.78474909888137,0.896525088387412,1.20790837420718,2.10881922343945,2.71962204226168,3.43747856474108,4.6690557292356,2.74793707798417,0.828018423676402,1.34238623323953,2.1253378560656,2.6667685305993,3.31820555588672,4.41545547294788,2.82283671128713,0.797768068513568,1.35504295264751,2.27542042098826,2.77627576212237,3.31995940470196,4.53323513918202,2.69947761871553,0.825312077498093,1.35002095642689,2.10943808533773,2.62879487911909,3.2293566381534,4.40108433959599
"K[19]",3.15232372042156,0.0184144006290176,0.791768648876723,1.67347663719544,2.63497385946378,3.11803142750293,3.68663095988573,4.75694446248238,1848.76379444135,0.99948497706961,3.16349890106381,0.815933085142914,1.71298517487735,2.59802214958491,3.14723097710233,3.70403652038851,4.77795307773638,3.14281922833128,0.75521084126432,1.57795965607834,2.67604281924054,3.11404625004995,3.64876364567184,4.58095492127457,3.1860507925922,0.814500119525443,1.699761358256,2.64968130209162,3.14692903304958,3.74616481108817,4.89476406414442,3.11692595969893,0.780543194878362,1.69050073364066,2.59372204995372,3.08546514727918,3.62235556110514,4.7534826500018
"K[20]",2.5413794535151,0.0159196786629931,0.688271628072785,1.30520034933484,2.04766958197394,2.49638606668767,2.99097442778709,4.02251530359635,1869.18006367556,1.00120596800071,2.6038142905208,0.706728773983639,1.30475747134782,2.10297910995733,2.57634830089999,3.10131251599221,4.03204354691593,2.55211961470543,0.66366076371297,1.36027421885293,2.09548162542929,2.52802507984751,2.96161481748846,3.91759410308844,2.52685539502825,0.701445900089488,1.276554016758,2.01443115695572,2.47413414194216,2.96521981240754,4.02291002016137,2.48272851380594,0.676832415513899,1.31451069787237,1.98648225866442,2.42291070797054,2.94643858135736,3.94722085807184
"K[21]",3.01178724695545,0.0276798492303999,0.954791838215121,1.33867170052956,2.31663673163184,2.95681437759158,3.637400837166,5.03100759086488,1189.84380932207,1.00093161100283,2.91982613790023,0.990584508640616,1.20597502656921,2.1778130263466,2.84751493564113,3.58349704783924,5.06058682234941,3.02710771509205,0.914636063459308,1.3967674703273,2.36503542681484,2.94919362328452,3.66781992580739,4.97141489811848,3.02902473468705,0.958864615430641,1.37978039726152,2.32800100984496,2.99502381279704,3.59568613494349,5.02360146983309,3.07119040014248,0.949847294286157,1.53872384262477,2.36290308714161,2.9820050704013,3.73546061921314,4.98252449707855
"K[22]",2.80943450701106,0.0132288442219999,0.612834432730327,1.71316176169638,2.37479754395919,2.7834388663424,3.21060325963135,4.09227349036199,2146.06322430675,0.998555970427888,2.80205226534286,0.596946577513441,1.68950051050577,2.35641153370757,2.79740311109267,3.21342151925789,3.96389861605142,2.79974915719411,0.617888394940404,1.7577111803419,2.37465260346319,2.7927985521053,3.18564657505987,4.06224045983024,2.82236332142015,0.633848778230082,1.69158394485129,2.36694767880284,2.7587404283737,3.23061013245586,4.15820535626395,2.81357328408714,0.603567119255449,1.74309853654013,2.38560926655234,2.77897802088874,3.20501594684408,4.11970545089738
"K[23]",3.95696145810458,0.0241064618212716,0.95234029771928,2.10499095534907,3.31536535385245,3.92860285226102,4.57856275759593,5.91731074719991,1560.6926266812,0.99920378018235,3.98974459133895,0.962298404868993,2.11103879802361,3.34503341674215,3.94865073395601,4.60389600062905,6.04049855553034,3.99459548453278,0.965239626555415,2.12177499015703,3.31880530063289,3.97288565835537,4.64175075489032,6.04782412689482,3.91173518946693,0.906528518635239,2.04829290712231,3.37738800118624,3.86808293165168,4.51356044763901,5.65606379806162,3.93177056707964,0.973950544629747,2.12796981704505,3.23258846918837,3.89253405009229,4.58487508439608,5.96015778069433
"K[24]",2.75178327174991,0.0243449682284947,0.797769598224605,1.3535541129139,2.16891299191704,2.69130135352327,3.26958639830509,4.44088242686505,1073.83248971982,1.00001377598099,2.77261778601248,0.793089492145679,1.3689833533103,2.17432974120821,2.7407408443429,3.3285880787763,4.37240486407305,2.71386536989402,0.797744783238447,1.31970212695211,2.15742496873311,2.65770348433301,3.15559239261489,4.42291719881204,2.76006741051938,0.844448740444221,1.34662540704209,2.12428634554962,2.65115660557378,3.31728741294189,4.50789924781136,2.76058252057378,0.75436615716745,1.39717364036512,2.21502195418407,2.79884674805623,3.23769352277326,4.40286819622556
"K[25]",3.50667867583793,0.0200927515330732,0.764099055207105,2.03179716164531,2.9883565929794,3.48471958692855,4.01337245467535,4.97934440523701,1446.17382842328,1.00331827480874,3.55230117523791,0.754540029245949,2.1638837761664,3.02568036263321,3.52649407115633,4.03742531015294,4.95512977264982,3.4640558590474,0.722028570030542,2.08937499216026,2.97427959004491,3.45606499907865,3.92930106905859,4.84191316570794,3.44887931622766,0.785447143458834,1.71324827947913,2.95582959638941,3.43264814504167,3.990695130359,4.96706874520877,3.56147835283877,0.788069812820404,2.06351979773964,2.99664272311581,3.55617929009977,4.09724640381154,5.10126226420327
"K[26]",2.84366894576391,0.0180907633179943,0.728303646961738,1.49606775321975,2.32989146120234,2.83115309439856,3.3476682632345,4.34311503767864,1620.7319209222,1.00197445481272,2.81907330251568,0.724771625250442,1.47008274038768,2.30635771266403,2.79688243286713,3.36169538850799,4.13335392837283,2.85587612609529,0.694402934456531,1.75010498030266,2.34717271093293,2.85000795570366,3.31180188277912,4.40441667293554,2.8547510084537,0.769955616316277,1.44944684674368,2.30165814573125,2.848724422765,3.35661012721956,4.39152824397707,2.84497534599095,0.723666019896942,1.46878480162072,2.33451587186683,2.80526762965879,3.34319525220034,4.23553736011906
"K[27]",3.72355677473776,0.0303140896018799,1.10247188368582,1.71592521515803,2.91529799544533,3.70284748404797,4.46309725050949,5.99104041433348,1322.65319406469,0.99946123007376,3.77088731672234,1.0443309727745,1.8965685681476,3.02778042745609,3.70007830335575,4.4464829108371,5.96603289162511,3.76019488643622,1.14611999318161,1.69814056809816,2.89103265925391,3.74504170864266,4.5885616443458,6.12206415421397,3.65805112721997,1.1042542994978,1.57335183720762,2.84266582200096,3.67038912014909,4.35046724929867,6.02943541853235,3.7050937685725,1.11232084144505,1.69842089902152,2.86945631013478,3.69122807748822,4.46592040518817,5.8642374349274
"K[28]",3.69752477512482,0.02235327487917,0.874841463443517,2.05766641247277,3.08281665128087,3.67329137456619,4.2923473629651,5.41885295067091,1531.70947700247,1.0012641685769,3.73078902982767,0.85015775970013,2.09051991011333,3.16331065313466,3.68555731001093,4.31508300653288,5.44176899424156,3.73420275217859,0.949006658167263,2.00158031854295,3.03572231746739,3.74879726411032,4.38016897783953,5.59156909700768,3.6276560704447,0.81891086600217,1.90455315198903,3.07761127323813,3.61752193729073,4.14035468601068,5.19804506866083,3.69745124804833,0.874440764412652,2.11806539248421,3.05314336589017,3.63548665493543,4.27881661247576,5.42672388271512
"K[29]",2.69268108040701,0.02021021054737,0.731265355099091,1.30320141870741,2.17574175827747,2.65515517295496,3.15490472650581,4.22377465731597,1309.20700711172,0.999347953337224,2.73966600475716,0.787600380440887,1.29107350092156,2.19661212378503,2.67389142147401,3.25549530283216,4.2382531222727,2.68752407892917,0.713518418117155,1.30920359676709,2.19644074539823,2.67599609372697,3.12169145503389,4.25786515424857,2.65709376753088,0.690570006486901,1.42851348004287,2.15027301614824,2.62964113908305,3.09090590856346,4.11662752278259,2.68644047041082,0.729626276211408,1.29098250044074,2.17533583823667,2.63247964791287,3.13842074999173,4.22462549563148
"K[30]",2.50376468262516,0.0195997460211873,0.833206593721624,1.12356403698133,1.88953450822581,2.42300193318509,3.04021861669098,4.33232081872691,1807.19288854076,0.999100104163274,2.50410515696835,0.885447413642378,1.05976750222267,1.85406594240323,2.35791156655081,3.10511677651554,4.39867649052465,2.55754509219212,0.822359619243536,1.22066724116576,1.96442086217383,2.47758002226065,3.04525442593082,4.42078134407104,2.48187177326531,0.804615425624611,1.13745672132326,1.8890900702191,2.42532898937128,3.01297633207085,4.18138866019519,2.47153670807487,0.817917465669277,1.08458119380084,1.88177589050167,2.40845091920448,2.99433945137696,4.30997512637991
"N_b[1]",57.2618798163716,0.0454527852964174,1.39014111406187,55.2507988728023,56.3218826999785,57.0681726234344,57.9427160945064,60.8153600373849,935.398723813206,1.00071127861733,57.2956042601653,1.36265752879209,55.1476233240776,56.3578306991164,57.1518658025761,57.9793121623582,60.6886260035308,57.277866764177,1.42478906314574,55.2577337609945,56.3576577062076,57.0063457286334,57.8860421407332,61.2930178147954,57.2464018782372,1.44763806154314,55.2909649147557,56.2726783092656,57.0583631943744,57.8905279050235,61.0802609997702,57.2276463629068,1.32524037414121,55.2723707269342,56.2648440416051,57.0194930036825,58.0202376960522,60.1961035883879
"N_b[2]",56.1072901186305,0.0318055708733593,1.15623008396731,54.3628074457388,55.2907373206847,55.935656557447,56.6749905082594,58.835093134991,1321.54556039456,1.00270618217184,56.0880031525704,1.12511946603673,54.4056163547111,55.2685154946472,55.8931496724962,56.6995143526984,58.781569000049,56.1536625616059,1.251326273022,54.2812596437712,55.3207283202972,55.981074452205,56.7320964685769,59.3477154784582,56.0694945175691,1.08148526749459,54.3818272366319,55.2871955935653,55.9047450370737,56.5953359519093,58.6553409329999,56.1180002427764,1.16194402637281,54.3741443769521,55.3235264068972,55.935656557447,56.6604823599601,58.8209821016289
"N_b[3]",59.3098087588524,0.085340361619055,2.38415916821435,56.280609855156,57.6756323126378,58.8384351198762,60.3499414546915,65.5122603004922,780.479560574618,1.0016581844381,59.4071371953228,2.72265261949046,56.1259183113696,57.680530689573,58.8248941009556,60.268384067858,67.2705660078789,59.0673679932871,2.01547528981326,56.1776531143495,57.6361630856718,58.6689307931679,60.2144191324806,64.0036299042857,59.3772657671974,2.32085965236327,56.257050433374,57.7129045643681,58.9736957404655,60.4978685307853,65.5643455484125,59.3874640796024,2.41467944327614,56.4926850241646,57.6945346370888,58.8671052243032,60.497354802191,65.2722458396545
"N_b[4]",55.021142565366,0.030595768373601,1.10366390701855,53.3261422456364,54.2745045688537,54.8465718600967,55.6047755259541,57.5865606629838,1301.22066371189,0.999285964688611,55.0258207515798,1.10852998907595,53.416524008292,54.2543505809412,54.866303326036,55.5308608830873,57.443368397052,55.0327331549055,1.13317834816302,53.2765433861716,54.3514167207136,54.8352534355031,55.5815681925255,57.5754824731027,55.0187210351259,1.07033740110733,53.4510072128412,54.3002271537968,54.8658985182557,55.5838288127582,57.4402463056072,55.0072953198528,1.10485771255089,53.2532072733514,54.2588604044257,54.8121603357989,55.6652956626461,57.6468427056689
"N_b[5]",56.2281567325743,0.0629496696640371,1.83879911766205,53.7307177741686,54.9642163589642,55.8760815046881,57.0912975571241,60.8695400871717,853.260541645081,1.00486536479419,56.4489837173659,2.09144818311118,53.7487686410168,55.0608302539522,56.0360073810205,57.3358029822482,61.6181936055964,55.9881148526271,1.61044749373512,53.7260903615715,54.9093304501743,55.7049241636993,56.7623661037995,59.9723342911836,56.3594760512739,1.91220817002322,53.8560301576789,55.0985008962203,55.9676618799911,57.1379905564486,61.6865064962398,56.1160523090303,1.66863718189179,53.6417988982913,54.8259244817526,55.8686281957561,57.0821238239474,60.0926172342705
"N_b[6]",56.6492639574628,0.0720284182487492,2.14139195455571,53.9132048149486,55.2181455037695,56.2143216913234,57.5465647847636,62.1258154417046,883.862234492021,1.00168143376516,56.5095723853641,2.11584034818051,53.8543593018283,54.9795889102844,56.1382175003589,57.4227727144154,61.8952316224172,56.6116250040424,2.00799945133732,54.0208834777597,55.2887255850675,56.1745311917506,57.42449987936,61.3805073554001,56.6397063070013,2.12976816944296,53.9448903014739,55.2414609300269,56.1936751481183,57.4351930854679,61.9699883936362,56.8361521334432,2.29542823623604,53.9040265646017,55.2540285460159,56.3776571609181,57.8641028196891,62.6180547262501
"N_b[7]",59.0888197091874,0.0878317561659166,2.6553009574916,55.2479695013746,57.1969318215553,58.6613169811115,60.4769867345228,65.2706599302003,913.954070324044,1.00235856843718,59.0761092920526,2.65866968453428,55.3827527654853,57.142757734738,58.5975210369167,60.4281633760687,65.2407284373943,59.0682234373375,2.73902354938878,55.0339825726009,57.1537735988129,58.5202425560067,60.6841421112054,65.5663027031173,59.3623163957988,2.8969896277206,55.3922925052547,57.3973435741155,58.9800261350246,60.6497746880541,66.6214640079181,58.8486297115607,2.26896753941232,55.3707636024481,57.1802420282898,58.5627715471796,60.0937665340162,63.9934545055435
"N_b[8]",56.3212456917942,0.0717571854665419,2.04226206145827,53.4948988947249,54.8769058509135,55.9005297811715,57.3913246202155,61.3207531664731,810.013295183909,1.00553229357458,56.107158522994,1.77882255238975,53.5702468719366,54.8724444994048,55.7002057210964,57.2138700141999,60.3868649265658,56.6259384094398,2.31350452341182,53.6138057643131,54.8732556761236,56.0889030451743,57.7397583734796,62.0724977014136,56.328232945168,1.97892378625783,53.5185500251119,54.9697599774959,55.8920974343643,57.3967807256468,61.3086359113131,56.2236528895749,2.0315558164055,53.3759103853977,54.8317493207567,55.8678112888728,57.3046556691571,61.3012281510116
"N_b[9]",60.5397685385065,0.0904229275805443,3.16490527375221,56.0039834107739,58.1968892548658,59.9092156752357,62.3734658773738,68.2361218529033,1225.07958940729,0.998986432648397,60.5569073588918,3.29517311444058,55.966377288006,57.9888889021573,59.9505805123573,62.5212076881149,68.3075857506537,60.5849448166144,3.26950294033437,56.0264086189799,58.311320855007,59.7269263993556,62.5650219198718,68.3544558601643,60.513685012445,3.00384132858028,56.0885086086336,58.288397241107,59.9566440978145,62.249155481827,67.9741721965841,60.5035369660746,3.0905512965407,56.0426502641832,58.2207088858962,59.9413509585929,62.28573684671,67.4706346399101
"N_b[10]",58.1645157478107,0.0690178996626501,2.25537926629701,55.0160833034987,56.6268380424728,57.7283148040761,59.2828368210176,63.7711077199497,1067.86337036701,1.00153962375983,58.1450980315967,2.21796229218004,55.0595515777138,56.5838844384178,57.6923325482869,59.4551873149759,63.4603324772467,58.4022405006717,2.41569803426864,54.9517762366715,56.8670053680475,57.936812601615,59.372402806454,64.7880557998777,58.0488179137083,2.25555091680849,54.997727610295,56.6293568782805,57.5709156634822,59.0189676259314,64.1663888681923,58.0619065452659,2.11047240666009,55.08141964599,56.5727116477099,57.6357549880836,59.1319410011591,63.5760395283334
"N_b[11]",59.5926538939604,0.0694356720246914,2.54150770319154,55.9428351230884,57.7026759248444,59.2019870492679,60.9524055392933,65.8919932586971,1339.73090087767,0.999358491412679,59.602777393806,2.5234525401806,55.7322895545924,57.8265607461864,59.2168528148962,61.0804481866266,65.1152316620798,59.5195498321922,2.31189710422684,56.2459472645098,57.7669836049341,59.2430549181599,60.7324371863839,64.7822392936479,59.465593483716,2.41297836688488,56.1951834505663,57.6155752131505,59.083266478234,60.8087289606096,65.4221981854869,59.7826948661272,2.87800470148054,55.8532278587764,57.69596818975,59.3222830370699,61.2121158214377,66.9063649711842
"N_b[12]",57.9067533484514,0.0675494393960924,2.01919131821533,55.0778178758892,56.5499246967507,57.5944869444286,58.8036695826225,62.8720975796541,893.534740215745,0.999102712661652,57.9364089830759,2.10139384429373,54.9614191656786,56.492458344176,57.6350163282947,58.970885348666,63.2146360799369,57.9581823665442,1.91999445426592,55.1507629182478,56.6191161041395,57.6760950945323,58.9321985744703,62.3885648867114,57.8405110487095,2.16593785827378,55.2030394987776,56.4775115423151,57.3454954300733,58.6544394229683,62.6305900798101,57.8919109954762,1.87919544163043,55.0977790593671,56.6199580845524,57.668853445836,58.7681648082614,62.9278575834669
"N_b[13]",56.7396956660085,0.0473845786602801,1.5721921910562,54.4034066263134,55.6437852003495,56.5049175491407,57.5386101782704,60.338205777738,1100.87300708735,0.998967381066055,56.7996902361666,1.6295928370603,54.3912099034571,55.5913256710515,56.5727067983655,57.7448812099513,60.3343699803248,56.7424615889237,1.5744942239625,54.4174455535147,55.6832886871344,56.4578892994057,57.5666255442095,60.2996505015063,56.6865077669769,1.49713387495765,54.3874257916185,55.6916680637365,56.4722478373237,57.3794681802454,60.1921133821096,56.730123071967,1.58728012977528,54.6084383310654,55.6352636218921,56.5197775192362,57.4753747691276,60.6396962011323
"N_b[14]",55.9114772777483,0.0412595348583911,1.47055791402392,53.861350482375,54.8590340406298,55.6480921257285,56.6294151875834,59.5200941989319,1270.32723793967,1.00333394842412,55.7755260404105,1.37354029248022,53.8266201052958,54.8338848239956,55.582802482281,56.3468267919194,59.1710546703329,55.8862971385247,1.32624621116714,54.0138973373623,54.8837901733694,55.7468685371611,56.5652065052613,59.2425595333135,55.9547297997628,1.6272606905659,53.7926328224301,54.8047223988315,55.6377017924914,56.7371865973558,59.9053921200068,56.0293561322952,1.52796968820081,53.9196075248124,54.9527101139506,55.7120769387773,56.8298243352467,59.4644890426761
"N_b[15]",59.4439180736158,0.0951478839195213,2.79742164818851,55.5287177331658,57.5314308698834,58.9381490584729,60.8211861635792,66.6107443101134,864.405645591754,1.00276805309249,59.5947418948516,2.74229887353029,55.539329802871,57.6499595556131,59.187929792646,61.0266014309738,66.6063894739507,59.6015283909475,3.1886827893805,55.2007573984536,57.4592687871731,58.9389412404193,61.0054572293881,67.3715181342283,59.1765973913303,2.61674567807912,55.6662874035495,57.4760269034797,58.7140217168661,60.2139044363151,65.8307771269216,59.402804617334,2.58709848341912,55.7663667414012,57.6110556317257,58.9105054592258,60.7076503269449,65.8682554128838
"N_b[16]",59.0875961358625,0.0663897989095659,2.47704305899332,55.6576075872239,57.284068741534,58.6146225362813,60.3757073421853,64.8059809370704,1392.08067880746,0.999035978306682,59.0106838030687,2.39130084869229,55.7851548808354,57.3076048749209,58.5305704764071,60.0876919821062,64.6229192820801,59.1414953678672,2.47287064426919,55.6589203365055,57.2559449513955,58.6127035008077,60.5068318066545,65.454309552143,59.0512460609439,2.35122453141383,55.7243042113799,57.379143319408,58.6459126966014,60.2516064334272,64.3844912980085,59.1469593115702,2.68411966760509,55.4611757828591,57.2232060148754,58.6200606705394,60.6344155448413,64.7940767596756
"N_b[17]",58.4896544610432,0.0825360217557791,2.27799487330203,55.5922502667183,56.9912512226182,58.0023418773045,59.4582010925999,64.2613827778784,761.760449996406,1.0013136180327,58.6833789186704,2.71544022823947,55.6129639575605,57.072883920837,58.0736451304595,59.6353004459275,65.3790408963144,58.4450134339299,2.20315474989463,55.5958753527381,56.9556024323692,57.9450422742485,59.4545858778157,63.6655265113614,58.2874123948943,2.02532543135443,55.7609179339782,56.9342252785055,57.7848573856806,59.0802534697209,64.3913009062353,58.5428130966781,2.09173957012994,55.553692817093,57.004919591952,58.2002216586603,59.6711342413326,63.7005164289496
"N_b[18]",56.6634950054031,0.0717049870905004,2.1198683075456,53.9487523172882,55.1889255924898,56.2553141940553,57.6346321212935,61.7683937628005,874.015310309625,1.00125039576196,56.7666322486821,2.44008967855717,53.764252925369,55.0829624031707,56.2692507949983,57.7278666608578,62.3047507989901,56.6571215526678,2.0857041123072,54.018539445688,55.2313953662548,56.1868625804566,57.5078529602267,61.7653057817792,56.4776743358258,1.95884349342741,53.9195691616244,55.1542699458097,56.106006065766,57.4017474712495,61.4600879314394,56.7525518844368,1.95137686868129,54.0354998331388,55.3193338524311,56.3777160136822,57.7520842696263,61.4099467589402
"N_b[19]",56.521126582286,0.0458941202664875,1.66414077393905,54.2018106192083,55.393804333235,56.2094433863648,57.2927047643735,60.5362748255342,1314.81916082241,1.00163853468027,56.532457330783,1.77790320207346,54.175400733346,55.4281685581044,56.1680883902872,57.2333007832818,60.7210189824956,56.5202163436002,1.6334198642895,54.2757837056964,55.4177074806354,56.1375447375605,57.2637160561959,60.4555330120214,56.4953718614582,1.55733602432026,54.362725390311,55.3799216769569,56.237285209526,57.2125694213213,60.220331335425,56.5364607933026,1.68486856723701,54.0398627556582,55.3662399541075,56.3158589819775,57.386043238566,60.3429957277362
"N_b[20]",58.0055954412504,0.0644125141938745,2.36744276113467,54.6569006673974,56.3649614122254,57.5595003453626,59.1213092664444,63.7374797636196,1350.88529105878,0.999415851076563,57.8843514553971,2.41062948595022,54.5373791823052,56.3126269069597,57.4425226097856,59.0756628541424,63.781373843317,57.9794489057239,2.29287491039131,54.4442879042265,56.4138200208522,57.441932138477,59.0095409269195,63.6149032183374,58.0192684896426,2.29606342331945,54.6731862417411,56.2923723806197,57.6164007058141,59.2882752489312,63.0515245333995,58.1393129142378,2.46556318089264,54.8252248111583,56.3919680211192,57.7282314802933,59.1669099586727,64.366509190437
"N_b[21]",59.0985293310313,0.0986538296080548,2.45429519675914,56.0071784742349,57.4434225454052,58.5723885685176,60.1373087511197,65.4228375609223,618.907431639642,1.00232882078842,59.4011284926425,2.81961780480309,55.9414950154852,57.4982861591419,58.7395056652525,60.4005366440027,66.862542713577,59.0889610959507,2.49165764124252,56.1098356393518,57.4670286266266,58.6153153466431,60.0084138425135,65.0811341642303,58.999063855724,2.31816020151924,56.0182451297778,57.4376961997533,58.4180799496417,60.0978297818696,65.0583365599684,58.9049638798078,2.11156506389847,55.9998778443606,57.351123860435,58.4757303735127,60.0861345278587,64.5498581367699
"N_b[22]",58.35357910013,0.0419128551359748,1.60581116799023,55.8864842070931,57.2222802010882,58.1546865683526,59.2791453299111,62.0327689089087,1467.89318896001,0.999369925193582,58.4004506624028,1.64483108295413,55.7901238765282,57.1927514625971,58.237185837358,59.3312537390588,62.3263550405906,58.3391034248776,1.63884832363326,55.8850105212661,57.2241029231113,58.0492036671501,59.1772632692226,61.9023833002675,58.3685208228067,1.60029629188766,55.8963922806902,57.2702395309991,58.176683654283,59.2030937928185,62.0938022435218,58.3062414904328,1.54042173342914,55.9341690546592,57.2138107999762,58.1039461762626,59.2877625612888,61.7786832677621
"N_b[23]",56.025921905547,0.0351593018543609,1.19844197238488,54.2783526790197,55.2160441812361,55.8373683097631,56.6143320445637,58.917934836027,1161.85929207772,1.00055224423983,55.9617763744329,1.09957045141959,54.3059461471099,55.1594380333667,55.8161477413564,56.5464443383159,58.4426999174185,55.9913284343495,1.14870951663516,54.3227774474145,55.2191592229217,55.7732615521629,56.5828910505047,58.7149699314582,56.0511591981583,1.344977004988,54.2672128492708,55.2356880786898,55.8662843194753,56.567048204268,58.8858426853648,56.0994236152471,1.18522659919426,54.2767836619207,55.2585622553711,55.9121910396918,56.7687457087413,59.0595942382394
"N_b[24]",57.980812874317,0.0720268201621719,2.13373459114434,55.088791905162,56.3883777181888,57.598365014087,59.0991193454966,63.4456625458917,877.591305141595,1.00039560444397,57.8859441940804,2.02676204556009,55.1111184281964,56.3722479618032,57.5033809480121,58.9335909093623,63.1206536389343,58.0303675451257,2.27067889390418,55.011622507637,56.3768964025379,57.6168302326002,59.0974155299383,63.3735263713745,58.0364186299864,2.17758546546813,55.0193991570996,56.3041366049335,57.7409201626043,59.3269141510863,63.7096496496081,57.9705211280754,2.053863773231,55.2825345398614,56.4663560367957,57.5761931382209,58.8876340063403,63.7087129730581
"N_b[25]",56.2020231824664,0.0422426916394753,1.36074547019573,54.2079108268686,55.2900248019724,56.0071315195131,56.8482799846185,59.5694558723474,1037.64937435747,1.0053201394586,56.0425932765558,1.17533824692525,54.2530366648797,55.2359074812826,55.8245959996681,56.6645595732303,58.9563313528205,56.2158409330779,1.38412035491437,54.2069204600661,55.3141226849997,56.0079285867098,56.9117388281299,59.1207550768326,56.3441341330456,1.44071098880743,54.1586512605148,55.3748650466796,56.1802735936985,57.0661912357941,60.112886317453,56.2055243871863,1.41381725996629,54.2627804513301,55.2523969404362,56.0002774581919,56.7505324552086,59.9993255023194
"N_b[26]",56.9071916345602,0.0601305526031794,1.93082282040749,54.2204766681731,55.617754188298,56.568692418332,57.8279400884804,61.6270975757112,1031.08496966273,1.00152647898239,57.0265777739924,2.00937178994366,54.1704352524032,55.6795702886906,56.6142118459057,57.9533791301165,62.4211840317716,56.7362388561397,1.70513101827059,54.2534474793921,55.4616658314261,56.5094608828845,57.7598132006159,60.4198880243503,56.9685194815706,2.13323659268111,54.1606956943363,55.6183533568745,56.5317884171456,57.8729520413509,62.1540616404179,56.8974304265381,1.84161506708257,54.2967527945225,55.6941983835799,56.6004975968708,57.7503859113908,61.9793035684594
"N_b[27]",55.9799804108148,0.0600384937703282,1.7438950852583,53.7503920104059,54.8408913106218,55.5719039911867,56.6505961421872,60.5908223716383,843.686560287957,1.00028591119553,55.8456207200689,1.56421381081782,53.7290293711367,54.8408913106218,55.4820444547006,56.4875466563193,59.9336436263214,55.9783999619978,1.79766919090235,53.664024196499,54.7688762203828,55.5825512845707,56.6502194847235,60.3509486441887,56.0456906732205,1.82948177211147,53.8145085693548,54.8716277016563,55.5799674466862,56.7538216124964,60.8979026642642,56.0502102879719,1.76924309313159,53.763075848391,54.9003221956103,55.6494268521933,56.787817747997,60.9921060924328
"N_b[28]",56.5329971124399,0.0339299503068116,1.2070462831844,54.7194835573646,55.6947175709416,56.363933614912,57.1433776817755,59.4819968292284,1265.55609273822,1.00055755665476,56.484409680241,1.19214992629119,54.7170218929124,55.6712639113655,56.2961185376574,57.0563709306402,59.5604726157797,56.5679030435293,1.21027814898264,54.7499617495558,55.7128326191902,56.4090154423581,57.10777200318,59.4208529962335,56.543986791727,1.23832566756086,54.7247589696099,55.69682267051,56.354533134245,57.1464173531253,59.6367534048198,56.5356889342625,1.18888287378131,54.7211425936898,55.6906725025478,56.3464598768216,57.3068276237146,59.2965822533202
"N_b[29]",57.9154019094077,0.0680818895773968,2.19291139673693,54.9153533332426,56.4592989892038,57.4849821942511,58.9333148351867,63.6291895584043,1037.47817051358,0.998366834613449,57.8782329070712,2.35212260886017,54.5982898909463,56.240356899366,57.425587025498,58.9489061294418,63.5939771030647,57.9351719731778,2.2268209420067,54.9888297852224,56.5386614370089,57.4530647920525,58.8703865492124,64.4245167717965,57.9251306128344,2.04287719144401,54.9108419062544,56.5763323378284,57.5495691549611,58.9965261668604,63.1957475522903,57.9230721445474,2.14426288875711,55.0792891773513,56.4729165590206,57.4366589100079,58.8649051518669,63.1857303551419
"N_b[30]",58.7934670147486,0.0665259511653623,2.41950712624354,55.464957608605,57.1020424134872,58.3474163938422,59.9634629738351,65.0155074250838,1322.7312859957,1.00081378960182,58.9355995085824,2.64997536967553,55.3341385653905,57.0254219352383,58.4177156924407,60.1503421976067,65.5114421491191,58.6169123008186,2.21065946228486,55.5638841193863,57.033980036592,58.15478903745,59.6024448021439,64.8798158846705,58.7663727398813,2.31312314699414,55.3529863219889,57.1804933043894,58.3844561182956,59.949755400164,63.9379233052235,58.8549835097122,2.47695910402243,55.5295631538642,57.1981341451573,58.3478329057298,60.0796031575301,65.1184292345194
"U[1]",3.63006708438838,0.00814975132630645,0.412885967229684,2.8414026588636,3.35241478592973,3.6236336940374,3.90948391327386,4.4508004070693,2566.67884382936,0.999730636140252,3.60849810589076,0.377111557270722,2.86397178370442,3.33445096161124,3.62382756174079,3.88232277609165,4.30747910574783,3.61443659133514,0.416830083168274,2.84860544578223,3.34628379333367,3.60751747448347,3.90487513492008,4.42223933497272,3.66459078192763,0.40097598588649,2.90848309309447,3.42923139776784,3.6364806449654,3.91737952720024,4.52359459003927,3.63274285839998,0.45196194191468,2.71727682415568,3.33380721283443,3.6217003644688,3.93740782145404,4.53553034585381
"U[2]",3.0672546737832,0.00754398112254953,0.398032151446553,2.25734399197515,2.80126906929274,3.07236619724796,3.33743653488366,3.83543424513459,2783.78135772892,0.9987762547273,3.04973919828048,0.406641729985452,2.18879425314668,2.79198170455167,3.05340761682611,3.33270302920118,3.86954210292491,3.06435590854891,0.392771514401464,2.34262960953907,2.78849742142021,3.05366759909573,3.33326062239063,3.82134038478213,3.07328096023225,0.402016617510636,2.26195929196505,2.80722379839003,3.09584567583808,3.33567798178957,3.8725449474388,3.08164262807118,0.390981960780953,2.26604869251954,2.83769742585204,3.08788628238609,3.3480707927927,3.76346251206097
"U[3]",3.36323801370103,0.00697987042570945,0.404615483499817,2.57775057303789,3.08973779673982,3.35936851605089,3.63740545120064,4.16658486452705,3360.39457609021,0.999314885146567,3.35295717120056,0.396117898392714,2.58624152366536,3.08824525982658,3.35213682997023,3.6092253075971,4.10542008579081,3.37007207048553,0.450619945411531,2.49763106156936,3.08251649316429,3.36647748243834,3.69065429400453,4.22520883380947,3.34950767298654,0.407575510099878,2.55660300190068,3.03928098412539,3.33081048406011,3.62615134615843,4.14412436789317,3.38041514013148,0.359327478829928,2.68505526643044,3.13778412137822,3.37983608251008,3.63223356337433,4.06552271876611
"U[4]",2.86455932245855,0.00676669103800067,0.393035907666222,2.09037664025326,2.59991081329831,2.86175439061795,3.12827032721532,3.61719153754881,3373.74119174844,0.999151778606667,2.86168634615621,0.39964087197418,2.0713268850273,2.60775444960205,2.86870158535913,3.1364981934216,3.59027284625109,2.85872472132296,0.400126463043387,2.0575161141297,2.61106601186533,2.84381848974507,3.11490335710689,3.68638043082158,2.87427970041562,0.379800034983452,2.14437146945459,2.61291929106094,2.87536557477365,3.12615582555213,3.61092660918748,2.86354652193942,0.393239692620587,2.11422216159933,2.5602085133705,2.87457247190141,3.1377490890889,3.59569895789931
"U[5]",2.66882727165502,0.00744082432779768,0.399076050710222,1.86443395757175,2.39341692498133,2.67603451944155,2.93265984976181,3.41006933755168,2876.53212726115,1.00014134659848,2.66663126383484,0.420397067567185,1.82545403041751,2.379060455778,2.68796813931898,2.95654623909708,3.42364928405792,2.65724770919369,0.38716818939121,1.86280475332478,2.40949557672787,2.65185773177775,2.91885770475259,3.39281186649797,2.66509730109335,0.398370385948228,1.87718234603261,2.36551880908611,2.6646088545753,2.92449230814652,3.40824779966969,2.68633281249818,0.390143833364498,1.90849395532134,2.43438878617833,2.68421120657678,2.94117655541088,3.41195211274344
"U[6]",2.17481906316908,0.00754204688860044,0.386128172836001,1.44284387732112,1.91796281737998,2.16800185737771,2.42624662277373,2.96304679809562,2621.10563288239,1.00009531933303,2.15712135565017,0.386799719808343,1.38023692374708,1.90329412547991,2.16057329606235,2.41065398147935,2.97013778306074,2.18345347852403,0.37088521987667,1.50344223782649,1.92508717583293,2.17782639921773,2.43505187287292,2.89383492711749,2.18253698263333,0.406124692761458,1.46191878798988,1.89111949890693,2.17396944061674,2.43696814739093,3.01087613479833,2.17616443586879,0.380419573560901,1.42516106996611,1.93761390513291,2.16807312488535,2.41645884778287,2.94555011516429
"U[7]",2.88796456416134,0.00705679559453653,0.388362129589307,2.09679018584743,2.62947793943715,2.88748618041468,3.14679218876891,3.66234415113293,3028.71683712581,0.999789414901427,2.87098531668757,0.388494350837465,2.13151046146422,2.59143155732918,2.88895624275443,3.12720174046215,3.60522622452519,2.90565923420067,0.380711832526851,2.13632949148312,2.64331701595395,2.90268864472331,3.16359654823771,3.64524974633179,2.89537444542716,0.396621765312442,2.07452172816754,2.64288405294561,2.88278272195478,3.15828493390936,3.70001437970255,2.87983926032994,0.387692382918253,2.09350996913492,2.6280499625672,2.86693624168397,3.15431504274397,3.67151291689535
"U[8]",2.40811848856002,0.00776783767396517,0.386788698180862,1.64121400092113,2.14043502055593,2.4165909275026,2.66852228982708,3.181869756278,2479.40383401224,1.00069603364636,2.41141871417959,0.377323116857506,1.66243479922942,2.16443407783192,2.41527924070289,2.66225455819542,3.1823324420368,2.40918431933434,0.398414896428344,1.60419343915666,2.12932361602263,2.41991509328425,2.68577355878201,3.13912650293946,2.38876388147506,0.379683935018831,1.62027618761891,2.15042878327372,2.39936660580423,2.66344843611606,3.15416012062262,2.4231070392511,0.391716549706172,1.74683997024494,2.11929637643106,2.42426086529728,2.68842375002099,3.20391915530462
"U[9]",2.79134236791384,0.00731926863303064,0.384355329017494,2.05776007475362,2.5268463797625,2.78958528212104,3.06122752765323,3.54526962453015,2757.59472553751,0.999189782692412,2.80533361391346,0.374291089148922,2.1039235435868,2.55151100886971,2.80075205968676,3.08113573825368,3.50527835362353,2.80400912334409,0.379662618753088,2.05696698298944,2.54956951610061,2.79241770853006,3.05579333914545,3.59046138754238,2.7659978073297,0.406498187778988,2.00271510192704,2.4949088068834,2.77737607722144,3.04986134954656,3.56159322078287,2.79002892706813,0.375930376448543,2.08702499516727,2.52069870547985,2.78407994567106,3.05180890632596,3.5060909839746
"U[10]",2.2853075881703,0.0073183547674057,0.386896465350204,1.52746432493997,2.02047884405213,2.27891871843903,2.5401403175091,3.09056303352216,2794.87640161324,0.998935104253774,2.27225138883493,0.385156182145443,1.50541324776385,2.01159503095452,2.27464314513672,2.52829531715427,3.01430781612042,2.29768585144515,0.378267723095647,1.61366516776144,2.03011732543712,2.28471502378207,2.55452369515319,3.07293124145505,2.27250861103389,0.393005257608992,1.52690809473069,2.01896499489504,2.25420814640165,2.52886028009014,3.1332400511275,2.29878450136725,0.391280050022007,1.51712705007947,2.02488658720983,2.29619851154233,2.55864626339468,3.10743937756923
"U[11]",3.27809893115728,0.00689485067851514,0.379726086599837,2.55315206363026,3.01670961967264,3.26252080154487,3.53213219551296,4.03346199858791,3033.13078394202,0.998195876942272,3.27590409862603,0.355268687951527,2.66071666275231,3.02595795186746,3.25888772557849,3.52443322093985,3.99418266639227,3.28607737417188,0.377464030964462,2.6051967950971,3.02279482467272,3.25952333507181,3.53696065291457,4.03140521720253,3.27329043463511,0.372806531963925,2.55876471364414,3.02429465097303,3.26626335987569,3.50112771531933,4.01061012908097,3.2771238171961,0.412143315094419,2.53665619532508,2.97808398915232,3.26050518156473,3.55035940714473,4.09906918374463
"U[12]",3.24281826009031,0.00699003976714426,0.401419632444136,2.47432303359948,2.9769815811443,3.24127233827768,3.50457173417732,4.05430020906022,3297.90335784319,1.00034358697736,3.24851427452774,0.407214258268856,2.47434570045056,2.9780310374697,3.23221369480141,3.51463395421282,4.07660610745094,3.21808318047749,0.401024512495883,2.46769987681038,2.94402323157208,3.2209877110886,3.46149988333254,4.00524327529346,3.25410188635724,0.404045253909641,2.48061465685368,2.99121420683883,3.25680379385292,3.52325894188831,4.07590326204466,3.25057369899878,0.393433053430282,2.50101567169773,2.97293328789549,3.25592124974087,3.5074086879098,4.018345064422
"U[13]",3.44188610013168,0.00766312121537815,0.40580346290298,2.65448109648052,3.17477467136802,3.43626221099777,3.70729372061021,4.27353631976153,2804.27181425649,0.998455052932515,3.43225225373061,0.381658396317097,2.6890391851318,3.18629753281162,3.43974752601364,3.69090091270095,4.18760911908223,3.44033315073597,0.414964851364935,2.65731827449241,3.17575539446372,3.42617332407446,3.7005831832223,4.29911100049601,3.44639974180605,0.41012897178086,2.60899797180249,3.18084736635491,3.42176966476371,3.71731072341488,4.30970950225591,3.44855925425408,0.416498091789996,2.63068673911205,3.15813330493125,3.44215577579016,3.72371842549762,4.27141695234312
"U[14]",3.01007337796112,0.00902265325626151,0.388947603486517,2.26114208101367,2.74530260856749,3.0091448390254,3.25707575039803,3.80212261457151,1858.29074791887,0.999119899674596,2.99747453336706,0.399994700420533,2.237573335541,2.72244548752187,3.00619108013784,3.26290597102664,3.81858923027386,3.01112440450929,0.389637764141503,2.28580920471141,2.74494974175234,3.01727402179251,3.23270216813591,3.83225406487846,2.99942127097442,0.366918845704352,2.26491431285109,2.75945021843621,2.98087913268929,3.23031221999646,3.72595161022826,3.03227330299369,0.398522259820957,2.31667693600043,2.74450229528252,3.04040247841779,3.28392674478264,3.80361020192539
"U[15]",3.03339575731024,0.00629620928540775,0.369164556575124,2.28708492074956,2.79084180292162,3.04061670753634,3.27794365226601,3.72195518575274,3437.80852843741,0.998192094195082,3.0320343030879,0.373723210174699,2.24546874355915,2.793736191222,3.02721426169939,3.2868948379903,3.72276772778162,3.02991508007297,0.386254474703871,2.24710039811779,2.77669420358214,3.04252279945987,3.26669841512172,3.76916368097854,3.02849826554156,0.345137724439976,2.35006581322796,2.80570074208882,3.04207587061341,3.26054524091321,3.6688206411488,3.04313538053854,0.371260725647919,2.32181810105804,2.78213274032579,3.05104575648312,3.30220397842637,3.79015607530852
"U[16]",2.7928870452712,0.00723011148671234,0.37257574631275,2.05295109127536,2.54378741341027,2.79770407224086,3.0486515925211,3.50592258411718,2655.45638087703,0.999520828993148,2.80625377343516,0.37616855908578,2.10158393238309,2.55196009401426,2.8097932023901,3.04985345707428,3.56724267505152,2.78459933703014,0.367276364201043,2.01330948419163,2.53306309537993,2.79483099203336,3.04481269575196,3.48335573047556,2.79616954581714,0.355444489198535,2.09830633663632,2.54696004182942,2.8026175229643,3.05037448182275,3.46006944635528,2.78452552480238,0.391179104702994,2.01600189258764,2.55001157634016,2.78396652765762,3.04183598092751,3.4997666824998
"U[17]",2.99959936024693,0.00637134592314165,0.367322095622238,2.28442703397154,2.74902431004884,3.00425890509941,3.2517747941485,3.70869849212521,3323.77591495361,0.999510061888956,3.0033261391661,0.348301077506754,2.33159836661122,2.76161707624225,3.00902719787925,3.22916475939441,3.69931514384325,2.98804150111708,0.370734519749614,2.20397223025421,2.7150836855895,2.98660063275616,3.24304890825499,3.72622214612836,2.98934103478759,0.352918842297469,2.31790472547708,2.75149157533338,3.00434656728568,3.23285958279387,3.63770581699783,3.01768876591695,0.395755902317758,2.27993494349061,2.74821613108666,3.02193386419558,3.27899813722962,3.76314777076048
"U[18]",2.62953247505732,0.00721051709858291,0.387287024766662,1.88959522967451,2.34702994127191,2.63512328720068,2.89726254622342,3.35630530525695,2884.91533435052,0.998550096217961,2.64064020840376,0.413787337154317,1.85778220021957,2.32501693756685,2.63500630448603,2.94218988659712,3.37755139789004,2.62435184629779,0.384839064035201,1.93050109384201,2.34415725357974,2.63803721201769,2.91145628486241,3.32373464785142,2.63177229160382,0.38459964055516,1.88235259011978,2.36702325035433,2.62608878618459,2.86883824937138,3.40813598692269,2.62136555392389,0.365248380205508,1.89276225912537,2.34622385366226,2.64203123491364,2.87389609967677,3.30334345435474
"U[19]",3.18503554566404,0.00667069139118043,0.398950087054846,2.37803669664523,2.91933097183939,3.19084974896367,3.45064051948623,3.97621506520784,3576.80636742592,0.999501278020242,3.18335821327977,0.423704383727346,2.36197826018618,2.87906938952599,3.17562059568856,3.46986083033553,3.99726761582617,3.18621226810502,0.381213641998734,2.40955881825019,2.9307510428278,3.18778131683017,3.44690286464684,3.9284510096227,3.20756300851975,0.378362951423239,2.45768197461944,2.96231649936002,3.2047724019867,3.45366923211382,3.99158122753881,3.16300869275162,0.410603136022224,2.34953335971434,2.88864882914585,3.18890484916495,3.43313960447403,3.99957214238275
"U[20]",3.10988958365838,0.0064544076374583,0.387670744864152,2.34624870270352,2.85703385332829,3.11939626314457,3.37291906006219,3.86289949524375,3607.55762129171,0.998930391715433,3.11498446621663,0.381830053112772,2.36836191590391,2.85655314297219,3.12536783281827,3.3731635035778,3.85346094970083,3.10462005896131,0.368585430603774,2.34067686518269,2.86472956494589,3.11461909628532,3.33364737536606,3.85064477595348,3.11697837437345,0.408322141942376,2.39741740533693,2.83631696554384,3.11489887502628,3.42477514030664,3.87446473452806,3.10297543508215,0.39182840300373,2.30954538510102,2.86170085319318,3.11952375112349,3.34979089919141,3.85498072161626
"U[21]",2.94628073285707,0.00807155728351364,0.417148515859933,2.14523034236638,2.65069493238323,2.94128198064678,3.23524254527285,3.77513571989526,2670.9560323777,1.00064583301815,2.92166975552325,0.429227718020024,2.06911632244163,2.62305448424987,2.91142380229117,3.22141264828929,3.78312895345414,2.97700812807792,0.415855161613925,2.22496622441349,2.6618620419451,2.96311481944224,3.26245931813339,3.8047891427262,2.93683257122026,0.416223555027133,2.16478359486605,2.65269660039946,2.95504789269199,3.22734293111255,3.76488451178883,2.94961247660683,0.406239044493049,2.16593931899078,2.66438815206206,2.93144097132154,3.23069092546458,3.75721812650415
"U[22]",3.36511860628408,0.00646831357535922,0.383307110549115,2.61729477408093,3.09921097039989,3.37122887289728,3.63099504322767,4.1013224494474,3511.65320101351,0.998926187694769,3.37763108764272,0.406247661307369,2.60901716220926,3.08851202719406,3.39424408757025,3.65630542910919,4.1434667631965,3.35998373207005,0.367669330448166,2.62608073071139,3.10779300546456,3.35239495508333,3.59724434249773,4.08435835869326,3.35675349739311,0.380182881915302,2.65747596932534,3.073712674634,3.36993460045335,3.64287974998091,4.04424091380992,3.36610610803042,0.378905484236406,2.56685261787614,3.11067271282662,3.37457790052712,3.60718321744971,4.05009933296526
"U[23]",3.04691360699287,0.00770662662692465,0.401808326725915,2.26237990109764,2.79456973819092,3.05087352337021,3.29958362850246,3.81985982203607,2718.374124281,0.99894826532397,3.03720651908177,0.422223441087963,2.23698760486754,2.75980876426386,3.03121304521706,3.31658449474194,3.84014175731509,3.07113521957031,0.418702895608728,2.25759266579572,2.80422055818434,3.07733245696285,3.34184569768792,3.86807591555288,3.0346501978709,0.382920292775043,2.28632136047146,2.80588167659818,3.03948045072866,3.28084335903179,3.78253522825297,3.04466249144852,0.381732390644753,2.26277382383566,2.81575652367491,3.05658622407027,3.2818120793898,3.75289819618336
"U[24]",2.94940671911127,0.00702471082229307,0.387456074028506,2.19755789143104,2.69024784828237,2.93798414003845,3.21627685051594,3.72031971421643,3042.2019853234,0.999236672186229,2.94260001641663,0.385300029349402,2.21467031697242,2.68506553900111,2.93101347470306,3.21975487352557,3.65755670189974,2.92776239560949,0.391678229306144,2.15079612513441,2.68765138120012,2.92137054719363,3.20360066662443,3.71958687127457,2.96423947129496,0.398914231739358,2.16565390586943,2.68449715955555,2.96950379867474,3.2279308497516,3.73773672092957,2.96302499312399,0.37345514217841,2.2810856578276,2.70200610525321,2.95541028672842,3.21569377074957,3.73762607981219
"U[25]",3.27684561974314,0.00741517966502591,0.400018460599583,2.44765143412924,3.0233597310634,3.28186067366616,3.54082056590657,4.05234084534255,2910.1589614623,0.999985997802493,3.27787047770418,0.39940992808561,2.42221472297258,3.0424634882734,3.28875848297897,3.5161927240767,4.08873220801365,3.25291979518945,0.40231503464646,2.439754621271,2.99407120224221,3.24636099902083,3.53095702399534,3.98913444112064,3.29033776890807,0.398280689077265,2.49298140362715,3.02682149936549,3.29727433058479,3.54448275823875,4.03761631750502,3.28625443717087,0.40020263869901,2.51667159005552,3.02677917727841,3.280022601183,3.55686881346983,4.07672155075042
"U[26]",3.13651513985789,0.0072169759430638,0.386755349991169,2.35960622938222,2.88604833234771,3.14126542017959,3.39225844975467,3.87436562663115,2871.85259414562,1.00027790046697,3.15060307249809,0.386149317838362,2.36836868918428,2.9001189140408,3.15763060929303,3.41307272788785,3.84896077551559,3.12824958760156,0.387743345308003,2.3560782712537,2.87183402740031,3.13319942825944,3.40054307979634,3.85082868379631,3.13921648715584,0.403236677861047,2.36220068438511,2.87232178106386,3.14905525045912,3.41682206803848,3.95557362611963,3.12799141217608,0.369884615243074,2.34682608446205,2.9010635416518,3.12600083485728,3.34176597847503,3.81423096080674
"U[27]",2.93749747875384,0.00892671759138102,0.429707466383232,2.11677394494884,2.64121247386925,2.93383479995978,3.24089787474189,3.76818391626912,2317.19300419687,1.00005360128586,2.93513643960247,0.404368528804714,2.17244465427117,2.63875554188645,2.93129328941882,3.23262447811154,3.69813284341871,2.9548780133826,0.433202773272979,2.05511030986907,2.68216774614519,2.95010197468927,3.24310236804545,3.7847556465929,2.92012018721553,0.430959128557027,2.07864206464918,2.63287131329403,2.91918914350374,3.23933408907584,3.72280184885101,2.93985527481474,0.449648082155221,2.11962732472287,2.61897429817723,2.93815104292532,3.24501255628404,3.81191453669327
"U[28]",3.07999085280155,0.00681382056648663,0.399745072765295,2.29095631910008,2.80742929464131,3.07792186686125,3.35941333487086,3.85684299559005,3441.79384163753,0.99946745882892,3.07864932485691,0.382331204773582,2.28674776038774,2.84140198627383,3.06798695783087,3.31292152731525,3.80699986307538,3.08362998042113,0.401807956827638,2.3313906327265,2.78857362543871,3.09097183361844,3.37690421899611,3.86914856996871,3.06800820753408,0.409005010960767,2.26080038325427,2.8049103053618,3.0610947492674,3.35237283255036,3.87980414797505,3.08967589839409,0.406177762713753,2.2914963761436,2.78839910159666,3.0970738295555,3.39874719817304,3.8380013115027
"U[29]",3.09124281926093,0.00660191436896614,0.376881872905016,2.35431496810401,2.83504053141139,3.08949925024112,3.33979226258996,3.82257724511342,3258.89767931785,1.00077335587187,3.08202407139441,0.379753171704311,2.34643552957621,2.82013809729156,3.06401228028658,3.33998374514676,3.85236822992112,3.10739402183019,0.377279265825218,2.36053318393166,2.876811736543,3.11130424183456,3.33381005648799,3.81108379939071,3.08675378117208,0.363523057142757,2.42226586459604,2.84663800245273,3.07335004144685,3.33507101725219,3.81878839336986,3.08879940264705,0.387220724292888,2.33123725002435,2.8201271885401,3.09113477047915,3.35266740465134,3.82568989203676
"U[30]",2.29894696252702,0.00672857003607835,0.360657623546596,1.56891245235173,2.05426043772043,2.30439785208746,2.5482112221437,2.99198987497934,2873.0598887327,1.00022756807732,2.31975774803609,0.354066785174194,1.63157037305234,2.0869095053428,2.32369123822005,2.55257838636714,3.0222009848627,2.28644729825014,0.358798149814504,1.5801874282671,2.04439453682891,2.27573252104416,2.54679777215039,2.91296456226895,2.29262635383343,0.377678150113591,1.51197530044942,2.04619858446151,2.29871023230878,2.55714620615908,3.02071313987224,2.29695644998844,0.351714366819626,1.5752289980364,2.0359902998595,2.31489780889828,2.53863705770603,2.99995198117271
"lp__",416.126337229337,0.266186269007072,7.22253862754336,401.44348976313,411.389990849856,416.369433780799,421.15778078551,429.867719808067,736.221419222294,1.00235289713278,415.719961518838,7.77046257140887,400.722450732864,410.257510257583,415.996031998989,421.072663089849,430.15605478914,416.461970820338,7.15884768931242,401.238192522523,411.970024336942,416.80071396679,421.551310723124,428.876386112024,416.188947653933,7.22720111574102,402.549506140068,411.240410275935,416.349787378185,421.306199408177,430.318339194177,416.134468924238,6.69551400170253,403.197019399309,411.606557111636,416.218782666732,420.567887615557,429.107085749337
