site,yr_jday,K,K.lower,K.upper,K.median,U,U.lower,U.upper,U.median,N_e,N_e.lower,N_e.upper,N_e.median,sumlightReal,sumlightIdeal,Q,v,z,b0,b1,model_date,model_jday,Year,domainID,d,U_other,U_tot,U_auto_perc
BIGC,2021_056,2.134767018883367,0.9101493760478516,4.00300301851874,2.0197496252105784,0.06324990108802911,0.041122914714969684,0.09229506732009667,0.06206004577948024,2.989234614671312,2.6909186754818846,3.3992734051044593,2.9665186336441414,5190,11038.643455924495,0.046624826388888894,0.09232217746456396,0.13111364956400953,-6.420913957813309,0.410108394808048,2021-02-25,56,2021,D17,1,0.8366780843659769,0.899927985454006,7.02832916748556
BIGC,2021_057,2.034267522497604,0.850454468256052,3.694414544473867,1.9401336295892875,0.06580523841494137,0.04278678669968301,0.09605909464138156,0.06441840494875563,2.916952833049752,2.5956103380752382,3.3381154808810733,2.8997028114471703,5297,11150.77604441168,0.04615523611111111,0.09169814516321834,0.13075578684943537,-6.393291381113679,0.4134354235739655,2021-02-26,57,2021,D17,2,0.7758868488590149,0.8416920872739563,7.818208037106437
BIGC,2021_058,1.7969690758841315,0.797762439035397,3.2693559871106155,1.7210499253619722,0.06756692039935938,0.04390893662866033,0.09913006510339291,0.06609129108422554,2.879960291338097,2.5247660865491794,3.3227115173022135,2.8643548414730127,5152,11263.408410756747,0.04528430555555556,0.09053519963260764,0.13008497475096245,-5.257293157625798,0.2746247152330395,2021-02-27,58,2021,D17,3,0.6732157071259185,0.7407826275252779,9.121018486229792
BIGC,2021_059,2.0897702485668708,0.8780398253407883,3.8988730825628983,1.9773434143007778,0.06405116754557114,0.04075429833361005,0.09423196840448629,0.06294527371437494,2.7561605265803406,2.441439319062685,3.1759684940408848,2.7408734145423446,5352,11376.489896152008,0.044086895833333334,0.0889241813308247,0.12914714963119112,-6.670026276896951,0.4490979492726475,2021-02-28,59,2021,D17,4,0.7438542966157358,0.8079054641613069,7.928052276767698
BIGC,2021_060,2.00985675748605,0.8334191275460551,3.68807010876026,1.9116152070838455,0.06749730098005946,0.044003392590329926,0.09865398860477156,0.06605659216547283,2.83885091829783,2.528305405812577,3.282884767192938,2.813773252185415,5557,11489.969755429724,0.043229326388888885,0.08776150660637398,0.1284640001736293,-4.26471956742751,0.16796683270358181,2021-03-01,60,2021,D17,5,0.7329749520376887,0.8004722530177482,8.432184966511626
BIGC,2021_061,1.9762156047999737,0.8333440278641954,3.5569846968804986,1.9129733884551752,0.06511877964746118,0.04254851726333164,0.0937361928724104,0.06401543045360866,2.5619598768687357,2.225828132692992,2.947711757512098,2.5524059042472627,5070,11603.797204611255,0.042647409722222224,0.08696821925896442,0.12799478421757568,-5.622794780539963,0.3195826027885798,2021-03-02,61,2021,D17,6,0.648035683776411,0.7131544634238721,9.131090526282948
BIGC,2021_063,2.25924382169223,0.9115398193235035,4.192278840847242,2.1486577316247075,0.06541530502952415,0.04364087860316384,0.09422279877952253,0.06423255037420918,2.4597555881064506,2.1783267940731648,2.873095384235664,2.4337404713927393,5582,11832.291829445487,0.041098805555555555,0.08483949223754117,0.12672291044222062,-5.7328053045661695,0.33417095208497744,2021-03-04,63,2021,D17,7,0.7042229884845881,0.7696382935141123,8.499486782400425
BIGC,2021_064,2.179561171950512,0.9535372701390211,3.953283261499354,2.0851144407296154,0.06834293968063071,0.04484411459730157,0.0993537189405702,0.06714871363742969,2.4285209229040765,2.1368380626739154,2.8281892413465792,2.4071784707888924,5614,11946.857675440173,0.04026129861111111,0.08367723251650688,0.1260204293697994,-5.911191279059061,0.35070298814132406,2021-03-05,64,2021,D17,8,0.6670399834124411,0.7353829230930717,9.293517368227093
BIGC,2021_065,2.155694839247354,0.8892143566411094,4.136802785610018,2.044274728522921,0.0609926223170927,0.039523294495973325,0.08916700000400295,0.059878373516636066,2.343803113033112,2.0579404350485633,2.7565872864910483,2.32193534364355,4236,12061.568549545336,0.04014334027777777,0.08351289635873588,0.12592063396758393,-6.353679956653216,0.4070347323248309,2021-03-06,65,2021,D17,9,0.6362170598417568,0.6972096821588495,8.748103171521416
BIGC,2021_128,2.4422454834047356,0.9583003215719246,4.820636638777435,2.2861858051401978,0.06973328600030271,0.045856222717516625,0.09889611110850685,0.06876847991468737,2.109471189315691,1.8289181614651373,2.5824831723047055,2.0752788010858803,8537,18660.618698830687,0.023545493055555557,0.05841316190244602,0.1090275763138081,-6.595462428652981,0.4321485552333558,2021-05-08,128,2021,D17,10,0.5616933357435214,0.6314266217438241,11.043767177208784
BIGC,2021_129,2.46659824807187,0.9522971021309463,4.9789525301054285,2.3092856721547914,0.06583589079107302,0.04411636944823433,0.09308688838298819,0.06504785314285327,2.002301107201987,1.7359544467061665,2.4315276972405684,1.9725716874663453,8338,18729.198745610192,0.02279422916666667,0.05715775812320747,0.10807717406082316,-6.021875776250811,0.36582283766523804,2021-05-09,129,2021,D17,11,0.5337793723780105,0.5996152631690835,10.97968894973045
BIGC,2021_130,2.5044917981909243,0.9826388182240751,4.901587848649593,2.3290041035016933,0.07199060745115249,0.0478018411520345,0.1025477348580299,0.07124360588802275,2.075044176321116,1.7857132956209407,2.590716375120063,2.035724663746331,8457,18802.321648204044,0.022049284722222222,0.055899357365147444,0.10711191186844908,-5.60805698713234,0.3103098569117169,2021-05-10,130,2021,D17,12,0.5566532281632625,0.628643835614415,11.451732025780757
BIGC,2021_133,2.5813716364910824,0.9992962688845586,5.147339349326517,2.4024328835256297,0.06727887475343296,0.045155952941340644,0.09477900590839523,0.06641050260564152,2.09431957744457,1.8257111479301138,2.5506200221667266,2.061261355912927,8619,19010.91830153184,0.018689687500000003,0.05003868212729483,0.10243628162988226,-5.766614040543827,0.34126377575105865,2021-05-13,133,2021,D17,13,0.5537927830381318,0.6210716577915648,10.832707290599329
BIGC,2021_139,2.816916298859694,1.0565123505012355,5.620051156266644,2.6279622472768023,0.06882801066449841,0.04620194777299296,0.0976424606643973,0.0678086835242469,2.2589579492651892,2.0150667472396866,2.6969308247730774,2.222955095382985,8771,19379.926296891004,0.018190506944444445,0.04913924891234469,0.10169025851106388,-5.832271741672741,0.34557934235511983,2021-05-19,139,2021,D17,14,0.647085160891732,0.7159131715562304,9.614016531485538
BIGC,2021_140,9.517582348303108,5.121403741494198,13.83745499179151,9.480994667719573,0.06670767577114364,0.04437010486284141,0.09312860592951014,0.06583814229333809,2.111095206443153,2.0464139630668425,2.2024056771449256,2.1066939283590447,9042,19435.235576808438,0.01919696527777778,0.05094461970145383,0.10317965018937598,-7.3222401244823345,0.5142341825862158,2021-05-20,140,2021,D17,15,2.073139440127571,2.1398471158987147,3.1174038217738316
BIGC,2021_149,2.5871660303459785,1.1282020582145125,4.85335450216138,2.4407649100923257,0.0703426814988308,0.047332268418579376,0.09920374840165067,0.06907468104920325,2.994115538544262,2.73284905072171,3.363114015515767,2.973533544680976,8418,19864.039482119828,0.016246173611111112,0.04555496598278915,0.09863341022326802,-6.838824748522847,0.4577567340868237,2021-05-29,149,2021,D17,16,0.7640414223523677,0.8343841038511985,8.430491565473963
BIGC,2021_150,2.820365335752625,1.2440216685948806,5.149947012195701,2.678655828642739,0.07369592934911072,0.049138185848896794,0.10271299085055911,0.07269897400807326,3.014088531008589,2.763399584354354,3.404193736458981,2.9864751796090974,8609,19907.440119266525,0.015127965277777777,0.043429561478596966,0.09675245527281484,-7.058529107753541,0.48530732153489564,2021-05-30,150,2021,D17,17,0.8224762528952382,0.8961721822443489,8.2234118408528
BIGC,2021_151,2.8244884273981032,1.213720766850828,5.168629674330802,2.6841515549391506,0.07067337808506474,0.047596218325575826,0.0991580760478446,0.06969417629281312,3.0318006675217215,2.7890970693515897,3.4150387774314312,3.0062779741832415,8614,19949.044093768724,0.013586125,0.04041164716224689,0.09398468027612862,-5.949306574801366,0.35581065481599006,2021-05-31,151,2021,D17,18,0.8048176873863235,0.8754910654713883,8.072427106610421
BIGC,2021_152,3.238450709889591,1.363995493258398,5.8076533619007025,3.109996240933988,0.07310907310268801,0.0488837971217487,0.10262298019282944,0.0723436993081473,3.086547230709532,2.8765865037765823,3.4205678166502564,3.0642136371589728,8712,19988.856287737042,0.012346354166666667,0.037902115103170216,0.09158760703194686,-4.913464840850972,0.2396389503691164,2021-06-01,152,2021,D17,19,0.9154759305120251,0.9885850036147131,7.39532491746974
BIGC,2021_153,3.4888754450033623,1.4718254711426124,6.256833061346552,3.3655334254346005,0.07618316780401296,0.051093684143144406,0.10698087315283084,0.07525022651252682,3.1592074945865845,2.9504830096672965,3.5313023350753356,3.131816933110497,8754,20026.88157770742,0.011653972222222222,0.03646448313872557,0.09017148644822054,-5.912317798564684,0.3540051876407605,2021-06-02,153,2021,D17,20,0.9938774684184994,1.0700606362225125,7.119518766053473
BIGC,2021_154,3.170791652536506,1.2726782473576306,5.825449505358254,3.0281776403209393,0.07213275088998143,0.048695626937889216,0.10020521373371802,0.07123895040191906,3.212949127414364,2.9989154084990135,3.569821936101192,3.1914089341060845,8443,20063.124810318623,0.011168145833333334,0.03543886608297758,0.08914072158350314,-6.495764051425565,0.42023136152765717,2021-06-03,154,2021,D17,21,0.9081293264342359,0.9802620773242173,7.358516927113957
BIGC,2021_155,3.4355986614877128,1.4394109860697568,6.260145307566989,3.3035424618270657,0.07476454569181676,0.049644041467584894,0.10723025014998586,0.07364040782868041,3.1944925111172164,2.9923856081791538,3.506960315442906,3.172771646333238,8855,20097.590778197322,0.010824652777777779,0.03470482503763878,0.08839201368512244,-5.226137288232265,0.2751949269954729,2021-06-04,155,2021,D17,22,0.9701018371074686,1.0448663827992852,7.155416895652842
BIGC,2021_156,2.912130920380736,1.3290282749384215,5.276375750477827,2.776468070345755,0.07874296011525694,0.052420709793080986,0.11230140704102524,0.07772095419917888,3.419134159568932,3.1646950301358614,3.8301769287245233,3.3907649296505245,8868,20130.284197756264,0.010331597222222221,0.033637576558191086,0.08728637763967172,-6.722938739500849,0.4406294614896954,2021-06-05,156,2021,D17,23,0.8691075212192224,0.9478504813344794,8.307529685947374
BIGC,2021_157,2.809504722307402,1.2480904294535065,4.959248470989976,2.6959672025868384,0.07736055954642053,0.05233942157459897,0.10646674143133855,0.07642037686348152,3.4474788953971363,3.188288316574543,3.836494908273187,3.421435503879432,8996,20161.209686359638,0.009950375,0.03280083705902717,0.08640480725906557,-6.710281471575437,0.44433688882082994,2021-06-06,157,2021,D17,24,0.8368917533573056,0.9142523129037261,8.461620326747465
BIGC,2021_158,2.445188309558091,1.0764620956957023,4.3082755905036505,2.3682714621780523,0.07051430320277881,0.04797363125333912,0.09988384519133171,0.069439221620945693,3.335343835179754,3.0634714226716264,3.719854468394333,3.311895180053571,7154,20190.37174197103,0.011401645833333333,0.03593360194401678,0.08964013300847132,-5.2819586947868915,0.2855245786369567,2021-06-07,158,2021,D17,25,0.7310640268773542,0.801578330080133,8.796932321727006
BIGC,2021_159,3.5158612595204826,1.5407044293120533,6.086080629127713,3.4284882888249344,0.07208307395813758,0.04857341574021734,0.10042670117596253,0.07151338065785717,3.13833237873405,2.9524411065324188,3.426793685236428,3.122042403526965,9064,20217.77472268585,0.011490319444444445,0.03612060411710035,0.08982783290571887,-5.777862744120356,0.3296801084231922,2021-06-08,159,2021,D17,26,0.9911550290900639,1.0632381030482014,6.779579639920949
BIGC,2021_160,3.1154223518764455,1.3517909395868806,5.426213094080482,3.002159530300581,0.0722590603393909,0.048186758006318366,0.10159420291723044,0.07163020969685018,3.034094174553916,2.8182048529518444,3.3448621138394747,3.0179849376168737,8925,20243.422827506627,0.011655819444444444,0.03646835552500865,0.0901753452550161,-5.505585382984893,0.3089291321763984,2021-06-09,160,2021,D17,27,0.8523810811786925,0.9246401415180834,7.814830558919415
BIGC,2021_175,2.446948504079901,1.3478152571176771,3.755268581525189,2.3910891204051046,0.09230105322716042,0.06487451769970183,0.12552947606624995,0.09135957248388235,3.809106590778345,3.5263711434901763,4.191682759224364,3.7909529616356403,9013,20419.74307102732,0.0059516805555555555,0.023245614823553168,0.0752097162715418,-5.6164941334181195,0.3178119429921068,2021-06-24,175,2021,D17,28,0.701006275431183,0.7933073286583434,11.63496792387658
BIGC,2021_176,2.426119207355351,1.287916861965256,3.7233138871082994,2.396766967334991,0.09230998971470059,0.06529969965679602,0.12540102183609705,0.09155559207428729,3.668412540088882,3.3695182977325904,4.064763289720731,3.6490223560827113,8920,20417.695583553388,0.0056832152777777775,0.022537749539047684,0.0742782500841244,-6.253805527489887,0.39687363964246297,2021-06-25,176,2021,D17,29,0.6610768806296666,0.7533868703443672,12.252667699465801
BIGC,2021_177,2.5757204700137586,1.4652978131777386,3.893958740818101,2.5348153303105003,0.10887376709963655,0.07631049076928127,0.14678726356007024,0.10834306194636442,3.8299202471435017,3.5133137769011915,4.266017322337428,3.809440487772954,8765,20413.92660160965,0.0045800277777777775,0.019503570812311296,0.07007379607446,-6.313467407095719,0.4059009731626778,2021-06-26,177,2021,D17,30,0.691264262345111,0.8001380294447475,13.606873201013709
BIGC,2021_178,2.511394469346674,1.4422137857120243,3.8132326281346374,2.468117150711378,0.10435922892893036,0.0732118828733679,0.13778524517185575,0.10398003573576949,4.088278060459845,3.7454276346454014,4.584270974419064,4.0625314166182385,8747,20408.435362641714,0.0035622916666666667,0.01648129164963587,0.06547691558507922,-6.171761109947168,0.38413918702079597,2021-06-27,178,2021,D17,31,0.672269754490988,0.7766289834199184,13.437462566666017
BIGC,2021_179,2.8587186821349344,1.702219448670811,4.21831122982389,2.8173576792492483,0.10388017435176297,0.07528613472696867,0.13737187888008762,0.10313005161381851,4.26918461481834,3.9771188774460424,4.64995174624764,4.252621621408066,7805,20401.22078342084,0.002966576388888889,0.0145795360955668,0.06232040247197839,-4.782106924843896,0.2250106556958818,2021-06-28,179,2021,D17,32,0.7605829838127923,0.8644631581645553,12.016726608953855
BIGC,2021_197,2.2741080151589474,1.0853526794871293,3.895919698559001,2.1958054411603163,0.06206305735379551,0.0439353459048423,0.08184050408569976,0.06180255445122605,2.494435554324453,2.183197053547396,2.9227777430348545,2.4666175250009843,8616,19973.67942080708,0.0023222777777777777,0.01237356909773762,0.05833350602182885,-6.681700061238714,0.4449544451023736,2021-07-16,197,2021,D17,33,0.33090357302639356,0.3929666303801891,15.793467576051045
BIGC,2021_198,2.532233550016066,1.0999771311623792,4.478567825977304,2.4382843171148316,0.06270290761749198,0.04458212576970801,0.08296257847757466,0.0624136948224707,2.4047259387810684,2.1103947331399775,2.9055544982264063,2.370082739984586,8600,19933.14198154128,0.002281604166666667,0.012227945609344593,0.05805586979586419,-5.953997293104185,0.3557412493669375,2021-07-17,198,2021,D17,34,0.35352121614056004,0.416224123758052,15.064698088941311
BIGC,2021_202,2.812319185805339,1.2222275373415463,5.201947973746215,2.659884375082873,0.056219677686972634,0.04056213325638033,0.0741631363142434,0.05592804110442454,2.284044165394555,2.0102991754146227,2.737172264893517,2.2497425434870335,8592,19752.947753816043,0.001643888888888889,0.009816734484049454,0.053138197537640666,-6.168220873580906,0.38206669557119655,2021-07-21,202,2021,D17,35,0.34133115158576993,0.39755082927274255,14.141506833181005
BIGC,2021_203,2.784246504166353,1.1643246738832638,5.145043135496817,2.6513238697166104,0.053637911787586035,0.03832505202589691,0.07076516870908728,0.05328277188068596,2.1652949237613197,1.894245410935116,2.6215584911305623,2.133585238655778,8393,19703.36164247607,0.0016886388888888888,0.009994984927678101,0.0535249397539507,-4.930391806499219,0.2404974537344943,2021-07-22,203,2021,D17,36,0.32268659763977975,0.3763245094273658,14.253100832896632
BIGC,2021_204,2.948051144219741,1.1477394971120347,5.740289893535712,2.771011291944277,0.05355732704270479,0.03758574561009548,0.07068589960027388,0.05329902171673784,2.1741968705991743,1.884724028361322,2.6803575464646987,2.1319986739439605,7856,19651.95014279426,0.0016668402777777777,0.009908352923499838,0.05333749694744062,-5.951302355994019,0.3617991633476076,2021-07-23,204,2021,D17,37,0.3418743444626063,0.39543167150531106,13.544015540997318
BIGC,2021_225,2.6945000079653423,1.0135437892667933,5.587298214003442,2.468840208394801,0.05222694022373284,0.03701297315886913,0.06933905818744034,0.05199313772286268,1.8336823159226705,1.51507858953581,2.3985617925505207,1.7868135608470326,7491,18345.024233645134,0.001972763888888889,0.011092586394193069,0.05582021878072537,-3.838441781476308,0.11959747174250926,2021-08-13,225,2021,D17,38,0.2757997195337414,0.32802665975747425,15.921553529321885
BIGC,2021_226,2.312167508155447,0.8746046819091178,4.676382965369202,2.168270253738985,0.05046219212607827,0.03505443811260153,0.06707861211258068,0.05025041864795511,1.7615805720764444,1.4434156425960587,2.3354493097728426,1.7163327826956571,6919,18268.870700967367,0.001971388888888889,0.011087405733261592,0.05580971142579248,-8.704882451963027,0.6738671160028189,2021-08-14,226,2021,D17,39,0.22731682569667389,0.27777901782275216,18.166308068047694
BIGC,2021_227,2.4740767743870395,0.9579367883165852,4.9816722167983505,2.287080552754948,0.04992386009531674,0.03502589730074244,0.06635854956376575,0.04968840764016705,1.7555964631168934,1.4491899472761847,2.321305344123595,1.7077378436437516,6610,18191.092125249823,0.0019362916666666667,0.010954761242050318,0.05553967887043671,-6.4405946110278824,0.41290665027141876,2021-08-15,227,2021,D17,40,0.24123550851735007,0.2911593686126668,17.14657520147707
BIGC,2021_228,2.462867186490796,1.0062462564102033,4.651929734692857,2.322400271043457,0.05392708992523821,0.038425832290501484,0.07115378028538918,0.0537319278691607,1.6715565591899078,1.3482338135149456,2.2348956982572146,1.6269495101425635,6655,18111.68980565855,0.0019749930555555554,0.011100982813413294,0.05583724207821358,-4.6306445096058075,0.20274780462306308,2021-08-16,228,2021,D17,41,0.22987197543903612,0.28379906536427435,19.00185606884199
BIGC,2021_229,2.5654802911447407,0.9980823073789059,5.290724004255408,2.378793211436957,0.0501165776326903,0.03401360537299405,0.06687541760561931,0.049941512457251175,1.7650974277122702,1.4281857813334429,2.3528071437195544,1.7179617106027445,7751,18030.665876495492,0.0022201597222222223,0.012006320255019964,0.05762951889225005,-5.300358769371695,0.2822179070238259,2021-08-17,229,2021,D17,42,0.2609650564429309,0.31108163407562117,16.110426377825764
BIGC,2021_230,2.5690260882440437,1.0246689352445282,5.125200119297881,2.4081147267112897,0.059136660101692676,0.04081462635784904,0.07960665364556362,0.058837033655052676,1.9728893662345903,1.6168271945387107,2.5869107471690658,1.927074348181487,7639,17948.023341546213,0.0032535555555555555,0.015510025378182558,0.06389369083283711,-6.856620266670518,0.46451288857729595,2021-08-18,230,2021,D17,43,0.32383905423408216,0.3829757143357748,15.441360349508866
BIGC,2021_243,2.7650821722031944,1.042472404151633,5.831042786337959,2.5453070415032317,0.0537656267971729,0.03800960445993461,0.07128566090241059,0.053615624733200515,1.4608037949742587,1.0684874700288274,2.1864431426968474,1.400353606582216,7372,16729.526732947765,0.0018906180555555555,0.010780950280902955,0.055182869633733915,-5.929009511120113,0.35523863862067456,2021-08-31,243,2021,D17,44,0.22289699398348295,0.27666262078065584,19.433643274781044
BIGC,2021_245,2.696321368856043,1.0150102708414372,5.470203489586468,2.4927461424225106,0.05292967108656106,0.03682832681417733,0.0707418327994822,0.05259624056973922,1.4522038990783666,1.1845425285527915,1.9602512075686374,1.4139162934217056,7443,16519.227991472493,0.0029311736111111114,0.01446273170093534,0.062118716122007644,-5.268327743215142,0.2803201765922503,2021-09-02,245,2021,D17,45,0.2432325669564506,0.29616223804301167,17.871850049591426
BIGC,2021_246,2.441724843488442,0.9255127027008244,4.859766492405723,2.2897154318280712,0.05674526568603177,0.04003975958683356,0.07572958528120631,0.05652470983639656,1.5320353411642083,1.2169939185177714,2.1384386804067455,1.4828186287293321,7155,16411.926948075503,0.0032400694444444443,0.015466921803318446,0.06382207510932263,-5.280759513900674,0.28835943794007146,2021-09-03,246,2021,D17,46,0.23874617724333472,0.29549144292936647,19.203691695260368
BIGC,2021_247,2.2312241088474347,0.874126106196877,4.403071468576421,2.088639318485084,0.05824639916465412,0.04090878723333555,0.07788429955373988,0.05788787003317164,1.63188910924972,1.268500204615583,2.3028703760734426,1.5867566837987443,7220,16303.220522498828,0.0030040069444444446,0.014702531585610927,0.06253173898800664,-6.29984358900976,0.3980284629138436,2021-09-04,247,2021,D17,47,0.22768496037711045,0.2859313595417646,20.37076284951751
BIGC,2021_248,2.37140436099513,0.940882070944303,4.645208015075738,2.211860146537907,0.056518886150381295,0.039809081647983566,0.07497323063004221,0.05612157725826745,1.5385439965329608,1.2078844691051407,2.1045260151117553,1.495585469645973,7194,16193.13213275584,0.0027238055555555553,0.013768939267355871,0.060900211666665496,-6.867910179646117,0.4601329881926349,2021-09-05,248,2021,D17,48,0.22219502779426703,0.27871391394464834,20.278458778920438
BIGC,2021_249,2.5811525488458296,1.004028944445068,5.094771025555996,2.4116535575048816,0.05987756268133119,0.04290203261974684,0.07990096987790253,0.059287849176410376,1.6425523472658083,1.301996793318287,2.276954186983435,1.5890448835486992,6897,16081.686500539261,0.002489798611111111,0.012964701561466481,0.05944092979852243,-6.8087540943791645,0.45627681298902606,2021-09-06,249,2021,D17,49,0.2520104129324313,0.3118879756137625,19.19841974141468
BIGC,2021_250,4.237681655668708,1.7258840561664848,7.242507613445936,4.186209359269103,0.06216640770236549,0.04482974362088381,0.08209726189773554,0.06202147618488831,1.4950226914548637,1.3043416317565495,1.8768989845675859,1.464640022347919,6899,15968.909656063042,0.0024200555555555555,0.012720244862357637,0.05898669933270398,-5.025546658409838,0.25006956408505276,2021-09-07,250,2021,D17,50,0.3737061183790926,0.4358725260814581,14.262520343103137
BIGC,2021_251,2.0208775741908718,0.902112589487243,3.7562560454087897,1.910575746992579,0.06036263570652405,0.04302985507301096,0.07945988597867272,0.06005635039310006,1.8065194201781773,1.421066427042406,2.452714801960747,1.75976266089314,6824,15854.828940970256,0.0025174305555555553,0.013060927564703647,0.05961832627714811,-5.000151372436384,0.24725909497335305,2021-09-08,251,2021,D17,51,0.21765187792156956,0.2780145136280936,21.71204478456565
BIGC,2021_257,1.841376140383538,0.7781653480877218,3.4597230878425447,1.7529492114428935,0.05627730172149924,0.03885243887546618,0.07642697741411188,0.05589807102600476,1.6361635533179821,1.2634393198113596,2.2721559084339247,1.5891160342922463,5986,15144.659310529576,0.003939645833333333,0.017631481586634246,0.06728134948647496,-4.637726717916735,0.20715702189898852,2021-09-14,257,2021,D17,52,0.20270474706345312,0.25898204878495235,21.73019403681894
BIGC,2021_258,2.1590424330174205,0.8844818909464992,4.228645322979154,2.02686047346404,0.05519689104740636,0.038946929797394274,0.07369755068367823,0.05488928298153459,1.5752532290103385,1.2199427349886087,2.227563047149477,1.524910632583561,6051,15026.926105121573,0.0037635347222222224,0.0170994352747349,0.06645568747132567,-6.66777146239537,0.44050365604648983,2021-09-15,258,2021,D17,53,0.22601835589914068,0.28121524694654704,19.627986621187045
BIGC,2021_259,2.4804472262094164,0.9192908841249875,5.094745277872542,2.297938599675179,0.05201092968247822,0.036048174307126486,0.07018015658918335,0.05150114241137852,1.4067486671946032,1.11575649790368,1.9865503254853267,1.3558371366398632,5956,14916.373701935707,0.004270034722222222,0.018608935852645603,0.06876029551136328,-6.3069364274814035,0.3924951343458356,2021-09-16,259,2021,D17,54,0.23992982558481793,0.2919407552672961,17.815576874444222
BIGC,2021_260,2.4411824076007638,0.8693028093657869,5.2076834021641725,2.2245441166263817,0.0546927977028828,0.037054219894678206,0.07480500564812338,0.054213559977827994,1.4524493319820369,1.1293402090925488,2.0364205211243953,1.4005263235604755,5588,14804.839336192672,0.006014493055555556,0.02340969983183908,0.07542320657028391,-6.096737846229174,0.3749040535614996,2021-09-17,260,2021,D17,55,0.2674275926816995,0.32212039038458234,16.978992741684124
BIGC,2021_261,2.373002244419674,0.8873615761169027,4.8529415253294514,2.1763959162323037,0.052872586169485876,0.036602707085806076,0.07197458091174931,0.05252979352790315,1.3830471726892348,1.081817946936744,1.9378840306196903,1.3340652704710552,6147,14692.355928386314,0.005351604166666666,0.02164794945193331,0.07308225346204701,-7.54861796023828,0.5358662595148734,2021-09-18,261,2021,D17,56,0.23985405900742213,0.292726645176908,18.062102319907563
BIGC,2021_262,4.269369508361311,1.3519518127713714,8.407423154609504,4.038542953354269,0.05398528565558351,0.03719798949383873,0.07320868513480239,0.053750994663811266,1.2263896176202052,1.052430682469749,1.6141390810017013,1.1909464425672427,6462,14578.957559346396,0.005808284722222222,0.022868863782923292,0.07471609867706339,-5.193800858135417,0.2707471038081359,2021-09-19,262,2021,D17,57,0.3912068010125304,0.44519208666811394,12.126290487240619
BIGC,2021_263,2.2515340751648605,0.8151945845006472,4.525093220269402,2.1103038028910213,0.054858866248802825,0.03787306700668665,0.07422861100247842,0.054377015410825943,1.3630373767965624,1.0449193105361392,1.9249070959017358,1.3199081050510837,6022,14464.679452664292,0.006011673611111111,0.023402346760848788,0.0754136586761958,-4.932624163032715,0.24397383818660057,2021-09-20,263,2021,D17,58,0.23143886996259558,0.2862977362113984,19.16147398675055
BIGC,2021_264,2.51421749391675,0.8824721887085845,5.515885072927667,2.2548527753659675,0.0502270896330537,0.03521780921036646,0.06742060213647101,0.04989967447016576,1.3847420786406828,1.0709685077241868,2.0047047097638386,1.3300689966952448,5621,14349.55795457201,0.004620243055555555,0.01961814444300093,0.07023939415109397,-6.138583576818426,0.37510815639408146,2021-09-21,264,2021,D17,59,0.2445414540808852,0.2947685437139389,17.039501230428808
BIGC,2021_267,2.7761964663576393,0.9813701644702274,5.807661074336511,2.536563114651041,0.049554411296609334,0.033708540544680865,0.06692258375587949,0.049107747805437293,1.6191050366089628,1.3566766530092487,2.1034868527745356,1.5775725822628068,5138,13999.512942550107,0.0053628055555555556,0.02167829741768266,0.07312352323394405,-6.140323553732881,0.3793188563501827,2021-09-24,267,2021,D17,60,0.32868684994972547,0.3782412612463348,13.101270636980122
BIGC,2021_268,3.3284625624045288,1.0738780484775912,7.493601026991489,3.017519526509343,0.0487463251400448,0.03414669086515852,0.06593539584792855,0.04826286662281473,1.6033450750390157,1.3744103156084908,2.081401566891463,1.560607917916998,4971,13881.40298556727,0.005524604166666666,0.022114355054277394,0.07371274253067137,-5.672636684334457,0.32786325028026475,2021-09-25,268,2021,D17,61,0.3933808807251332,0.442127205865178,11.025407279485414
BIGC,2021_269,2.9962136818101834,1.0124869114087045,6.680642495805209,2.6963777676853304,0.047693692306177385,0.03215172700506695,0.06465532930802234,0.047432754087766135,1.5839750837895703,1.35194165789599,2.0311206035060936,1.5455474278348906,5187,13762.647366954188,0.006318805555555556,0.0241968003229332,0.07643507611227009,-6.39010923881001,0.40939293220186634,2021-09-26,269,2021,D17,62,0.3627553539689904,0.41044904627516776,11.619881380892092
BIGC,2021_270,2.53292704467502,0.969048801767592,5.208288368167884,2.3331303634570153,0.05278824839024924,0.03593025830649339,0.07222944007665551,0.05231706983286534,1.8125272454262376,1.50622516834768,2.3525462544699844,1.7716474634925041,5529,13643.288633402,0.006843631944444445,0.025525517076850468,0.07809957109202684,-7.2847822277308385,0.5059185605717164,2021-09-27,270,2021,D17,63,0.3585550745854533,0.4113433229757026,12.83313607921803
BIGC,2021_274,2.6642170265688523,1.0135409237095918,5.543333220416486,2.4536238606087526,0.035969987372427,0.024967713757997362,0.0472642755771956,0.03580793951167367,1.8948069934149747,1.5846820765710627,2.4419704541507303,1.8519100858440052,4521,13160.705069894815,6.428263888888889e-4,0.005233054687434057,0.04123885066098062,-6.220857388344264,0.38593577118852146,2021-10-01,274,2021,D17,64,0.20818101963670982,0.24415100700913683,14.732680324796243
BIGC,2021_275,2.63416614430045,0.9499351425607985,5.789533993585001,2.3913424108068693,0.034700472720358005,0.02416842922342432,0.04615915747871771,0.03448141371402075,1.87999056176978,1.5682784020818108,2.4700592678416355,1.8307428277862434,4064,13039.000019092899,7.439791666666667e-4,0.0057713606659902964,0.042898555018791765,-5.059106210400841,0.26050976663128017,2021-10-02,275,2021,D17,65,0.21244254544928523,0.24714301816964324,14.040644553648287
BIGC,2021_337,2.3648478141467657,0.8395533861377027,5.2959938386986485,2.1263696183195475,0.0421313951321072,0.027371260862968927,0.06017711225231796,0.04146193391274406,1.9517869782213675,1.6705855886917826,2.379132465868281,1.9231940220254606,3023,7425.183362944517,0.028625430555555557,0.06658192618443035,0.11493288337257185,-4.900256717205068,0.2390250349106274,2021-12-03,337,2021,D17,66,0.5304933156304739,0.572624710762581,7.357592912118584
BIGC,2021_338,2.4252413653753537,0.8499011106215114,5.342566429314328,2.172032201353438,0.04276372196195009,0.027619698808013717,0.060540672846817745,0.042154169318483634,1.92464998281668,1.6523275047221115,2.34530277271914,1.898694493604493,3185,7382.083819500876,0.028820069444444447,0.06688491227717663,0.11514336330311113,-6.483010614588569,0.4176596701071509,2021-12-04,338,2021,D17,67,0.5374593692348385,0.5802230911967886,7.370220629059097
BIGC,2021_339,2.158016173459981,0.7633032315118553,4.608853742057826,1.978929723626294,0.044438453578533474,0.02897632125470522,0.06408781260793842,0.04388192759470512,1.9491016976387134,1.6436899979311803,2.3934754806734975,1.9228244441184619,3274,7340.966995910887,0.029565847222222223,0.06803964147055473,0.11594035969298531,-4.188665138478848,0.15576544468092657,2021-12-05,339,2021,D17,68,0.4876675278767063,0.5321059814552398,8.351429062496189
BIGC,2021_340,2.181197148971913,0.7957089548406768,4.5590553854579845,2.0028650443609717,0.04061905985745728,0.025624423662088378,0.06045928223377496,0.039838667331761037,1.8339015266526897,1.5318946008522645,2.237014800143866,1.8120375954662002,2072,7302.400847170247,0.029733798611111112,0.06829835781089609,0.11611781672594632,-5.385033677789183,0.2888748846322367,2021-12-06,340,2021,D17,69,0.46448296942341333,0.5051020292808706,8.041753448365254
BIGC,2022_022,2.291145844286834,0.8392217107805169,4.751575338779379,2.105495675429024,0.04795224470473407,0.03158938627185329,0.06805022345426207,0.047365899808278794,2.505993594204297,2.198045202094677,2.8860176089499325,2.4895365320710634,3749,7947.636930437606,0.04508516666666667,0.09026825803493617,0.1299302721680617,-7.412196230280511,0.5260989315616733,2022-01-22,22,2022,D17,70,0.7460072360948109,0.7939594807995449,6.039633742573926
BIGC,2022_023,2.340390092546513,0.8526603324473515,5.025337876343811,2.1352666735171053,0.04828327759169331,0.03109282343618153,0.07001049786732762,0.04768022474202742,2.4245005174473615,2.1348135695448924,2.7829480992347304,2.409866329518917,3755,8012.680570296237,0.042344840277777775,0.08655433635231491,0.12774896477261996,-6.124563875986654,0.3838153569610737,2022-01-23,23,2022,D17,71,0.7248830113576812,0.7731662889493744,6.244876203449529
BIGC,2022_024,2.476716793347499,0.8822764447422169,5.198374679612987,2.2683296719519133,0.04852734938175244,0.03227377341181459,0.06866727743452002,0.04802346364363278,2.30141041278881,2.0401125440018966,2.648702356760177,2.2831874177400504,3711,8079.401425853102,0.04080530555555555,0.08443308182180828,0.12647792908681074,-6.537645744815694,0.4263316096736233,2022-01-24,24,2022,D17,72,0.7209168370229209,0.7694441864046733,6.30680564479962
BIGC,2022_025,2.3473661376339976,0.8870969633245114,4.7465075750203685,2.1805936206739736,0.04927553153809759,0.03282974086667508,0.06992671597947984,0.04851417027713743,2.217377859865882,1.9441013718984186,2.587135896108844,2.1976367903368415,3795,8147.771060740386,0.037213854166666664,0.0793788152870182,0.1233705527615973,-6.945373213705089,0.47269321045366003,2022-01-25,25,2022,D17,73,0.6421434436911891,0.6914189752292867,7.12672537252206
BIGC,2022_026,2.5509360049484475,0.8958123672303234,5.5515597626365425,2.2999001439717155,0.047499440028396726,0.031210364359509215,0.06793840902186443,0.046711597708234714,2.10977040496121,1.8477360467470878,2.4916068383410397,2.0898994763467833,3829,8217.760229016254,0.03477527083333333,0.07585491840074186,0.12113350825498116,-5.58875044239702,0.31743891305346283,2022-01-26,26,2022,D17,74,0.6519271305183845,0.6994265705467811,6.791197536471018
BIGC,2022_027,2.565239869699387,0.943178210668037,5.35913814198912,2.334184627630541,0.050238569257723235,0.032916273961597096,0.07124421265307772,0.049594022542998356,2.081626365577317,1.829366623156495,2.484700810745964,2.0545637623966106,3882,8289.338880166157,0.033464888888888884,0.07392773253241802,0.11988376931318467,-5.799457278404843,0.34468176100592746,2022-01-27,27,2022,D17,75,0.6401638567479124,0.6904024260056356,7.276708100286013
BIGC,2022_028,2.4201929845266354,0.9262102826847319,4.978326840623709,2.216446176547495,0.0515231375889481,0.03403945946197334,0.07388169611580891,0.05077735837071727,1.9967711137712636,1.7246895757334342,2.4353318293763504,1.966153609259182,3704,8362.476165946071,0.032372993055555556,0.07230278211245592,0.11881482298734082,-6.041895652296065,0.3645984946399781,2022-01-28,28,2022,D17,76,0.5741811203663496,0.6257042579552977,8.23442336117666
BIGC,2022_038,2.584696110566888,0.883555095300232,5.5688263158822044,2.35993506999449,0.050633117398929776,0.03331141187596445,0.071247426348683085,0.050053943739318464,1.3701765061873552,1.1077490531274943,1.8176982563305102,1.3383800837177149,4376,9172.235305430397,0.02652582638888889,0.06326895694802358,0.11259312262286782,-6.8917882727892685,0.46316503875219356,2022-02-07,38,2022,D17,77,0.39874740503949097,0.44938052243842075,11.267314641094197
BIGC,2022_041,2.266057230561214,0.7884935454757338,4.792146974332786,2.0753039523813577,0.05271671028412208,0.035317781372415744,0.07381426569621886,0.052030984913060865,1.3248858179980627,1.0348620373399369,1.8054898294880017,1.2868126174794239,4514,9450.294923225636,0.02499611111111111,0.06080048387583175,0.1108017999013688,-5.26671573271874,0.28433524853967185,2022-02-10,41,2022,D17,78,0.33265659708435147,0.38537330736847353,13.679388083232542
BIGC,2022_042,2.542474643522525,0.8639373267981546,5.569991881129546,2.3053547742725,0.05312852632631528,0.035841304745231325,0.0744911250247517,0.052311756910610685,1.3599369828486283,1.0945320077325642,1.851330799558947,1.318488931243273,4566,9549.0449609477,0.024538604166666665,0.060052611646459905,0.11025053753556736,-5.890780177413744,0.34729964789791107,2022-02-11,42,2022,D17,79,0.38120284243467273,0.434331368760988,12.23225632490566
BIGC,2022_048,2.247560587064209,0.8502184523683153,4.38273682405975,2.1104384848296145,0.05356723070149358,0.03578576187115311,0.07473496588145848,0.05273361691093077,2.9019809190684294,2.602440663086319,3.2693611178648787,2.888593857937154,4744,10165.589174273584,0.023299041666666666,0.058002804851382955,0.10871826935052811,-6.780832475798994,0.45161912564084805,2022-02-17,48,2022,D17,80,0.7091016414814473,0.7626688721829409,7.023655042872189
BIGC,2022_049,2.1082485024234785,0.8784696958280164,3.9687749755023645,1.9903304868681642,0.05529192869058018,0.03713013571410595,0.07790441402644559,0.05442481349928228,2.930152966899598,2.6420502768914447,3.331763801592411,2.908259482368376,4754,10271.925171802752,0.022908055555555557,0.05734883619150192,0.10822262809317004,-5.820955852334653,0.3423670663985257,2022-02-18,49,2022,D17,81,0.6685442682223008,0.723836196912881,7.638734968822644
BIGC,2022_051,2.1409065209344775,0.8772740560588481,4.097292915462719,2.0262131962042513,0.052008662875101634,0.0344740763922839,0.07348538927306245,0.05129510664747701,2.9009356280639844,2.6112917707901806,3.3130594011252756,2.88077464525838,4199,10487.238389880316,0.022427937499999998,0.056540722312917464,0.1076054766915618,-5.592854320974193,0.3089693309195028,2022-02-20,51,2022,D17,82,0.6682980172315112,0.7203066801066128,7.220349930310769
BIGC,2022_052,2.683426599760596,0.9553878387742082,5.8904256491294875,2.4242709943032037,0.032924582321179174,0.019313087665535668,0.05108448922411061,0.03206316958202406,2.8427901823602135,2.5737599705580654,3.19617953893703,2.827823396954403,1107,10596.118446504224,0.022786833333333333,0.05714533200594718,0.1080677049022512,-6.878168659387808,0.46613998248994365,2022-02-21,52,2022,D17,83,0.8243857109801401,0.8573102933013192,3.840451068701581
BIGC,2022_058,2.476908271556475,0.9180463113489508,4.884466011827663,2.302793925572411,0.05527548279505073,0.03702321187622185,0.07701679829056621,0.05450783165856711,2.915676838137854,2.6485208237666176,3.2914581234972724,2.8958604330910633,5237,11263.408410756747,0.022954465277777777,0.05742665329920922,0.10828178176331239,-6.368930468607977,0.4070166990880143,2022-02-27,58,2022,D17,84,0.7819963099716623,0.8372717927667129,6.601856562299359
BIGC,2022_059,2.253435928872463,0.9084274362355127,4.292907186359058,2.120300026976884,0.05882235126524259,0.03999297108318928,0.0822890435013455,0.057874843775355664,2.9875427735797713,2.7078302851575713,3.3909832387201244,2.9627997666251495,5515,11376.489896152008,0.0226465,0.056909297920495955,0.1078876042979078,-6.165283678141764,0.38722351695619966,2022-02-28,59,2022,D17,85,0.7263248378858556,0.7851471891510982,7.49188840997334
BIGC,2022_068,2.3796599127195552,0.9191556086308075,4.806221794588437,2.2020047183510103,0.05577099490778591,0.03691043746621962,0.07822704620506782,0.05524225672150508,3.381910642678583,3.0936895529913206,3.7622570051431974,3.36349804638273,5447,12406.070122982535,0.028036979166666667,0.06566174393118061,0.11429011871643766,-5.6926588552220245,0.3237173715454861,2022-03-09,68,2022,D17,86,0.9197836956545308,0.9755546905623167,5.716849649468562
BIGC,2022_069,2.529815834600708,0.9890532080294142,5.022011633236977,2.3513660215944974,0.059365034514919396,0.03927144597974178,0.08442323825893928,0.058711874173943746,3.397679307271693,3.1418388485596482,3.77597914745871,3.3772458306403883,6224,12520.861351827712,0.026514416666666665,0.06325072208716877,0.11258004436271093,-7.850683367657791,0.5732522666689219,2022-03-10,69,2022,D17,87,0.9676820992013034,1.0270471337162228,5.780166514862422
BIGC,2022_070,2.4392737766464525,0.9885840900919289,4.712210502074785,2.2662666451929745,0.05889093115566721,0.03900895871561633,0.08321572991941174,0.058105503428008645,3.3891835903090315,3.132543118851417,3.7598219485461017,3.371838161787883,6023,12635.549359759447,0.025225868055555555,0.06117435467619982,0.11107586578984648,-6.811718530910033,0.4538816007977843,2022-03-11,70,2022,D17,88,0.918280472435864,0.9771714035915312,6.026673615214008
BIGC,2022_082,2.6538638047247702,1.023906433621049,5.22776613052459,2.4775303563562616,0.06410507254490454,0.04276226860229151,0.09018279857977092,0.06320807970471891,2.1396000146867764,1.8805623880315059,2.597291398457878,2.1075207201294943,6502,14001.130841846432,0.021230895833333336,0.05450059837307842,0.10602363771991989,-6.121349242974712,0.38739200062374796,2022-03-23,82,2022,D17,89,0.602024165637531,0.6661292381824355,9.623518811427374
BIGC,2022_083,2.3403172417671563,0.9579749984372048,4.723194526161864,2.1845980392920183,0.06380406755298898,0.04301614956198112,0.0890158896240488,0.06285658756127019,2.2327835059610344,1.9358401759187491,2.7658756299775384,2.19347043786278,6543,14117.595211340027,0.020083465277777775,0.05250907789609038,0.10444500863981768,-4.666921393852435,0.20511808661928388,2022-03-24,83,2022,D17,90,0.5457692183771993,0.6095732859301882,10.46700520276674
BIGC,2022_084,2.5390298031090284,1.0198616048184295,5.0345971509987955,2.3762378915302573,0.061853282074418786,0.041881359441743315,0.08600604873194011,0.061130800868828265,2.185355889910704,1.9239855155938457,2.615464022910142,2.1537339154830817,6503,14233.324435953225,0.0198023125,0.052015425563603716,0.10404819494794205,-6.741473076160412,0.45011396041254853,2022-03-25,84,2022,D17,91,0.5773305269515953,0.639183809026014,9.676916279946234
BIGC,2022_085,2.2562331405277662,0.893408666072766,4.459788970401526,2.087917671814299,0.05996400457069122,0.04010487343159079,0.0838510152969389,0.0590786881634992,2.2617947025747114,1.9746355927195136,2.7342910652341406,2.2288932733297453,6351,14350.130636234986,0.0201618125,0.05264623395413927,0.10455486342193593,-6.71474797426544,0.44609909081362203,2022-03-26,85,2022,D17,92,0.533557704757125,0.5935217093278162,10.103085300553289
BIGC,2022_091,2.1385409218275235,0.8698920299460229,4.1275122879271935,2.0075391206863737,0.0655161899454816,0.04321618424075329,0.09295874297260039,0.06493258180880662,2.390045840672048,2.0884403975939874,2.8560151937562823,2.359768938911029,6952,15096.139726480164,0.02264707638888889,0.05691026836502356,0.10788834568630977,-5.5089570959287615,0.30641166339920656,2022-04-01,91,2022,D17,93,0.551440081476707,0.6169562714221886,10.619259902238403
BIGC,2022_092,2.131928524754521,0.8917392975199806,4.025340020408343,2.0125631595658184,0.06388991796728366,0.04242695261249947,0.09116181348783685,0.06313356966580805,2.3696201415018616,2.0700435620222355,2.7920765867198014,2.3430910600190282,6512,15217.033351931357,0.021561243055555554,0.0550673197989024,0.1064665495771136,-6.573790134101727,0.4343272944697795,2022-04-02,92,2022,D17,94,0.5378541853921173,0.6017441033594009,10.617456425513891
BIGC,2022_093,2.956725919968859,1.1057801204964917,6.080036687131886,2.7362198020453925,0.057395141883967896,0.038101406358609334,0.08218590816236515,0.056575918506180184,2.318451468858534,2.0902679144498677,2.688028738859249,2.293846728615346,4913,15336.844682415365,0.021005604166666667,0.05411243351463095,0.10571868503523639,-6.542883650172226,0.4277190597136801,2022-04-03,93,2022,D17,95,0.7247042872577129,0.7820994291416807,7.338599127601526
BIGC,2022_094,2.460018020336633,0.9737184101787052,4.942392893832194,2.2816623981608535,0.058360995470063716,0.03886236159634611,0.08256874493129403,0.05748652762260237,2.4203486684482165,2.1618133422464823,2.8336571608660193,2.3921436807539482,5357,15455.539238995058,0.020567965277777777,0.053354454972185175,0.10511940982427245,-5.378266013855202,0.2865287473614945,2022-04-04,94,2022,D17,96,0.6258916188821362,0.6842526143521999,8.529159296719037
BIGC,2022_095,2.356664692513761,0.9364184721896703,4.663383935399976,2.2077899331502717,0.06042102882726648,0.03950321122460424,0.08633877653122855,0.05973097244128837,2.384198397615498,2.1010458437270803,2.7951219534386733,2.3605010452598814,6551,15573.08376183483,0.0202100625,0.05273061375909748,0.1046223623308016,-5.494337919474827,0.30075853477209397,2022-04-05,95,2022,D17,97,0.5878475452899026,0.6482685741171691,9.320369865151891
BIGC,2022_100,2.579282160954429,1.0261071334640552,4.837044433829768,2.4421153105795166,0.06802910870642696,0.04530485918668435,0.09551345471341798,0.0671104181553668,2.623954619574473,2.36361317966516,2.996710144783836,2.6030271660899613,7270,16142.47822402339,0.0178544375,0.048529121765906305,0.10117954481193946,-5.733181259954863,0.32808619135095024,2022-04-10,100,2022,D17,98,0.6847749982890399,0.7528041069954668,9.036761100831324
BIGC,2022_103,2.0869768403122393,0.9092287349899464,3.821917460320179,1.9983762264248566,0.07141636093037103,0.0478803459019975,0.10003344125825263,0.07042702855686908,2.6528086363033125,2.3414590313620187,3.115624619472125,2.6273509724608948,7598,16468.455920786,0.019302666666666666,0.0511323902436827,0.1033327360206879,-4.186038054035547,0.15930894194104908,2022-04-13,103,2022,D17,99,0.5720862122617063,0.6435025731920774,11.09806920835018
BIGC,2022_104,2.8662169906306154,1.0962343003711676,5.515147374838849,2.696144146014495,0.0604530676964606,0.039693553407748584,0.08552364472698222,0.05941793156708905,2.467639369435691,2.2359417508329384,2.824124124706229,2.4417788304699375,5839,16574.357907323967,0.018681909722222223,0.050024729243347756,0.10242476999414428,-6.470308597133499,0.41996118459540305,2022-04-14,104,2022,D17,100,0.7244288774364762,0.7848819451329369,7.702186051205644
BIGC,2022_105,2.522242441426291,0.9663258225985454,4.851927240346601,2.361734851728386,0.06421685510727884,0.04191292634179269,0.09290037163961398,0.06320721117505335,2.534009399078391,2.26318292814862,2.974562585508607,2.505985710739439,6641,16678.845466778424,0.018231715277777776,0.04921380470006628,0.10175240614250781,-5.234530558301055,0.2739888128729291,2022-04-15,105,2022,D17,101,0.6503389095118568,0.7145557646191356,8.986962010096857
BIGC,2022_115,2.6378911167480106,0.974009056844338,5.345104935077868,2.4596437194257472,0.06639303383491739,0.04402370590226642,0.09391670456742078,0.06572118476114244,1.7798001232598846,1.5215066614056527,2.2321795282285835,1.7438017630094034,7909,17642.183974451822,0.0199403125,0.05225801506731593,0.1042434758729635,-6.370043891734177,0.40383923984943804,2022-04-25,115,2022,D17,102,0.4894146686984907,0.555807702533408,11.945324530821285
BIGC,2022_116,2.6643568209319644,0.9336312663582801,5.611844200477233,2.442622488910132,0.05737555295338819,0.03837285885024687,0.08156717919885818,0.05678770435745409,1.7747726690541339,1.5152194404914507,2.274482086454344,1.737765192297375,5456,17730.07103323283,0.01932513194444444,0.05117225434840486,0.10336519327436298,-6.137144155503037,0.37630482698905693,2022-04-26,116,2022,D17,103,0.48877551265973024,0.5461510656131184,10.505436419679492
BIGC,2022_117,2.579093347452259,0.9554798738579022,5.371233504379012,2.3613779465852094,0.06519954861044569,0.04368016812860069,0.091757501520049,0.0642351501908213,1.8098088923711309,1.5348323573940728,2.3327378381178177,1.7661128233766992,7733,17816.38303127233,0.01829734027777778,0.04933242142538275,0.10185116600194784,-6.275607572622831,0.390796465766066,2022-04-27,117,2022,D17,104,0.4754072321929447,0.5406067808033903,12.060438552685799
BIGC,2022_118,3.7806724637551437,1.2661531487439326,7.648717638634396,3.5032763711921344,0.06545671380721185,0.04389798311984033,0.09212640228241101,0.06444317916698453,1.7082502158472734,1.514580350930457,2.1119468202722724,1.6752944006048143,8215,17901.113428333745,0.017498840277777778,0.04787940065915314,0.10063145610516946,-5.803420888471551,0.34004278360517,2022-04-28,118,2022,D17,105,0.6499116100080067,0.7153683238152185,9.150071596421354
BIGC,2022_119,2.5790320325334846,0.9757613699803702,5.1575984044867775,2.400544085195152,0.06734481194741816,0.04510339294965675,0.09512076088878965,0.06649833899192484,1.8027661493378722,1.5204742649513459,2.3204748122856067,1.7648734233190524,8174,17984.256617616542,0.016770395833333333,0.046534656923265943,0.09948278834246606,-6.9711104279296325,0.4794948879642631,2022-04-29,119,2022,D17,106,0.46253444507102937,0.5298792570184475,12.70946372318054
BIGC,2022_120,2.550082145514814,0.9393243564573287,5.253714498705875,2.3422267757039297,0.06532223705760441,0.043713465000585164,0.09071456840838257,0.06474338722648934,1.802270737532541,1.5269824547581017,2.3113269740741256,1.762210376845002,8086,18065.807895837206,0.016398694444444445,0.04584106616726968,0.09888257301643323,-6.132460097411834,0.37911451632441645,2022-04-30,120,2022,D17,107,0.45445821730099384,0.5197804543585982,12.567274607932523
BIGC,2022_121,2.4933894158070773,0.9355389396042912,5.149929622281675,2.299141279357203,0.06644995173450491,0.04482991851735233,0.0942425828414718,0.06584379086859671,1.8153292954196154,1.5305129178940413,2.327714220857762,1.7743657592076456,8063,18145.763433548753,0.01610004861111111,0.045280030626248934,0.09839308901305986,-5.781497204025818,0.33372360019503955,2022-05-01,121,2022,D17,108,0.4453588872200198,0.5118088389545248,12.983353681472687
BIGC,2022_122,3.1866204313878326,1.1022220230116444,6.702560331027495,2.9075600188353263,0.06485341310901334,0.04379520372376108,0.09102323514807659,0.06403973412501142,1.7608253885937266,1.5272069826696575,2.246152179651939,1.7167795339222347,8152,18224.12024362087,0.015500618055555556,0.04414345654939591,0.09739025182477586,-5.864481776144307,0.3483399545512536,2022-05-02,122,2022,D17,109,0.5464647045133941,0.6113181176224075,10.60878309336667
BIGC,2022_123,4.171241797101435,1.5160359041040259,7.814398338367881,3.991518238260047,0.06690051361393597,0.04494580510649159,0.09396570253096628,0.0659900501820997,1.6806075157209084,1.5148692739914378,1.997165389262216,1.6540944170245044,8401,18300.876150346696,0.015026763888888888,0.04323469069312176,0.09657727106541365,-6.746236406672543,0.4457504411462683,2022-05-03,123,2022,D17,110,0.6770279475028983,0.7439284611168343,8.992869222062094
BIGC,2022_124,2.656228064708855,1.0226859781201565,5.193224423598356,2.4549540791929356,0.06890274202431933,0.04596223254275747,0.09612925857917526,0.06787635203735487,1.841394085678913,1.5726331846106258,2.3332005084888854,1.7992044060447667,8396,18376.02975713319,0.014456729166666668,0.04212883276375589,0.09557408895533642,-6.193398844225085,0.3888438431273696,2022-05-04,124,2022,D17,111,0.46746841406937456,0.5363711560936939,12.846093836612518
BIGC,2022_125,2.6249302417440448,0.9918329389308569,5.25577751231844,2.431853232319435,0.06493027852562762,0.04437929023122404,0.08994325808680775,0.06424007300039683,1.7733199153827985,1.5056901849357935,2.2399174373563895,1.7350427836946727,8082,18449.58041422673,0.014058604166666667,0.04134793001573628,0.09485618405900835,-5.959024106099925,0.3601873188206845,2022-05-05,125,2022,D17,112,0.44154046169740424,0.5064707402230318,12.820144061438697
BIGC,2022_127,2.9293503039036044,1.0576081540567102,5.899630694705332,2.7243317258435935,0.06836024740698635,0.04634701179195071,0.09557817951900048,0.06754156698980532,1.8755289810332965,1.6258369316631007,2.3556739458159863,1.8335188786447947,8414,18591.873816460924,0.013409868055555557,0.040059628233150416,0.09365390080017538,-6.318576726500999,0.3979119944187888,2022-05-07,127,2022,D17,113,0.5145421535405235,0.5829024009475098,11.727563189972548
BIGC,2022_131,2.705464587932368,0.9537283432100392,5.81426942346784,2.4541628262760122,0.05765969359221375,0.038109912900332554,0.08091562659735307,0.05692443745060871,1.6930156057924217,1.4184224111710297,2.1944170134170133,1.6520982512271898,5274,18873.647849551315,0.014007277777777778,0.041246728027440026,0.09476255568421439,-4.391939079569173,0.1824927063089132,2022-05-11,131,2022,D17,114,0.4340498195230451,0.49170951311525884,11.72637340833755
BIGC,2022_132,2.344060833080283,0.881310617782357,4.867483519848934,2.1544331500654894,0.06302809955787676,0.042565302105423225,0.08632595602651022,0.062479232269910125,1.6520490682132236,1.3463076818700206,2.1690056234324904,1.6138714467597617,8097,18943.17922876314,0.013398569444444444,0.040037010833692224,0.0936325888203645,-7.25071982170576,0.5086990182638518,2022-05-12,132,2022,D17,115,0.3625925293371522,0.42562062889502894,14.808516147703315
BIGC,2022_133,3.107142141118797,1.0300276617746045,6.41738682231511,2.867113429612884,0.06581687593891256,0.04468488412779515,0.09165368665138662,0.06506170718619192,1.6258066112823395,1.379685248325196,2.1454314279858906,1.5802892741011305,8654,19010.91830153184,0.013230138888888889,0.039699098676703175,0.0933133204610519,-5.988972645472102,0.361470226629069,2022-05-13,133,2022,D17,116,0.47138271135051213,0.5371995872894246,12.25184782270741
BIGC,2022_134,2.5718167427786534,0.9483320431959233,5.529156299651277,2.3440875794608234,0.06402508797019893,0.04318014314461164,0.08885516588063165,0.06333078183527688,1.7189417757708192,1.4182286855909016,2.2874108030580835,1.6676582906964894,8502,19076.868183584796,0.013235395833333333,0.039709666753588946,0.0933233299848245,-5.745518390751635,0.33078036706554426,2022-05-14,134,2022,D17,117,0.4125640794514926,0.47658916742169155,13.434020818511135
BIGC,2022_135,2.785486027228434,1.0464633320286174,5.6827549809111355,2.5756930751590725,0.06493971431264661,0.04394649784394119,0.09015269740314859,0.06440312707476738,1.6580181820546671,1.3997454042633877,2.147744849171415,1.617488613116957,8044,19141.03255531183,0.013118041666666667,0.039473417719366605,0.09309918654437073,-5.643708665113079,0.3238764380913628,2022-05-15,135,2022,D17,118,0.42996802434278963,0.49490773865543625,13.121579890642774
BIGC,2022_136,2.983315866210558,1.0574250326543855,6.442913986427189,2.7360035438984056,0.06517874266899408,0.04321344280879533,0.09130218346260392,0.06454730170086308,1.687711125621303,1.442462794463277,2.1736950865223217,1.6472355850628764,8602,19203.415625450114,0.012797729166666667,0.03882500761358927,0.09247985535369477,-5.490384899434818,0.30957436374389014,2022-05-16,136,2022,D17,119,0.46563379472660715,0.5308125373956012,12.279051091895745
BIGC,2022_137,2.7011290185826797,0.947400989108729,5.544822935794524,2.4973383466620747,0.06400937855931979,0.04322343884208949,0.08892347430448722,0.06326765247967418,1.7367919534574354,1.4717803788830428,2.2414829320955003,1.6949021031021745,8577,19264.022096042463,0.012149395833333333,0.03749593030301512,0.09119079855141538,-6.480497430668776,0.42098227661964793,2022-05-17,137,2022,D17,120,0.42780331525102444,0.4918126938103442,13.014991147016527
BIGC,2022_138,2.7583494011234646,1.0405900327849722,5.71226789068621,2.5258827813502287,0.06583561152905064,0.0445717664466169,0.09078146898944646,0.06513376317007168,1.7839936878882934,1.5191457309808725,2.271411552123687,1.7429883878474675,8617,19322.857126033472,0.011377541666666666,0.0358826862416443,0.08958892637409428,-5.132409923758963,0.2642987976430988,2022-05-18,138,2022,D17,121,0.4408561697240661,0.5066917812531168,12.993226644851104
BIGC,2022_139,2.5713337573706094,0.9406427813774707,5.249235290157727,2.369322792240391,0.0654393095338929,0.043444231094782744,0.0917642591434494,0.06449995546468773,1.8340223928501433,1.5362425536173385,2.3825958571862405,1.789989736704308,8431,19379.926296891004,0.010777374999999999,0.03460319520434681,0.08828761058160967,-6.323659459470221,0.40172164529584825,2022-05-19,139,2022,D17,122,0.41635410281584007,0.48179341234973294,13.58244173882366
BIGC,2022_140,3.1755607493152898,1.0740977360457147,6.8216545132779824,2.9027928606471227,0.06346929272073282,0.042961904787962316,0.08781813340462571,0.06280199651887888,1.8238458052214717,1.5860524168992893,2.3183888854880896,1.7797283627235285,9034,19435.235576808438,0.010662708333333333,0.03435609075834159,0.08803299709977513,-5.804180611174541,0.3414391440765772,2022-05-20,140,2022,D17,123,0.5098636277607718,0.5733329204815045,11.07023344611524
BIGC,2022_141,2.9284219713544424,1.0677278241776107,6.1828440286010204,2.680324066114455,0.06330149349986715,0.04246930460203615,0.08766998856948623,0.06254774061919467,1.8383199477789223,1.5830131135968484,2.3249594112196292,1.8029816406601356,8895,19488.791286714957,0.01014861111111111,0.03323723790926242,0.08686624323172705,-6.033005295526435,0.3667147851260133,2022-05-21,141,2022,D17,124,0.4676336946681391,0.5309351881680062,11.922640448505435
BIGC,2022_142,2.7038066323828387,0.979570797843111,5.63204115968939,2.4977572567862447,0.06248620948938617,0.04236944026009035,0.0863706562845437,0.06203304690120451,1.8368422666944193,1.5552096938208892,2.3738824563389525,1.7941288087753158,8620,19540.600065391,0.009596402777777778,0.032014385475284554,0.08556389399863903,-6.026867995578733,0.36098202299555743,2022-05-22,142,2022,D17,125,0.4249501963258978,0.48743640581528397,12.81935627784552
BIGC,2022_147,3.1882887547668566,1.1301707469056022,6.670861558837049,2.9171897695958284,0.05956815668958057,0.040595390693279006,0.08181691488886066,0.05890484382706973,1.8793987920947948,1.637135455158646,2.361728776996668,1.8386919060732931,7670,19773.690396082355,0.0063677222222222225,0.02432214370520888,0.07659439046536312,-5.115580196478093,0.2673432641554119,2022-05-27,147,2022,D17,126,0.45895864554519444,0.518526802234775,11.487960975758725
BIGC,2022_148,2.870758230901075,1.0227401639033897,5.937530753956786,2.654527404841888,0.05943315826049073,0.03990374956500425,0.08353896619134336,0.058570391799504185,1.87406246018902,1.6146798253646335,2.3839759662140048,1.8333586425726316,7099,19818.83731965322,0.0067501527777777785,0.025291384845484818,0.07781009174294122,-6.753485626284332,0.45050432769010645,2022-05-28,148,2022,D17,127,0.41861675549018335,0.47804991375067407,12.432416898518253
BIGC,2022_155,2.573571114378053,0.8938300203061269,5.371936662885063,2.362945595617059,0.05585905477987956,0.03812700720148534,0.07725399856264811,0.05535032321250602,1.7699784648859453,1.4887065040513303,2.292547417809344,1.7259169615686005,7030,20097.590778197322,0.007578375,0.027330556689276142,0.08027989567769059,-6.610951642851522,0.4295156215695252,2022-06-04,155,2022,D17,128,0.3656882071448392,0.42154726192471875,13.250958984963127
BIGC,2022_160,2.902066794378165,1.0419134868232263,6.220896644008642,2.630193432679813,0.05839673610172077,0.03952463673669797,0.08007425392781553,0.057903130414550544,1.8263563130870426,1.555070858760669,2.334186222056197,1.783196743532553,8047,20243.422827506627,0.005837534722222222,0.02294596072470908,0.07481750364321271,-7.166435288796777,0.5011082730504111,2022-06-09,160,2022,D17,129,0.39654833216625646,0.4549450682679772,12.835997173030837
BIGC,2022_170,3.3998279053080163,1.2364022052757173,6.648297202047214,3.2169584330034415,0.06204345962511307,0.04238930102476178,0.08491991774315874,0.06143763000548959,2.0215542049122712,1.8007238202811402,2.429697170364069,1.9877692508240612,9164,20404.162171613265,0.005711750000000001,0.02261350357121958,0.07437876040133187,-6.673387522369364,0.43894175903601257,2022-06-19,170,2022,D17,130,0.5112004895969763,0.5732439492220893,10.823221022970772
BIGC,2022_195,2.9003095917825927,1.3259375123437682,4.974588911472545,2.808454540462456,0.07561919009022133,0.05311565999688374,0.10138813425630971,0.0749657284667201,2.4980825491391165,2.2308888419473236,2.948349276662765,2.466661313179542,8693,20049.378116312262,0.0037827777777777777,0.017157963985609096,0.06654725998803725,-6.791098994538802,0.4493750565365898,2022-07-14,195,2022,D17,131,0.4821490584283685,0.5577682485185899,13.557456935037603
BIGC,2022_196,3.2872188338977315,1.4727282054226305,5.6483084263712495,3.191629241724119,0.06930306028797385,0.04791513736503892,0.09412206983892887,0.06882804639843518,2.372773247968011,2.139082967375347,2.7855408213579826,2.340054053599408,8516,20012.423042577342,0.0030943055555555554,0.014997188095941062,0.06303377511098496,-5.674456087735706,0.3207065183600117,2022-07-15,196,2022,D17,132,0.49165240923719017,0.5609554695251641,12.354467342414418
BIGC,2022_204,2.2220344905812195,1.071660520114548,3.7162531648575534,2.1677032195457335,0.06646927289710776,0.047856296461405684,0.08706028572921821,0.06585178777934891,2.617827551863001,2.321312000639905,3.0432074167492096,2.592812658590323,8027,19651.95014279426,0.002894340277777778,0.01434071221494675,0.06190698358720623,-5.962278126856591,0.35809009346171,2022-07-23,204,2022,D17,133,0.3601069253983498,0.42657619829545756,15.582039776881654
BIGC,2022_205,2.99607794705771,1.4713512096226073,4.792118411696597,2.930757680449471,0.07223555838868108,0.052096486957359404,0.09541805523873395,0.07144531181662658,2.4488687441898285,2.189343532540608,2.8851276245197313,2.418252968050364,7841,19598.708255522055,0.0027869097222222223,0.01398185647829486,0.061277979624878416,-6.464210140062307,0.4128685503102879,2022-07-24,205,2022,D17,134,0.44959663698560715,0.5218321953742883,13.84267951057898
BIGC,2022_206,2.460388679059471,1.1339819999733294,4.406478356431257,2.3407684046130273,0.06617364530694805,0.04649519881301419,0.08835278541384112,0.06567005736503873,2.529312156630551,2.211257120552896,3.0406901411441813,2.4942800166192978,7884,19543.631134228388,0.002719284722222222,0.013753623573075587,0.06087290377112582,-5.968338804192747,0.3605135348374331,2022-07-25,206,2022,D17,135,0.37881761935732944,0.4449912646642775,14.870774004265586
BIGC,2022_221,2.677993386824404,1.1318123119035368,4.908273770084592,2.554446792885109,0.06774041963897186,0.04652247777783393,0.09383561702150783,0.06699714704305286,3.019736089338579,2.7478951258252398,3.475724495593875,2.9886779185019385,7171,18633.389190872564,0.0069322777777777785,0.025746570449378055,0.07837142852870164,-6.353164964032431,0.40332862008327136,2022-08-09,221,2022,D17,136,0.633776676207896,0.7015170958468678,9.656274956092975
BIGC,2022_222,3.106238418414599,1.366494834595844,5.619325213549242,2.9502915442257294,0.06579715133086576,0.044594660066897086,0.0906467320804913,0.06516375847287856,3.125824499048451,2.885986968076063,3.530236182739296,3.094306865450893,7954,18563.733364113257,0.005666256944444444,0.022492669065828693,0.07421834163858987,-4.501723113089721,0.1947449428912267,2022-08-10,222,2022,D17,137,0.720627155363645,0.7864243066945107,8.366622289107971
BIGC,2022_230,3.0716062693327273,1.4962822382522405,5.093809871903863,2.996730210378076,0.06896424660939107,0.0489182135153564,0.09266022910290352,0.06819101912582415,3.137908413645638,2.905064539578037,3.498315592238171,3.117786115456093,7822,17948.023341546213,0.003259888888888889,0.0155302472819163,0.06392724817280163,-6.5275481855381745,0.4275825177849314,2022-08-18,230,2022,D17,138,0.6161576133756358,0.6851218599850268,10.06598251162184
BIGC,2022_231,2.7168149354121525,1.2527247349282633,4.737268375288835,2.606728887895181,0.061640111372954144,0.043151376561287355,0.0816569943397716,0.06134731987009612,3.2552439207279837,2.9898767854872474,3.675056443474178,3.2266841201916057,7642,17863.766108404816,0.0029025277777777777,0.014367879406629645,0.06195421785830248,-6.241882786218193,0.39448640127686335,2022-08-19,231,2022,D17,139,0.5479166162712055,0.6095567276441596,10.112284645136054
BIGC,2022_232,2.75490134354897,1.2877502358142772,4.741406981470142,2.6439610507798843,0.06615063767310785,0.04625822960568282,0.08785056770067452,0.0657081104735171,3.2836994383238767,3.0194964986913657,3.685484845301495,3.259003919041178,7799,17777.899021867022,0.003189416666666667,0.015304496281846346,0.06355113257754653,-5.8001032567889785,0.337259278690192,2022-08-20,232,2022,D17,140,0.5749005766472727,0.6410512143203805,10.31908780380962
BIGC,2022_233,2.8478316881703125,1.331661129663682,4.725366820744347,2.774209579277784,0.07140352651434752,0.04986799585611868,0.09538279949968448,0.07105630015863346,3.278081284264763,3.0209997114655667,3.6907487627451774,3.2512582362340625,7628,17690.42789595631,0.0036975694444444443,0.016898044277458682,0.0661391587003464,-5.0843637836455935,0.26255038327531466,2022-08-21,233,2022,D17,141,0.6174370734473051,0.6888405999616527,10.365754648945272
BIGC,2022_234,2.7524909751686244,1.300880060008315,4.616646238000256,2.6672063028807496,0.07411769667793054,0.0517048287823568,0.09913287141821894,0.07370438738421296,3.285685405925852,3.0209149662024175,3.707948665366488,3.256593191499742,7572,17601.359546225038,0.004471840277777778,0.019193682490299135,0.06962297089634334,-6.463938112259791,0.4101168851174617,2022-08-22,234,2022,D17,142,0.6296575767615766,0.7037752734395072,10.531443697318432
BIGC,2022_237,2.9821254650417264,1.3870291972174609,5.177426361071336,2.8685275112811626,0.06470993950933303,0.04559784879168597,0.08641827341923221,0.06414066990334977,3.578888886102315,3.325087837810056,3.992141623332568,3.551632246571705,7544,17324.654958771658,0.0026996944444444442,0.013687158201335111,0.06075418512286511,-5.11347116026296,0.26241699173053784,2022-08-25,237,2022,D17,143,0.6484109293336209,0.7131208688429539,9.074189571022593
BIGC,2022_238,2.5383285822457755,1.2649144913150747,4.263652814130233,2.4701244635333457,0.06358223435377752,0.04552084058534909,0.08331638833226392,0.06307808115937767,3.6503749378069617,3.3730039802448695,4.052685024603811,3.627296311693202,7531,17229.286936402947,0.0020547291666666665,0.011399296996280511,0.056437139411420506,-6.309752201384102,0.3962290050729833,2022-08-26,238,2022,D17,144,0.5229381269409228,0.5865203612947003,10.840584325738401
BIGC,2022_239,2.4250364090716365,1.1949852170814435,4.136055331313474,2.3509026949990837,0.059444790279138376,0.04305144990056771,0.07740717322342058,0.05897774455827601,3.690043042713816,3.372865824876171,4.160882198652852,3.663831360148958,7534,17132.37181391212,0.0015302013888888889,0.0093565135948107,0.05211987608539397,-6.252033500668045,0.39098950382900466,2022-08-27,239,2022,D17,145,0.4663941237394686,0.5258389140186069,11.304752975553823
BIGC,2022_251,2.295309449359822,1.0642694374114625,4.020784651653968,2.2006488082291478,0.06147976656582658,0.045682517668127615,0.07904132528783872,0.06118997189566569,1.8452490512152853,1.4506045653061845,2.5053164565582215,1.7964885388122702,6043,15854.828940970256,0.0010665694444444444,0.007346580109823259,0.04728009297355126,-7.1075978456037365,0.4938737981885689,2022-09-08,251,2022,D17,146,0.20025093713804776,0.26173070370387436,23.489703613598813
BIGC,2022_252,2.07480026324242,0.9401512301825024,3.7089232980124587,1.9843323915190743,0.060532813688663055,0.044188439187399065,0.07816473975268597,0.06044631309254268,1.7790159656606002,1.3791822463222785,2.4269186045988778,1.7308483239087422,6128,15739.473008458357,0.001397923611111111,0.008806562089706866,0.050862977916995976,-5.753172016781579,0.3327256039420797,2022-09-09,252,2022,D17,147,0.18774047989372178,0.24827329358238484,24.381524414174002
BIGC,2022_257,2.14336050880407,0.7863502172402184,4.633760671517358,1.9308244105965555,0.058806219663957264,0.04058962755585265,0.07933881584752057,0.058158036222108744,1.0724643957122157,0.6410217776364252,1.9104782446327115,0.9981641705150393,6680,15144.659310529576,0.006390569444444444,0.02438057818360525,0.07666849453693646,-4.833796762498253,0.22862883294128963,2022-09-14,257,2022,D17,148,0.17623616887141597,0.23504238853537324,25.019410341427452
BIGC,2022_258,2.5362689866701738,0.8624646797491544,5.602595820479369,2.278456044638108,0.056999333866472636,0.03992074299192827,0.07709017817881321,0.05657619686203756,1.065842689558663,0.7148295317395482,1.7574936767866036,0.9988860398265071,6611,15026.926105121573,0.0060061666666666675,0.023387981445026084,0.07539500027883396,-6.363698522163158,0.4054275490720104,2022-09-15,258,2022,D17,149,0.2038125718030067,0.2608119056694793,21.854575127680913
BIGC,2022_259,2.137945911816701,0.7902069824128054,4.520342654229953,1.9599187478912858,0.05717828933416107,0.03943044903712665,0.07762588334728554,0.05660264975713339,1.1653121288812172,0.8000996188494313,1.8452957435534252,1.1056475894443487,6516,14916.373701935707,0.006418006944444445,0.02445066181493376,0.07675723184360454,-6.0496326470402835,0.3646003215199813,2022-09-16,259,2022,D17,150,0.1912309949025941,0.24840928423675518,23.01777468174873
BIGC,2022_266,2.0585808310431575,0.8197434792535634,4.139221133211359,1.9103343913372084,0.0609733681184898,0.04209094802134001,0.08366787518744513,0.06053976809333569,1.333184974744309,0.9334914132645051,2.062014660667052,1.2793027029436717,6513,14116.93565027084,0.009680041666666667,0.032201065204951466,0.08576460779795556,-5.955877774619965,0.3550784745275342,2022-09-23,266,2022,D17,151,0.23537831024975361,0.2963516783682434,20.574666036723084
BIGC,2022_267,2.2646347481734557,0.8704757737406883,4.657199021802277,2.0809374298018817,0.06052388120164107,0.04199429345546275,0.08263166706420745,0.05996225795831239,1.5051518787731215,1.130230919398686,2.161257867751662,1.4508412189240478,6227,13999.512942550107,0.008032159722222222,0.028416472242842907,0.0815503793189113,-6.064417787915079,0.3738628265785269,2022-09-24,267,2022,D17,152,0.27797419246081484,0.3384980736624559,17.88012574097966
BIGC,2022_268,2.1376898903029686,0.8422225041987775,4.276937657650397,1.971439716545845,0.06141134781132836,0.04177973500530022,0.08513899871716181,0.06066343673705686,1.499580208475079,1.1654161693072873,2.1147666797379094,1.4512514535582846,6020,13881.40298556727,0.011044854166666666,0.035176261973301766,0.08887394347610182,-4.355991983109209,0.18153066465356668,2022-09-25,268,2022,D17,153,0.28489764165665216,0.3463089894679805,17.733108200763702
BIGC,2023_291,1.9085509685434334,0.7730738790719494,3.608053537568694,1.8030564741173554,0.05787705875032621,0.03891596405013384,0.08125358509329093,0.0570678218913169,2.0747270725185167,1.7536259586415655,2.537829578816794,2.050877397338652,5045,11167.498218274355,0.021066527777777778,0.054217536417242314,0.10580138527053186,-6.396131232272299,0.4135202000213811,2023-10-18,291,2023,D17,154,0.4189441113681218,0.47682117011844805,12.138105935176675
BIGC,2023_292,2.206163610794205,0.85468665414344,4.49236070658917,2.0571056136154175,0.056771535656172455,0.03792412388019487,0.08075160383611571,0.05573616092527195,1.9833884312076686,1.6859201983974608,2.4350430073088907,1.9572257340148629,4901,11054.687470430435,0.02018813888888889,0.052692281904949054,0.1045917070886793,-4.473194280315911,0.18839680634790437,2023-10-19,292,2023,D17,155,0.45765977634076804,0.5144313119969405,11.035785406567571
BIGC,2023_293,2.294403962106439,0.9098919824365053,4.581488722811443,2.1235298710602226,0.05711487351917552,0.038394120101573254,0.08089424026381892,0.0559237072074307,2.0948756888867113,1.808770156117377,2.587854233611042,2.0585029881315298,4757,10942.43774081183,0.01981545833333333,0.052038558545147356,0.10406684007390515,-4.999537289158034,0.25240586353166206,2023-10-20,293,2023,D17,156,0.5001963386120797,0.5573112121312552,10.248290771104045
BIGC,2023_294,2.3176978176764407,0.9065110235430754,4.4933855887023,2.1717904968393675,0.055785239721638305,0.03713723758466817,0.07788969992964717,0.05510346752685316,2.040238906324605,1.7720060735034517,2.5071032643982343,2.0093091116914987,4689,10830.800079491892,0.020915652777777776,0.05395706897597269,0.10559626058172199,-6.5335785528298445,0.4216150761733858,2023-10-21,294,2023,D17,157,0.49932852430539115,0.5551137640270295,10.049334629526863
BIGC,2023_299,2.331821575009611,0.8640012220152863,4.755335405108316,2.123145551076509,0.05501227805749946,0.03625581247659144,0.0790745921853614,0.054330670130752295,2.158158741239817,1.857822424222063,2.693283227215818,2.118572049667808,3960,10283.757495215388,0.027967104166666666,0.065552056574849,0.1142131421557524,-6.0713861777388844,0.36724337893370845,2023-10-26,299,2023,D17,158,0.5747709124714926,0.629783190528992,8.735113747842556
BIGC,2023_300,2.4850719250350974,0.9802184378418818,4.95491019008752,2.313678233063988,0.056568929097201716,0.03685050023104012,0.08153845379125912,0.055737278181190765,2.145705493274929,1.8893480588699467,2.5670575914041605,2.1162788167801283,4299,10185.749506921165,0.028651701388888888,0.06662286047204474,0.11496135317556774,-5.63090596918762,0.32570404612806997,2023-10-27,300,2023,D17,159,0.613000661431563,0.6695695905287646,8.448551113638354
BIGC,2023_301,2.2846723481449316,0.9174015002431044,4.541710733102892,2.126035394547597,0.059546610481274354,0.039493650672345344,0.08549964318272192,0.05850432745680972,2.2834181102608913,1.988111353453912,2.769766160824979,2.252862275170634,4703,10088.4997897855,0.02886016666666667,0.06694724593042833,0.11518659492369342,-6.7821380785578125,0.4508007949902003,2023-10-28,301,2023,D17,160,0.6009125948202074,0.6604592053014817,9.015940727799068
BIGC,2023_302,2.154327594673974,0.9008484357921581,3.9780021801143075,2.048611040137671,0.059387249999256216,0.03921753692430685,0.08522531564647295,0.058359221638115605,2.2808288279318947,1.9815321159781085,2.7346865841296117,2.252819500737779,4765,9992.05289941212,0.02950985416666667,0.06795328070940676,0.1158810340193427,-4.033886699257661,0.13877367947519625,2023-10-29,302,2023,D17,161,0.5693991305118046,0.6287863805110608,9.444741781936791
BIGC,2023_303,2.1857097678521327,0.8601679661277398,4.257628923431698,2.0505583697969803,0.056973138394071365,0.03751441086323434,0.08185470170540228,0.05608151493166944,2.2034485332636686,1.8889594115332504,2.6422339375282102,2.1793240708455865,4622,9896.452980334077,0.029879083333333334,0.06852176908988691,0.1162707349057357,-5.3256463071139875,0.286639766245827,2023-10-30,303,2023,D17,162,0.5599713680291436,0.616944506423215,9.234726592246957
BIGC,2023_304,2.170521568631971,0.8605934021391757,4.212792406361326,2.030912345200219,0.05585235955018971,0.03698881824923952,0.08056926563251988,0.054864251019293195,2.181336889270338,1.889541584393342,2.573356399059849,2.1601546304389707,4135,9801.743732514704,0.027997041666666667,0.06559906248620764,0.11424613944475585,-6.445284549153047,0.41737379014253784,2023-10-31,304,2023,D17,163,0.5409142007511115,0.5967665603013013,9.359163744361018
BIGC,2023_305,2.0466977808414715,0.852247566547999,3.986601515652316,1.914130318804909,0.056247843198694386,0.03695184152668822,0.08109540772539767,0.055345052499209055,2.2242292937852066,1.9239548367559154,2.7015479336593677,2.197437509102735,4141,9707.968379543658,0.026831652777777777,0.0637567647565481,0.11294215225858173,-5.802811897669322,0.3458447975677404,2023-11-01,305,2023,D17,164,0.5141494013143351,0.5703972445130294,9.861170217734026
BIGC,2023_306,2.467908777331136,0.9913537900527493,4.782195262875664,2.3275303146764115,0.05960059187790708,0.03885018250716793,0.08510740539392343,0.058486719813321,2.1937142963224843,1.9388096200329823,2.6098825415413103,2.1664629196932133,4187,9615.169637628816,0.026307152777777777,0.06291902351650265,0.11234175222350752,-7.120331284320035,0.4946049052078805,2023-11-02,306,2023,D17,165,0.6082055257277075,0.6678061176056146,8.924834664827873
BIGC,2023_307,2.4503698320781933,0.93287346377728,4.72117474333943,2.300851916394266,0.054700132746946885,0.035687707081572026,0.07890890983187823,0.053805420734871795,2.1164957430573113,1.8468524352036912,2.504375557461146,2.0937537655439717,3999,9523.38968673555,0.02640282638888889,0.0630722432949317,0.11245191823001888,-6.024395696226939,0.3654338107620144,2023-11-03,307,2023,D17,166,0.5831978367857796,0.6378979695327265,8.575059862161948
BIGC,2023_309,2.288666921288954,0.8708103988842851,4.6235596040005404,2.131843041751179,0.05215744877053573,0.03490635692871326,0.07323707281638585,0.05143913759099232,2.1295662913982536,1.8494677327319051,2.583207244082014,2.095878464658674,3763,9343.052030217092,0.027028090277777778,0.06406912431998191,0.113164810927091,-5.897741387167996,0.3484116320880461,2023-11-05,309,2023,D17,167,0.5515503425348173,0.603707791305353,8.639518906615319
BIGC,2023_313,2.814431200503951,1.0385464342643096,5.746796029324881,2.615521610085394,0.05290358006400696,0.03484033350539323,0.0768004814329884,0.05188341680315657,2.099049446372832,1.8714364637667074,2.4488470187527462,2.0779776666510186,4056,8996.392387411033,0.04033727777777778,0.0837830003770171,0.12608459648901993,-6.184040647763217,0.38351238085678957,2023-11-09,313,2023,D17,168,0.7448611766901574,0.7977647567541644,6.631476211014106
BIGC,2023_314,2.1213240551955543,0.7844109595276819,4.332955419079399,1.968130827435409,0.05432216180444832,0.03511553006796709,0.07890522283961338,0.05337475595730516,2.107794466788089,1.7946953189315547,2.5380099465672075,2.0867865775662224,3849,8912.874489713657,0.04133854861111111,0.08517075496081818,0.1269220755118393,-7.130161346681317,0.49241482648738716,2023-11-10,314,2023,D17,169,0.5675085934962937,0.621830755300742,8.735843529993296
BIGC,2023_315,2.2032483111834202,0.900277617774066,4.276890419274958,2.0506780652904855,0.05684891340149749,0.03662414197294058,0.08372561044191675,0.055750301993923626,2.109990532590655,1.8170803770709143,2.549010372533029,2.0792326497679667,3793,8830.690487055974,0.04117052777777778,0.08493866043658782,0.12678258194816658,-5.384910084364369,0.30020460375083524,2023-11-11,315,2023,D17,170,0.5893910606169892,0.6462399740184867,8.79687355890356
BIGC,2023_317,2.387027300755279,0.907933903904692,4.907132930092266,2.186916536694747,0.053145802479974004,0.033740895615613276,0.07853705666043977,0.05219794571024727,2.0130538199793393,1.7465967095351442,2.413987891502166,1.9878363270879142,3489,8670.468533205109,0.04123354861111111,0.08502575043611704,0.1268349514644709,-6.698129475495585,0.44456635414098544,2023-11-13,317,2023,D17,171,0.6094691385209646,0.6626149410009387,8.020616377845714
BIGC,2023_318,2.2045364007240047,0.8726012167787345,4.221230305746962,2.0738546067617136,0.05329557951354062,0.034765296155909696,0.07832783835241199,0.05224077833885249,2.0262188102801235,1.742982521151831,2.4468150046943102,2.0004402351916823,3513,8592.500880549349,0.04255665972222222,0.08684418491440789,0.1279211893367068,-5.222162329619858,0.278773137261163,2023-11-14,318,2023,D17,172,0.5714077225223823,0.6247033020359228,8.531342693379253
BIGC,2023_325,2.093859910075389,0.7072064957005473,4.481333262754066,1.9164829905087135,0.05084080568067412,0.032763623243579273,0.0737389946787888,0.049892966175871196,0.8846352224878192,0.5644509813919165,1.4437988431566868,0.8419594685311993,3578,8089.81608271302,0.04822689583333333,0.09443572819351184,0.13231508745035586,-3.8894100297669985,0.1278604499188282,2023-11-21,325,2023,D17,173,0.24508753120396085,0.29592833688463493,17.180107257012686
BIGC,2023_326,2.075435093179605,0.7129307147238647,4.336470934267106,1.8979080181169476,0.049803620816176494,0.03289440915790009,0.0718590591280245,0.048796750315264065,0.7944693760596803,0.4939626095601483,1.3461520727884186,0.7476029593048996,3485,8024.529025267242,0.047333930555555556,0.093260581243108,0.1316490860453366,-5.032305156997629,0.24824065387926397,2023-11-22,326,2023,D17,174,0.21707217894574346,0.26687579976191994,18.661722366961083
BIGC,2023_327,2.0172288414954167,0.6957878800458313,4.484635523048415,1.8131535085984154,0.05139189353575052,0.033197860646919486,0.07402376224459453,0.05055961632138765,0.8774852700967195,0.5168914949006043,1.5588916025582933,0.8194869986302182,3480,7960.959474511852,0.049367180555555557,0.09592596436023795,0.13315258506056563,-5.120284897242628,0.2686804724955,2023-11-23,327,2023,D17,175,0.23569187218737242,0.28708376572312294,17.901358304361686
BIGC,2023_328,2.2086155594873853,0.7706038855389142,4.677218518870307,2.030236399394087,0.048425079459940575,0.030193789655402137,0.0717620517420243,0.047210869374974845,0.8229829280780661,0.5159065844176829,1.4367461275834372,0.7719628056618658,2658,7899.134108613245,0.05149909722222223,0.09868206732726688,0.1346812538844178,-5.14663618359179,0.2722278835557674,2023-11-24,328,2023,D17,176,0.24480377171827192,0.2932288511782125,16.514432077664075
BIGC,2023_329,2.3592258761447416,0.8071931637158953,5.190522745917968,2.119973756200486,0.050645426377542706,0.0327940673927115,0.073990950384574955,0.04985745311504035,0.8884816090325868,0.6035644062262736,1.4491238549230494,0.8420413707199228,3538,7839.078772542627,0.05381886111111111,0.10163858578296094,0.13629300612340545,-5.73981043366752,0.3300124623044802,2023-11-25,329,2023,D17,177,0.2856876957157231,0.3363331220932658,15.058114426059598
BIGC,2023_330,2.2430358851313725,0.7740093570488688,4.818706932859629,2.022288796936948,0.05073999550276332,0.03304255133389832,0.07427889109760893,0.0497849230674903,0.9727953363241942,0.6741117717640762,1.521654068020973,0.9240539824332112,3475,7780.818476838256,0.054547798611111115,0.10255887291904961,0.13678897850508653,-6.450768869043784,0.4146153756659531,2023-11-26,330,2023,D17,178,0.2984755821769106,0.3492155776796739,14.52970564483402
BIGC,2023_336,2.015527881294366,0.7109025170238457,4.317647783583667,1.8328644736858937,0.04854412572584186,0.030231069100863043,0.07323892803802519,0.047458760583594856,0.9381939752859033,0.6135670584357203,1.5482546535272659,0.8879150135312006,2678,7470.248076451942,0.059329298611111116,0.10849828411027726,0.1399277795418803,-5.682484173681029,0.3237848036700431,2023-12-02,336,2023,D17,179,0.26459729041823127,0.31314141614407315,15.502301268097737
BIGC,2023_337,2.2673285797582743,0.7920452697239788,4.807742987145146,2.0742280005097977,0.04105390360248809,0.024795248037517037,0.06347413602317548,0.04014926310378577,0.82266540571114255,0.5326141456654154,1.2878561793571044,0.789502171765494,1706,7425.183362944517,0.05918338888888889,0.1083194340556581,0.13983478168362276,-4.719491096984696,0.21488617751557249,2023-12-03,337,2023,D17,180,0.26082721610771115,0.30188111971019926,13.59936111337441
BIGC,2023_338,2.366010248931921,0.8047448950712649,4.983327762727674,2.168021564381976,0.04833362657049102,0.03044780061337685,0.07302393181195659,0.047336103312083044,0.8992713797298219,0.6180751890746053,1.4262274321118866,0.8559897486842132,2755,7382.083819500876,0.05788664583333333,0.10672348902077643,0.13900083810831756,-5.779283703442608,0.34154813003000695,2023-12-04,338,2023,D17,181,0.29575004007140315,0.34408366664189416,14.047056357602221
BIGC,2023_339,2.5642290879249936,0.8647308557935373,5.572317647624023,2.341569285466678,0.04866134638147563,0.030917201388327032,0.07117011146820364,0.04780444432637591,0.9307253276068028,0.6746743937977353,1.4511920617657825,0.8870669487983036,3170,7340.966995910887,0.055515562500000004,0.10377443446343797,0.13744002825010718,-5.808026519099071,0.33544468425508023,2023-12-05,339,2023,D17,182,0.3280134035577407,0.37667474993921635,12.918664282468646
BIGC,2023_340,2.0031662003435398,0.7387725816465436,4.245945780223723,1.828717250986584,0.04327260328869297,0.027232085067337472,0.06420411478088955,0.04245573669298881,0.8593582479705368,0.5389047737189997,1.3787270397163265,0.8213355587742042,2310,7302.400847170247,0.05470753472222222,0.1027599971050076,0.136897016641994,-5.218472383753184,0.2782348018390296,2023-12-06,340,2023,D17,183,0.23565964389230973,0.2789322471810027,15.513661014824445
BIGC,2023_341,2.18178020201936,0.7353861757168713,4.825827870637312,1.945504324509649,0.04615728539776751,0.0293532290697327,0.06830610450801892,0.04500429602425975,1.0141284484601307,0.7003241503897409,1.645488878692425,0.9579506908634683,2547,7271.193563506975,0.05499371527777778,0.1031198439639865,0.13709000148885386,-6.294975832294582,0.3929543019929751,2023-12-07,341,2023,D17,184,0.30332607362587466,0.3494833590236422,13.207291336193498
BIGC,2023_344,2.074120995023711,0.7743276767878764,4.160933028553963,1.9241463275137072,0.0484545486061503,0.031099446439683875,0.07255735146167396,0.047335085793604015,1.0856310205778434,0.7812687858464927,1.571000901280854,1.0529030733250857,2868,7188.998670524168,0.05468852083333334,0.10273606683485094,0.1368841686086187,-6.743857630189098,0.44958061097228375,2023-12-10,344,2023,D17,185,0.3082262016606004,0.35668075026675067,13.584851038334033
BIGC,2023_345,2.6013379482316856,0.893865150673416,5.783214786863138,2.348455343026365,0.048319975514446147,0.03066890928166611,0.0718926884155827,0.04716189546185866,1.1123300511383525,0.8482631235527441,1.611457811493405,1.0684081334803852,3114,7165.4436605810915,0.05399988888888889,0.10186751614282429,0.1364166337580755,-6.447414193125028,0.4150017626405132,2023-12-11,345,2023,D17,186,0.3947278558254599,0.44304783133990605,10.90626611765877
BIGC,2023_346,2.5995632643354614,0.8438930757968467,6.008673372429305,2.293055895003815,0.045849326424987666,0.029247443923113146,0.06673278090879019,0.04522642873804725,1.218661845053312,0.946752399651381,1.7429650985113632,1.1700326458709203,3132,7143.82553248739,0.05041570833333334,0.09728628767601184,0.13391031773786483,-5.70774188254703,0.33193798420680504,2023-12-12,346,2023,D17,187,0.4242263552015716,0.47007568162655927,9.753605263377908
BIGC,2023_347,2.188703227701692,0.777289650203945,4.732210332139644,1.9957996855413844,0.04746057030979123,0.03041892823296539,0.0699642515694607,0.046647177404283466,1.2348176630900045,0.9309489293461242,1.7642124077380548,1.191487825746099,3184,7124.152289490994,0.04736171527777778,0.093297255756171,0.13166994641860755,-5.692460925234452,0.33043343823211696,2023-12-13,347,2023,D17,188,0.35585770232200453,0.40331827263179576,11.767522954041745
BIGC,2023_348,2.200461704501399,0.7587984785103997,4.533238051761156,2.0461690023668666,0.0472516596076977,0.029852111658488674,0.06937913207513985,0.04628956145194517,1.1409035761203163,0.8474334190063715,1.636798077666734,1.1063264030941058,2694,7106.431180200183,0.04631086111111111,0.09190518428560353,0.13087467793542137,-7.2537238719815145,0.5044153162779992,2023-12-14,348,2023,D17,189,0.32856279336306193,0.37581445297075966,12.573135289018309
BIGC,2023_349,2.1354975756759766,0.7848727525040483,4.540445771398332,1.961388520035926,0.04905549581150915,0.030868493900561067,0.07261441019860806,0.04821206158995074,1.2083381664290558,0.9055876072964743,1.7260405551574627,1.1694737553725663,2732,7090.668701533163,0.045450361111111115,0.09075749762583711,0.1302135970182137,-6.583499720344292,0.4282798110359072,2023-12-15,349,2023,D17,190,0.33600358568543076,0.3850590814969399,12.739732204419907
BIGC,2023_350,2.331942363728495,0.8142969177865078,5.0159122762235615,2.1224939741521727,0.04839538176293465,0.03144596107565635,0.07153581211486872,0.04739028595713243,1.2252374247695785,0.950801687448026,1.7517414919904404,1.1839665432776216,3115,7076.870602061732,0.04468789583333334,0.0897345591348955,0.12962015288064474,-5.471684893992061,0.3107657603294791,2023-12-16,350,2023,D17,191,0.3703485045844905,0.4187438863474251,11.55727482616469
