site,yr_jday,K,K.lower,K.upper,K.median,U,U.lower,U.upper,U.median,N_e,N_e.lower,N_e.upper,N_e.median,sumlightReal,sumlightIdeal,z,b0,b1,model_date,model_jday,Year,domainID,d
CARI,2021_140,2.2192737391673103,0.9154370613841575,4.36223368009639,2.0784290751236236,0.7124981032223486,0.453020839285499,1.004725373494819,0.7073381776236836,35.48669756892181,34.50357073237398,37.3084705957878,35.3321889548289,5974.7695652173925,17536.119150303493,0.33,-1.7400867964787232,0.13447576740268577,2021-05-20,140,2021,D19,1
CARI,2021_141,2.068732975869154,0.8331232762092573,4.089757854010198,1.9264053639310381,0.5449222371347564,0.32989615482542417,0.7999096816585061,0.5383425105002154,35.57974605585095,34.794955089211385,37.012519409759385,35.4661744774674,2792.0130434782614,17570.92744991844,0.33,-2.237375122611375,0.188015992678396,2021-05-21,141,2021,D19,2
CARI,2021_142,1.524466572630054,0.6749303634890577,2.7533766058012374,1.4520767720485834,0.6488023035007565,0.40903121321077895,0.9289781475564248,0.6415756714135445,35.566569443784275,34.59998861783388,37.15974626736313,35.46120805701565,3269.6608695652176,17604.256160685094,0.33,-1.7305050977345215,0.13363245126866802,2021-05-22,142,2021,D19,3
CARI,2021_143,1.9273157832367735,0.8107824851755783,3.6717354185070574,1.8059434398326126,0.6505260183381457,0.41780033380303233,0.9294868711356497,0.6415911403541399,35.49256217919722,34.624095012449104,37.04573892479398,35.373129653528764,5037.958695652174,17636.120167048313,0.33,-2.5117843900279375,0.2163348483477823,2021-05-23,143,2021,D19,4
CARI,2021_144,1.4597239036732295,0.6780774731019051,2.6169799819251085,1.3982414163306016,0.7049020612766052,0.4595409536000577,0.9929038725451097,0.6986355033436911,35.78791431806406,34.71936952715454,37.60763997381087,35.660166710861034,6447.526086956522,17666.534685917795,0.33,-2.4439029581249803,0.21299128040131068,2021-05-24,144,2021,D19,5
CARI,2021_145,1.5756733099747773,0.741331837593491,2.8013892105863003,1.498007696011816,0.7751687703296952,0.49949157554149465,1.0871203017352127,0.7699232173946796,35.7741432788926,34.68557456497141,37.66007494893289,35.63679645057945,6401.321739130436,17695.515226836564,0.33,-2.278825393541965,0.1965189708330502,2021-05-25,145,2021,D19,6
CARI,2021_146,1.5907420148068463,0.6963150188281209,2.9756360197759975,1.5025936201086374,0.6447106562343009,0.4047045243224613,0.9257902058870029,0.63623501432415,35.47589795240024,34.4501006771698,37.32768038954741,35.334295385556175,3672.269565217391,17723.07755505912,0.33,-2.5216117017282302,0.2199076214666123,2021-05-26,146,2021,D19,7
CARI,2021_147,1.4869910790584069,0.6781169939014419,2.684716182548057,1.416801326612318,0.70097885530016,0.4542213711904277,0.9915093152241591,0.6928592604909796,35.26523708996202,34.21068192828136,36.97452188668543,35.14251242510359,5295.476086956522,17749.237653047647,0.33,-2.1358680660475895,0.18185613514461954,2021-05-27,147,2021,D19,8
CARI,2021_149,1.3642928410938222,0.6448797871585615,2.4649106610953266,1.3017410599484365,0.6440675240890056,0.40571735257736735,0.9272888799290958,0.6359985225602344,34.9932101392834,33.92367080617854,36.63713915656488,34.878193209366586,5709.852173913044,17804.270003090103,0.33,-1.6836681302279857,0.12790348120646372,2021-05-29,149,2021,D19,9
CARI,2021_150,1.2170507146789027,0.5735016389104113,2.13628860273371,1.1671024002007782,0.6835599789872472,0.43799973425656935,0.9738493643467933,0.6747736450085495,34.32462453806159,33.11230403762485,36.10390324014825,34.2099464751585,4575.363043478261,17832.63118194291,0.33,-2.1787273882171365,0.18206099007863846,2021-05-30,150,2021,D19,10
CARI,2021_151,1.2781663443805384,0.5972597953814756,2.284169081739943,1.2287022009170516,0.6958576723432284,0.4384175717424874,0.9896196814403498,0.6895730757535963,33.85134307379939,32.64374796506523,35.8044647904487,33.7233756457754,3375.2043478260875,17859.390014398203,0.33,-2.263637925925262,0.19594985991135047,2021-05-31,151,2021,D19,11
CARI,2021_163,1.3098120591587474,0.5824941413802568,2.417049562258529,1.2387098012309454,0.6512118174247671,0.4100438880385505,0.9247262922423137,0.6433037354173754,30.994981422225813,29.703662886758693,33.160442005389015,30.843507539822475,5318.8130434782615,17807.58806715082,0.33,-2.265277548752581,0.1938564597145014,2021-06-12,163,2021,D19,12
CARI,2021_164,1.3064391043578036,0.6141049549166823,2.4078162411654285,1.2404711937589283,0.7409061736596456,0.46831604410208183,1.0518367540985982,0.7346490600480287,30.942270062791728,29.531026890325254,33.42446317999911,30.759017356711816,4576.334782608696,17778.44974742271,0.33,-2.7794605721265486,0.24911938127733385,2021-06-13,164,2021,D19,13
CARI,2021_165,1.2353723464043,0.5623818224646694,2.269721674130499,1.165020483352471,0.6844955740482116,0.43685795008286,0.9663574948245457,0.6796935189250894,30.69768590282831,29.31183333483095,33.093503793980425,30.50806949995745,6763.010869565218,17750.866320455636,0.33,-2.014079252068345,0.1666225308848546,2021-06-14,165,2021,D19,14
CARI,2021_166,1.1357944253748948,0.5218549642338278,2.0188966738976704,1.086041527849979,0.7774136634546025,0.506352217141943,1.0886452889499634,0.7717834142787539,30.81857002910594,29.239830212093068,33.451090294224464,30.6451283692671,6453.973913043478,17724.8667685744,0.33,-2.1491444271629265,0.17978776369410643,2021-06-15,166,2021,D19,15
CARI,2021_167,1.3406066557880143,0.577664718909806,2.514094152335879,1.271327716805322,0.5728597988281746,0.3615005305738746,0.8262866036249896,0.5674534979646866,29.759551629157528,28.568893250237117,31.926376963725524,29.60735341343009,3406.8913043478265,17700.47899491203,0.33,-2.4203532755608306,0.20794849317753308,2021-06-16,167,2021,D19,16
CARI,2021_168,1.4039332061808507,0.6151566087265773,2.623383024718833,1.3191882032171107,0.5011457674907043,0.3164195319629125,0.7211905614651997,0.4920771312295661,29.183646971264377,28.105128095838754,31.038717013803826,29.04436035997355,3106.021739130435,17677.729807241587,0.33,-2.16378359474586,0.1827016678050305,2021-06-17,168,2021,D19,17
CARI,2021_169,1.0412579368522963,0.4933162573930904,1.882151617217523,0.994409414130847,0.6507982494529249,0.4177484478440992,0.9221123213738193,0.6440810496107157,29.218813162807436,27.732822043016462,31.664867745848085,29.058343722855746,5613.5304347826095,17656.644900884712,0.33,-2.9256750570688306,0.2626961363723438,2021-06-18,169,2021,D19,18
CARI,2021_170,1.0419542431250268,0.4840008418123669,1.8470760594920652,0.9953161767236172,0.647854119914309,0.41130414262496184,0.92426121610027,0.6406580228848145,28.889394383327957,27.354647560558575,31.424467860807383,28.703277866063324,3386.034782608696,17637.24884301229,0.33,-2.0906417039944505,0.17436467129810324,2021-06-19,170,2021,D19,19
CARI,2021_172,1.8137290311395553,0.7395084775008862,3.5112499861604274,1.6904927895452686,0.6706869515150007,0.4241218396610237,0.9539825672947971,0.6639109998853475,28.245274337052894,27.02566703774333,30.700850177640866,28.044019474046156,4047.252173913044,17603.61580995214,0.33,-2.438451201038914,0.21179698356875715,2021-06-21,172,2021,D19,20
CARI,2021_174,1.5004415155782451,0.6405193808990499,2.82615205150696,1.416910615306394,0.6949634314953048,0.4465367139883217,0.9764588591315201,0.6891094105388834,29.19735789676719,27.81201532260718,31.765417571497494,28.992745977671476,6641.863043478262,17577.00411151693,0.33,-2.086469256521784,0.1723228230796129,2021-06-23,174,2021,D19,21
CARI,2021_175,1.2447232236779426,0.5707190061915702,2.28435315842654,1.1846623351120789,0.6641475321217277,0.430588712460253,0.9457471620422299,0.6571490415406837,28.91691105839489,27.602840398213797,31.170812233483563,28.75427326689069,6272.110869565217,17566.380271284957,0.33,-2.3843943646319388,0.19769002249418902,2021-06-24,175,2021,D19,22
CARI,2021_177,1.6531138299386547,0.6829690859026115,3.2007845623471995,1.5524773841465203,0.6470798307152337,0.4119304725616567,0.9324898159450719,0.6385243558332786,29.1384781624888,27.878528424930533,31.52132833625949,28.949604828383656,3934.29347826087,17550.584051488157,0.33,-2.0463340059774375,0.16962569405078848,2021-06-26,177,2021,D19,23
CARI,2021_178,1.3711351814427317,0.6288240567762593,2.5018354858401737,1.2955620169787108,0.737714335950145,0.4757392957486848,1.0328084260732722,0.7320002970977345,29.604392443279654,28.189298631063412,32.10372089213709,29.4148398099695,5705.004347826088,17545.442959549662,0.33,-2.100326621292932,0.17330170185503938,2021-06-27,178,2021,D19,24
CARI,2021_179,1.284325554292968,0.5890534986323173,2.413560717800068,1.2161087524147578,0.7180342914498212,0.4589320269895154,1.015323943913511,0.7132885773729782,29.683960233325102,28.207401922288817,32.24342926091128,29.487805662662247,4966.9217391304355,17542.15865870414,0.33,-2.6108479020449753,0.2299776889459456,2021-06-28,179,2021,D19,25
CARI,2021_180,1.35527992760938,0.5957234154434199,2.5085095681725407,1.2867320402675941,0.6938818634566242,0.4456117109216777,0.9882007281530949,0.6878052565476362,29.468633985964786,28.08523904022945,31.966676348186876,29.2899890984945,4472.652173913044,17540.743654917344,0.33,-2.3700131189665767,0.19816155632593332,2021-06-29,180,2021,D19,26
CARI,2021_181,1.1853562662051025,0.5467912570417136,2.150429241175933,1.1256871221265694,0.7269943744399402,0.46700459201658107,1.0258584026550026,0.7206196321840955,29.236817874768757,27.73648047133264,31.779824680845852,29.065844593064085,6061,17541.209176665783,0.33,-1.9492076235744478,0.15755765250785764,2021-06-30,181,2021,D19,27
CARI,2021_182,1.2844086177610174,0.5961630400256187,2.343343740673396,1.2146987929850943,0.7829114059054484,0.5159945684669219,1.0905195257946405,0.7768310040682459,29.456541908755234,27.876901660959845,32.266149946758105,29.252011065887004,6630.278260869565,17543.565162950326,0.33,-2.520828476540078,0.22476671300565673,2021-07-01,182,2021,D19,28
CARI,2021_183,1.0288899639305158,0.4908602030768176,1.797460236829484,0.9860051668343656,0.7568800769521133,0.48705573582913864,1.0649108751140484,0.7510681081179904,29.06874693761023,27.431877086888175,31.8971536114866,28.857001190644553,5351.765217391305,17547.820250753706,0.33,-2.5564512015334464,0.21943558634311627,2021-07-02,183,2021,D19,29
CARI,2021_185,1.2693273915898784,0.5727145432655196,2.280139997557168,1.2087683951937644,0.7892958862658499,0.5219517304571483,1.100109785498607,0.7820431588714701,28.718026770967885,27.191337281803577,31.37793691572571,28.530185590964567,5850.763043478261,17562.055700432873,0.33,-2.0044411048091098,0.15982724092488815,2021-07-04,185,2021,D19,30
CARI,2021_186,1.4995385086237394,0.6632747450924862,2.795000411869126,1.4171844250553947,0.8200591573894589,0.5290090851220226,1.1518349382434667,0.8132107838437385,28.817867911337085,27.28641772696303,31.565137318944412,28.602506753888488,3216.5152173913043,17572.04672165813,0.33,-2.037287101031251,0.16604238475247854,2021-07-05,186,2021,D19,31
CARI,2021_187,1.275283379064058,0.5621277860322459,2.3759897679090636,1.2021178012147056,0.6412541126655978,0.4036590885470149,0.9182765412298142,0.6349907350963431,28.07075165140752,26.767921967671885,30.39031106017128,27.889051454731568,3085.339130434783,17583.958140587856,0.33,-1.8960160588730723,0.15355570126860482,2021-07-06,187,2021,D19,32
CARI,2021_191,1.36067106921926,0.6100437859908638,2.5570750447397415,1.2764402702389364,0.7633994243069717,0.49092172940925627,1.0659684637800089,0.7590157860774516,27.997009913788663,26.43128295188553,30.82029128649307,27.797823791474315,5736.732608695653,17650.826220432937,0.33,-2.0972598439414303,0.17014000928038817,2021-07-10,191,2021,D19,33
CARI,2021_192,1.2473372607032147,0.5543738355583356,2.3196185869991193,1.1801124978583137,0.7308101000786567,0.47235058588522916,1.0202325121126636,0.7224260365510244,28.135006408727403,26.571769809882923,30.93148763135653,27.926774587696833,5731.767391304348,17672.341337171354,0.33,-2.4081355874355252,0.20865435245270147,2021-07-11,192,2021,D19,34
CARI,2021_193,1.0498243014562156,0.4940600054186426,1.848974041150921,1.0010799405289976,0.7785806551126943,0.5106325655050057,1.0917639426803338,0.77243672247833,28.078065079456298,26.39637285842111,31.03871636792326,27.882155179186434,5540.302173913044,17695.76778647049,0.33,-2.3579244158268056,0.20202150065541744,2021-07-12,193,2021,D19,35
CARI,2021_194,0.9684118013915995,0.4623243748442867,1.6951041408465004,0.9301990249926553,0.7448477717668679,0.48133100452616284,1.052141325414033,0.738094892619272,27.48709227484767,25.82518444562879,30.261107700322526,27.284204867375934,5470.613043478261,17695.456318197597,0.33,-2.6230296161831927,0.2296336934036862,2021-07-13,194,2021,D19,36
CARI,2021_195,1.0558414905279314,0.4787143417257061,1.9301297414472043,1.0031826922732086,0.5834236215511484,0.3627212036722529,0.8466072852835174,0.5750171065458689,26.349498910110423,24.92945865106297,28.65063160927232,26.176613716270072,2844.8565217391306,17664.781297605194,0.33,-2.3478194420284795,0.2026349097790188,2021-07-14,195,2021,D19,37
CARI,2021_196,1.254537823587365,0.5433195359515769,2.342167176472421,1.186156314709751,0.7414350613434108,0.48082316665169467,1.041164661056324,0.7335576833432274,26.682210744994507,25.118827308383622,29.47362444002996,26.46834898221504,5576.982608695653,17632.992647055886,0.33,-2.380271103538908,0.20599210024495443,2021-07-15,196,2021,D19,38
CARI,2021_198,0.9856782438761649,0.46097825279122356,1.7737494849437345,0.9360338359678946,0.7743800023899474,0.49875022402411495,1.0787997756927412,0.7690192984821618,26.414046734649514,24.65892080757677,29.39099164685384,26.197724496040742,5148.523913043478,17567.74918999239,0.33,-2.779467271178851,0.24584330612477506,2021-07-17,198,2021,D19,39
CARI,2021_199,1.322601537818274,0.5501243750689814,2.587950749336618,1.2294911575837104,0.5551106747833077,0.3437096316045043,0.8122079824487479,0.5471645499572271,25.827150179175135,24.45471146474237,28.29859434628714,25.60717549858809,2187.8652173913047,17539.30044842951,0.33,-2.5297836408155807,0.21681029601993013,2021-07-18,199,2021,D19,40
CARI,2021_200,1.1367614192731759,0.5071850523723943,2.099292657876613,1.075563408691032,0.7290744671963592,0.47048128110987686,1.029686408832197,0.7225686460882471,26.243791582756234,24.619537946503282,29.049250239171915,26.030863165122682,6002.352173913044,17509.98005214632,0.33,-1.9005639968818178,0.15308855396143226,2021-07-19,200,2021,D19,41
CARI,2021_201,0.8842549025500221,0.4110685113958729,1.595544674087308,0.8440923437244727,0.7054191745045439,0.4614182899511554,0.9960933022127794,0.6978870820289907,26.035556770719193,24.236476181053945,29.062060111089544,25.8106143951497,5370.502173913044,17479.786884719448,0.33,-2.2579273423137765,0.19078647093277112,2021-07-20,201,2021,D19,42
CARI,2021_223,1.8509712277825985,0.752920237907001,3.607681444842427,1.7255454016188507,0.6526586182462469,0.4187066333622269,0.9221998063859389,0.6448543648177182,30.857004669788306,29.73911809939409,32.97271391071367,30.69621696815051,3646.0695652173913,15400.77686563776,0.33,-2.7374442781391655,0.2430516298986853,2021-08-11,223,2021,D19,43
CARI,2021_224,1.5475811603281993,0.6489309518169875,2.915686023070942,1.456499075308011,0.5474138761353071,0.34258222260280213,0.7854129634477219,0.5424708103123499,30.75490575113646,29.792469506518565,32.466490861787314,30.620724729698686,1977.3347826086958,15226.361307675324,0.33,-2.324710700341472,0.20091514130661245,2021-08-12,224,2021,D19,44
CARI,2021_225,1.9893404274852673,0.81176880507512,3.6853736962925154,1.8968440042509027,0.6082230168734699,0.38504397765280246,0.8695386897160207,0.5991855901375406,29.778956015528355,29.042665786534393,31.032415055845878,29.682377334250138,2531.3,15048.881696030192,0.33,-2.3456987530044042,0.20453373705776287,2021-08-13,225,2021,D19,45
CARI,2021_226,1.8950722995929894,0.7661342012595155,3.7747128027283328,1.7575131987276351,0.5859018261184777,0.36978656607274746,0.8476972563327876,0.5783666784831216,30.852425473305072,29.842159939356105,32.757269871456245,30.698507285897385,2002.913043478261,14868.37613508552,0.33,-2.643152695347087,0.23155004493403156,2021-08-14,226,2021,D19,46
CARI,2021_246,1.9868265585777547,0.819820796916448,3.680340503934495,1.8880566293356629,0.5685162526722567,0.37288544262468504,0.7959704940726057,0.5609697139328869,34.71707437983561,33.985490137991505,35.91372381065709,34.62679946600512,2757.956521739131,11114.04354660539,0.33,-2.2046408677261877,0.18590158643772312,2021-09-03,246,2021,D19,47
CARI,2021_247,1.8111770861195926,0.7574262476930488,3.408644658824262,1.7209003162116556,0.5664529191566531,0.37161836431275014,0.7808018904731641,0.5635854651913941,34.62338373563787,33.85604590862518,35.91254197386811,34.53118713517438,2731.641304347826,10925.757347291685,0.33,-2.102612850657583,0.17401047430512667,2021-09-04,247,2021,D19,48
CARI,2021_248,1.42620467091423,0.6335258124845011,2.6140721505394637,1.3521495230654033,0.4966504052655899,0.3231116868644507,0.707052000191812,0.49011282843243886,34.12314762084689,33.19361015854233,35.4545115603554,34.04483677201506,1535.6413043478262,10735.90317255637,0.33,-2.4147161863698856,0.20683367920854462,2021-09-05,248,2021,D19,49
CARI,2021_249,2.1072032650242982,0.8765303290291163,4.031568144972841,1.9983123249825956,0.5611150467108887,0.3665530534770665,0.7884213959132965,0.5559731732581927,33.760602503411796,33.05809972224992,34.95130342770337,33.663824017675836,2453.0521739130436,10544.53654163862,0.33,-2.3498256919145195,0.19945230803002162,2021-09-06,249,2021,D19,50
CARI,2021_250,1.9331751524727172,0.8071715505251508,3.654990162453878,1.824108489237037,0.5876681697938361,0.38117124569296995,0.8149750694182666,0.5828871317542926,33.90464689773606,33.12801365847039,35.27699711575589,33.806882389952776,2493.545652173913,10351.714147590232,0.33,-1.668191706538431,0.12207681753688053,2021-09-07,250,2021,D19,51
CARI,2021_251,1.682374300585752,0.7006966870227044,3.133527293533759,1.602208335779919,0.5615228341160172,0.36869541451526266,0.7803578545349688,0.556750256846579,33.817971119488426,32.97600885192961,35.248400088366715,33.71293798967051,2392.3739130434783,10157.493835210713,0.33,-1.9185007984349733,0.1583441679866503,2021-09-08,251,2021,D19,52
CARI,2021_252,1.9965816491347428,0.8595443440940295,3.625885538843921,1.9142137400701686,0.6325227346414461,0.41783479098046855,0.8689776954365901,0.6283256313821357,33.565166228776896,32.7971800300397,34.92973822948561,33.45622604398821,2968.6021739130438,9961.934577075655,0.33,-2.676405042213921,0.22942675716919558,2021-09-09,252,2021,D19,53
CARI,2021_253,1.4445877499445556,0.6650901179634894,2.5779774744791104,1.374944690148837,0.5977755683991566,0.3977734901430952,0.8238739245652051,0.5934468657914169,33.38176720436841,32.42049372606031,34.89066035560452,33.283591781805846,2347.676086956522,9771.01877289296,0.33,-2.1584755775574767,0.17954149595702842,2021-09-10,253,2021,D19,54
CARI,2021_254,2.4256825838678395,1.020121577935631,4.370315790008777,2.3441490864636148,0.5969017251259275,0.39574060660797067,0.8291890695506037,0.5913595101171238,32.35652766374712,31.77608944558557,33.41000268808932,32.28308547826357,2850.1000000000004,9586.043598343305,0.33,-2.3307267746718368,0.19892071475904224,2021-09-11,254,2021,D19,55
CARI,2021_255,1.5888375567291704,0.7058382028944611,2.982677522158712,1.5037194392354953,0.5684992211405048,0.3765077651451684,0.7931035395030681,0.562669913639877,33.17787207348657,32.210412091512126,34.87399924843886,33.04733795476001,2819.1673913043483,9399.952239325947,0.33,-2.362802624947821,0.2063529056247313,2021-09-12,255,2021,D19,56
CARI,2021_256,1.8181351588134564,0.770043066264505,3.4842355637160307,1.7041870510298183,0.5309683719536624,0.34288694911014084,0.7458534321362388,0.5271291749105038,32.740770924212484,31.95233198753906,34.16068883511078,32.62956853305732,1136.5978260869567,9212.804685131545,0.33,-2.144708591860389,0.17814841294196898,2021-09-13,256,2021,D19,57
CARI,2021_257,1.9028500578079883,0.7409791082104349,3.7783593561287923,1.7702076482605387,0.535223871004937,0.34912364525907136,0.749061309187551,0.5304437048792228,32.891305985686444,32.05411191921277,34.489997373746206,32.762926076857354,2789.291304347826,9024.661904773762,0.33,-2.510507680934726,0.2200349395587107,2021-09-14,257,2021,D19,58
CARI,2021_258,1.6204593323364365,0.7084226044738268,3.0642000772112175,1.5350938385742476,0.5289421661861279,0.34636573348906385,0.7372270397070689,0.5238174095938467,32.979241389154154,32.092663580448296,34.459607888528126,32.86930215187709,2687.3108695652177,8835.585811843106,0.33,-2.111447303344968,0.17922014469163994,2021-09-15,258,2021,D19,59
CARI,2021_259,1.727983199104378,0.739343037087317,3.2581207885120502,1.6371706091133884,0.5655362221285258,0.3673312296764009,0.7875503963968099,0.5607061005691865,33.126062636957776,32.247151448415735,34.7482389518159,32.99552636070192,2003.817391304348,8645.639227386098,0.33,-2.2754500614407727,0.19359634462270525,2021-09-16,259,2021,D19,60
CARI,2021_260,1.8740221010592097,0.7652468816213204,3.632753572630124,1.7495453661754028,0.5176386299638066,0.34139552110858035,0.7265938834111708,0.5148000691657293,33.132242082939264,32.32838544686104,34.538154359422016,33.029048734140964,2138.1326086956524,8454.885840983457,0.33,-2.668425634198586,0.23346819473206432,2021-09-17,260,2021,D19,61
CARI,2021_261,1.6982287533603597,0.7232119790776004,3.209519613204015,1.5991323849206527,0.5135681791607799,0.3314652766519693,0.7097844502387309,0.5083135870990118,32.85971626714473,32.0639775162518,34.23071144090692,32.76053582590119,2233.371739130435,8273.800508464432,0.33,-2.126203404149426,0.1772821082090273,2021-09-18,261,2021,D19,62
CARI,2021_262,1.6548520535374593,0.6987854856639925,3.1154943921968594,1.5585674109379175,0.4777393979435793,0.3044918392547726,0.672005388931343,0.472345410996221,32.49225870215788,31.706337034086175,33.80462627195437,32.41120299301804,1333.1021739130435,8098.036173757355,0.33,-1.7474029361346097,0.14045958694881885,2021-09-19,262,2021,D19,63
CARI,2021_263,1.8671944445207416,0.768950814998909,3.6528837487669272,1.7589241875435786,0.5106355558661608,0.3400003710526682,0.7141512278175377,0.5061716045666073,32.607578762850636,31.80917556784513,34.09083347648373,32.490159258775535,1282.1934782608696,7921.668890494373,0.33,-2.514546465809108,0.21876767698341745,2021-09-20,263,2021,D19,64
CARI,2021_264,1.970063691567036,0.8148699306316537,3.829096106042185,1.8503166365843833,0.537713195858294,0.3535880575105261,0.7435051658618161,0.5327202072547961,32.738561074071136,31.96334964511286,34.16398993058859,32.62651421672512,1485.221739130435,7744.758278789486,0.33,-2.248726244985508,0.19044539824658677,2021-09-21,264,2021,D19,65
CARI,2021_265,2.0362729590194726,0.8341641079409767,3.928305736663417,1.900631043429465,0.5227310201220062,0.3418138063907549,0.7210809017812724,0.5195237081905396,33.2004707708015,32.3909643226412,34.670254917460696,33.07685731884562,1857.1586956521742,7567.364607975789,0.33,-2.584172561219182,0.22913713213547166,2021-09-22,265,2021,D19,66
CARI,2021_267,1.6676528173905962,0.707670226799709,3.122394558351867,1.5805291253930935,0.4742694766185378,0.3042746656950561,0.6671092671599483,0.46745289593128986,32.83993123417741,32.05185249753625,34.138306003730015,32.75344395369703,1014.4956521739132,7211.372164476372,0.33,-1.9928537088163858,0.1646743095144552,2021-09-24,267,2021,D19,67
CARI,2021_268,1.9158595658706739,0.8055646785604276,3.611443703634705,1.8109413347746683,0.5036206069594104,0.33096568475595756,0.7000193367233982,0.4999144450664351,32.84105046445462,32.11746432449819,34.095394050737795,32.74679261768017,1151.8804347826087,7032.896801183248,0.33,-2.4476864981486672,0.20956553172861986,2021-09-25,268,2021,D19,68
CARI,2021_269,1.8138607080331366,0.7468795171865312,3.56531155160537,1.6932668208843418,0.46200384926373406,0.30338642579256414,0.6461533216164147,0.45755088471070965,32.972054153091285,32.195388536634646,34.340233662555264,32.862725854665875,1742.7652173913045,6854.185109643964,0.33,-1.7770311517124713,0.14246956490401108,2021-09-26,269,2021,D19,69
CARI,2021_270,1.9488206758529534,0.7993698806196117,3.746153819451289,1.820877537043031,0.4953286984489396,0.3199846304274463,0.6905250713606538,0.4915782333839258,33.06957677848181,32.29292208314468,34.50962901973157,32.95730727207485,1122.2608695652175,6675.299966987339,0.33,-1.7556888612855222,0.1365786464635433,2021-09-27,270,2021,D19,70
CARI,2021_271,2.096554105047214,0.8723490502210598,4.0273818258741585,1.9820162161112,0.5392227912283533,0.3618872692203025,0.7382994383502645,0.5345003403335649,33.763674986472665,32.94497417018883,35.263489806753746,33.64145967695201,2017.4195652173912,6496.304637060683,0.33,-2.2440749187399778,0.19374307080722256,2021-09-28,271,2021,D19,71
CARI,2021_272,1.5693755786413022,0.6571390384897167,3.000221063878384,1.4799655559072242,0.3986629688619141,0.2569855583031375,0.56366506093453,0.39411565030206497,33.94340370338053,33.08570968917569,35.374035322381026,33.842837211299596,641.2108695652174,6320.562062632889,0.33,-2.1347113413489627,0.17929233222485824,2021-09-29,272,2021,D19,72
CARI,2021_273,1.528805520452962,0.6852956561640741,2.766428233962538,1.4562472676634686,0.48324183655184266,0.3128257025792262,0.6827454616683186,0.47878026057480194,33.56012893916483,32.677886686137974,34.846017962882854,33.49282294695204,675.1304347826087,6154.89433339252,0.33,-2.219691695700486,0.1876703358094103,2021-09-30,273,2021,D19,73
CARI,2021_274,1.6953873345738166,0.7021967058933843,3.30442392091769,1.5964039945016706,0.3829895071215089,0.24818961053539723,0.5493526117636712,0.37768030011241355,33.44722880216849,32.677922457611224,34.62811503421286,33.36952210962747,418.4934782608696,5989.299856581987,0.33,-2.3957832822409264,0.2060570014335129,2021-10-01,274,2021,D19,74
CARI,2021_275,1.8724274979403812,0.7608141123988355,3.760812934419314,1.746251015250997,0.31584514991061535,0.19429304631885563,0.4655197108389487,0.31085108681559176,33.06703495290135,32.38981907008382,34.10765241153238,33.0065201081933,184.1217391304348,5823.839679713135,0.33,-2.315096565400286,0.20041708844148234,2021-10-02,275,2021,D19,75
CARI,2021_276,1.6784762734256,0.6671450490478693,3.272741984604009,1.5941217560461312,0.3490071902033905,0.21899681403759882,0.5015244968650131,0.34480340633824014,32.49041701282372,31.68165349367329,33.49660340175233,32.44579694475066,467.6934782608696,5658.574984108833,0.33,-2.4142069909074513,0.206194843677193,2021-10-03,276,2021,D19,76
CARI,2021_277,2.030689383766708,0.7555867117371861,4.2006480974349705,1.8800280013176844,0.3957257695430048,0.2539151555066159,0.5656191192187654,0.39091827807749224,32.52826710698707,31.840375049141702,33.768623858687356,32.42676546718884,719.1478260869566,5509.234047882521,0.33,-2.376690535971817,0.201515421895231,2021-10-04,277,2021,D19,77
CARI,2022_130,0.7804723911070459,0.3729729991855184,1.3935509103591588,0.7427012240425949,0.8447845195406924,0.5525475311701297,1.1672748435614497,0.8382042322665921,24.26829072657422,21.710620685551984,28.60442391226819,23.97833644511016,3749.0913043478263,16136.968477921037,0.33,-1.9383522405884241,0.16025142474803875,2022-05-10,130,2022,D19,78
CARI,2022_131,1.0410226208496387,0.44943779939819384,1.960758881157209,0.9880006793557873,0.750596631848192,0.4809871506474312,1.0564965343104544,0.7464518691727311,23.911590701387752,21.82660062815453,27.93025025343403,23.58757775492029,4722.99347826087,16304.548965080612,0.33,-1.6969833368603129,0.1352299608864727,2022-05-11,131,2022,D19,79
CARI,2022_135,0.7382736624300731,0.3505978310962738,1.3192257011892736,0.7083231522431708,0.75882281244019,0.48938653291073697,1.068583206845558,0.7510321979393666,24.659764443461153,22.22167733099312,28.704278966363905,24.344864953419734,4923.74347826087,16939.751748276452,0.33,-2.4436040801847434,0.2086672725528477,2022-05-15,135,2022,D19,80
CARI,2022_136,1.0326494770083692,0.4655942276485046,1.9195016206045072,0.9741881116577016,0.6200766411347616,0.3914694996676955,0.8922117618789858,0.612967821295321,23.48845381599358,21.718069000207937,26.548080726865948,23.255038050041065,3104.671739130435,17089.62616781544,0.33,-2.8785268454130457,0.2575528519961391,2022-05-16,136,2022,D19,81
CARI,2022_137,0.5156746866395273,0.26848500138844905,0.871287618603099,0.49622536726698313,0.9660365849236461,0.6470100313773239,1.3226511692208367,0.9589023230541317,25.020679890033552,21.831316707325307,29.775286862271475,24.757873225185037,4780.297826086957,17235.876079137888,0.33,-2.0983341258864048,0.18006849571768782,2022-05-17,137,2022,D19,82
CARI,2022_138,1.548361781274784,0.7052677095181449,2.6893827617976154,1.4980082939785853,0.6184245652720299,0.37828958049955586,0.9088992519245913,0.609551563568897,23.954178110005444,22.365002848668244,27.104100886110444,23.681736640983114,5373.632608695652,17378.476697574617,0.33,-2.2806508459080264,0.19075894075799166,2022-05-18,138,2022,D19,83
CARI,2022_139,1.7447264993712428,0.7740430136264099,3.068881491889087,1.6787184125132593,0.6738027091731036,0.4161761750659319,0.9955376982946734,0.6620380131070409,25.452715992083807,23.913909797166482,28.606853465225893,25.171771300751125,5712.632608695652,17499.81674833673,0.33,-2.672118585803818,0.23577787919986617,2022-05-19,139,2022,D19,84
CARI,2022_140,2.2959220170456356,1.2458055701064024,3.4635276576674743,2.269321661039688,0.5113640680451583,0.3137753934891341,0.7540433681172866,0.5040168609288354,26.953620757373518,26.088895784924464,28.4902185051155,26.82952928976407,6260.523913043478,17536.119150303493,0.33,-2.60256680603056,0.23190124199408427,2022-05-20,140,2022,D19,85
CARI,2022_141,1.2165237809865626,0.5955912636715145,2.078591167682454,1.1766470753566054,0.5657277430282085,0.3482674940410277,0.825208697288372,0.5584837129061033,29.234443568102037,27.767316319115732,31.86164505977022,29.03723213075334,5739.560869565218,17570.92744991844,0.33,-2.8589259085915972,0.2580940037009185,2022-05-21,141,2022,D19,86
CARI,2022_142,1.7302565068939768,0.7744275974727918,3.0234738754020474,1.6705144754410561,0.5709044437706563,0.357337816697212,0.8268440861220152,0.5644992476209796,29.31514121250306,28.070211573432452,31.736932459663112,29.11145994710743,6372.191304347826,17604.256160685094,0.33,-2.322528203271259,0.19492380987505445,2022-05-22,142,2022,D19,87
CARI,2022_144,2.062870584954064,0.8893516263064497,3.789956359460346,1.9692052214321252,0.5629577488945492,0.3512619314278813,0.8271041447896941,0.5540670435230379,32.18614333038284,31.163460701388164,34.23675853633535,32.01264006233601,6388.426086956521,17666.534685917795,0.33,-2.0558061250531656,0.16821450216850073,2022-05-24,144,2022,D19,88
CARI,2022_145,0.9908864734144123,0.46682882694578937,1.773238800107147,0.946558040261248,0.4978837528957727,0.3180489594118682,0.718569039275517,0.4916012945031505,32.1757322710711,30.851463893481053,34.18215002205497,32.046009325982666,3889.926086956522,17695.515226836564,0.33,-2.3825692037381687,0.20573163654943036,2022-05-25,145,2022,D19,89
CARI,2022_146,1.0270766860532696,0.47860622658094804,1.849210259083307,0.9760809366959096,0.5222199638467742,0.32732816473207793,0.7573059194316201,0.5143223434558144,30.83501735518523,29.50706454913241,32.62517296037264,30.737561468710894,5207.939130434783,17723.07755505912,0.33,-1.9163060235157388,0.1568128734634385,2022-05-26,146,2022,D19,90
CARI,2022_147,1.8610296154814938,0.789612831769481,3.67241494188301,1.7311326550151125,0.5272694584253012,0.32736914089059477,0.7604510057012728,0.5207519303622461,31.380826965553517,30.29895955063312,33.414734397027836,31.218991307048242,6530.860869565217,17749.237653047647,0.33,-2.865516481376087,0.25198796016526315,2022-05-27,147,2022,D19,91
CARI,2022_149,1.870506128035123,0.7585081479990675,3.7476111663442944,1.7214612094202524,0.5711659987110704,0.367424852797438,0.8160968797400041,0.5658880622623298,32.596549963918676,31.609790464623135,34.43746951762588,32.44056644964074,6643.634782608697,17804.270003090103,0.33,-1.898239551696523,0.1530175135390373,2022-05-29,149,2022,D19,92
CARI,2022_150,1.9926492455934197,0.7824284467653523,4.046523074543589,1.8434951669142678,0.5668788664020897,0.35937072396498976,0.8160488882491402,0.5602774823175405,33.06820474056024,32.12029228171594,34.873388405621355,32.914867242214264,6657.871739130435,17832.63118194291,0.33,-2.1207091677466847,0.17491296439669066,2022-05-30,150,2022,D19,93
CARI,2022_151,1.7618617271821824,0.6909424890881742,3.477677560763169,1.6464484011588758,0.5753885392082624,0.3662305120448107,0.8199671480391132,0.5700080618344281,33.34231333471208,32.34450266517538,35.235045858283904,33.19869055214912,6016.1934782608705,17859.390014398203,0.33,-2.241004002617962,0.19091595269455441,2022-05-31,151,2022,D19,94
CARI,2022_152,1.720016683910859,0.7090204584154435,3.3555895564486744,1.6065603659446581,0.5660813231394863,0.3572245798713375,0.8165819294683633,0.558835573340276,33.16765839827171,32.25212586081033,34.77401803988469,33.04243117386147,5836.889130434783,17884.561742509017,0.33,-1.993602963807082,0.16366840567687216,2022-06-01,152,2022,D19,95
CARI,2022_153,1.830996755826228,0.7376795795456356,3.676718624680206,1.704708960296565,0.5857125722369634,0.36707573657063136,0.8350169615838795,0.5805870463621896,33.044415259754686,32.15615998438763,34.674916541716044,32.91673448633908,5755.339130434783,17908.161717980052,0.33,-2.5412541885677635,0.22211181537210134,2022-06-02,153,2022,D19,96
CARI,2022_154,1.6242541997561768,0.6882580860453764,3.07832078317524,1.5386855739991026,0.5718299980112637,0.3632051047209275,0.8224635181497493,0.5653441991645677,33.18816389623689,32.23337279399767,34.958918598927816,33.04419279955138,6600.1173913043485,17930.20536914801,0.33,-2.4952283040669005,0.2169328691375635,2022-06-03,154,2022,D19,97
CARI,2022_155,1.7897556962003125,0.7577967830046788,3.396407207124002,1.6926673488374189,0.6367440651426053,0.408842823863066,0.9005506856384996,0.6296896672886055,32.93179429056019,32.01759147035053,34.58754811654938,32.804909225959264,6877.165217391304,17950.708168896657,0.33,-2.503025712004374,0.21852953410985831,2022-06-04,155,2022,D19,98
CARI,2022_156,1.8530944863430812,0.7531023517361775,3.6782040006566725,1.7268483283521903,0.5634070497479755,0.3563421647979586,0.7973507832287127,0.5570433874423988,32.72869548063798,31.8636872485698,34.33296264645057,32.598023994897915,6906.997826086957,17969.68560417487,0.33,-1.9088047116849371,0.15493226732325954,2022-06-05,156,2022,D19,99
CARI,2022_157,1.6905900722520157,0.7113243265624473,3.3033098482930248,1.5877417755696048,0.5910844298772321,0.3730204464979005,0.8494210648002568,0.5821123791051207,32.83158090974628,31.869616372059696,34.54345463500651,32.707466780490435,6888.910869565218,17987.153145854303,0.33,-1.9080904914395374,0.1547010155506146,2022-06-06,157,2022,D19,100
CARI,2022_158,1.469362071847008,0.6264140948414764,2.765821708642104,1.3902828513821772,0.5811258334365195,0.36926468842723875,0.8298106369544435,0.5764617634705641,32.382926108604885,31.39782357631832,34.0246803727376,32.273867715398794,6885.169565217391,17975.515483137264,0.33,-2.31087625694277,0.20436643610643251,2022-06-07,158,2022,D19,101
CARI,2022_159,1.701535738263734,0.7025378450698438,3.2608200433419334,1.5905751640205201,0.6066466570771316,0.3899985530031335,0.8617071898889637,0.5996088270676465,32.256288450576236,31.268253917368572,34.03135360375997,32.117775312205595,6961.565217391305,17939.073896951566,0.33,-1.947538855561381,0.1617054194000463,2022-06-08,159,2022,D19,102
CARI,2022_161,1.8843194942400838,0.7551065414980288,3.8217075909431983,1.7399602075350327,0.5038748488481025,0.3157611358310744,0.7316131914414782,0.4976414097952764,32.255171871260174,31.398753197207853,33.835198873554305,32.129254472840856,2309.4152173913044,17870.408171262883,0.33,-1.864288954704946,0.15283809666068154,2022-06-10,161,2022,D19,103
CARI,2022_162,1.4643214781612461,0.6357817312065763,2.7266395721668415,1.386082097856864,0.5749909010300573,0.3675237071293075,0.8197322406355487,0.5691826666904996,31.98178704633367,30.97154867641676,33.68374139623535,31.867606448119783,5120.197826086957,17838.251236885888,0.33,-2.562846206582962,0.2199253159537864,2022-06-11,162,2022,D19,104
CARI,2022_163,1.3979297838178761,0.6214168366815379,2.599765386863852,1.3193142500696402,0.5643230244503907,0.35631489460851123,0.8100409403930423,0.5572139127160027,31.53937987941095,30.523471786032612,33.24581764670868,31.42046273207741,3144.3152173913045,17807.58806715082,0.33,-2.0313465041469616,0.1675916812371134,2022-06-12,163,2022,D19,105
CARI,2022_164,1.2622636122090283,0.5686262947486982,2.2671600340983398,1.1940825545031655,0.6423784773350136,0.41171897118092726,0.9164318944380424,0.6356898194409067,31.285170753283037,30.078817411414935,33.31092088439533,31.147099999420483,5093.223913043478,17778.44974742271,0.33,-2.3964302915676057,0.20583236147377018,2022-06-13,164,2022,D19,106
CARI,2022_165,1.3987269347496651,0.6205985421751026,2.549002229843971,1.3297030892053896,0.6539002653285608,0.4192649836327522,0.925622053246607,0.648045235695492,30.94801418259723,29.784932008890543,32.96414903038583,30.79556213374559,4091.3260869565215,17750.866320455636,0.33,-2.305644620378402,0.19785947875890372,2022-06-14,165,2022,D19,107
CARI,2022_166,1.5521589321732423,0.6618499859241704,2.934463456556811,1.4645216264892114,0.6226512904562864,0.3971192166387226,0.8860683291724523,0.6172368204756684,30.410341793436796,29.337699158343565,32.31446909127181,30.274620755152814,4531.808695652174,17724.8667685744,0.33,-2.279355677621541,0.19348964904833524,2022-06-15,166,2022,D19,108
CARI,2022_169,1.6873727064245483,0.7054245454378525,3.2209472244126043,1.5862681425693226,0.6350734861575458,0.41343954071042627,0.89435519031778965,0.629522259047891,29.151036618537777,28.12441017348429,31.073177648657456,28.99712050062353,5698.391304347826,17656.644900884712,0.33,-1.6654822904088349,0.1287013849178574,2022-06-18,169,2022,D19,109
CARI,2022_170,1.8012278014671699,0.7289231126019886,3.6631501556006274,1.665708214624066,0.6072276796625172,0.38544464541647677,0.8716573266836634,0.5986724350857401,28.99202744428604,27.97301069018445,30.915426410713394,28.829493503431003,4311.110869565217,17637.24884301229,0.33,-1.916963546292912,0.15701957664937774,2022-06-19,170,2022,D19,110
CARI,2022_174,1.5503887998164438,0.6500246793399969,3.0098068213792675,1.4584908895292603,0.6147320085817883,0.38893088450209595,0.8845679597851217,0.6065114999488226,28.321360540587055,27.135039046652942,30.617585501781633,28.131403270532214,4165.710869565218,17577.00411151693,0.33,-2.6409170582744474,0.23168383491156155,2022-06-23,174,2022,D19,111
CARI,2022_175,1.5023333168231314,0.6366709777982922,2.8694255785376437,1.407590798051448,0.6861435139971455,0.4392078981839642,0.9719811447593615,0.6798139432634436,28.509949166082748,27.160515175748277,30.889985262620428,28.325779501271583,5613.504347826087,17566.380271284957,0.33,-2.488419713217639,0.21430103987014584,2022-06-24,175,2022,D19,112
CARI,2022_176,1.275365955628059,0.5592940248625602,2.390256213008619,1.2051089350249218,0.6409457832496859,0.414213886351509,0.9099923220940491,0.6323838877665245,28.231229773796876,26.923415434455553,30.551444773584503,28.06063215696716,4871.052173913044,17557.568163455755,0.33,-1.71565130631482,0.13131071675541145,2022-06-25,176,2022,D19,113
CARI,2022_177,1.3368417715965395,0.5788394415240788,2.513092599754552,1.2633216291467377,0.6705206817637056,0.42477272153285256,0.9623630597397688,0.6637466068082802,27.888676930788055,26.590163121060733,30.258698169617425,27.697736407370193,5225.706521739131,17550.584051488157,0.33,-2.414790985596878,0.2094164535487107,2022-06-26,177,2022,D19,114
CARI,2022_178,1.2925513099215078,0.5574966541729477,2.4540760278769125,1.2206154708371906,0.686572832353317,0.43719712430651114,0.9815131406617051,0.677931124350312,27.815224493083083,26.371519151851064,30.47818006169764,27.622029692874584,4972.8347826086965,17545.442959549662,0.33,-2.264450767829304,0.19593042991040427,2022-06-27,178,2022,D19,115
CARI,2022_179,1.579384445568561,0.640661496505442,3.0615854537161016,1.4844309059477387,0.6424551564267466,0.40967622031679723,0.9219470760007202,0.6341553398361004,27.363311186260482,26.170018691438024,29.607779717516564,27.177634664994795,3691.047826086957,17542.15865870414,0.33,-2.2623765761525427,0.1915712700690929,2022-06-28,179,2022,D19,116
CARI,2022_180,1.5203955265060207,0.6521413126699225,2.893936789016971,1.4303402000765217,0.6556128751976704,0.41775950826246483,0.9403384939076687,0.648788644865798,27.24101359351128,26.064940641632486,29.481020009601234,27.062314170357283,4251.234782608696,17540.743654917344,0.33,-2.5526448303921914,0.2226846144782819,2022-06-29,180,2022,D19,117
CARI,2022_181,1.2184668201016349,0.5426113529600091,2.2970711621422364,1.147755488289573,0.6230051310319915,0.40006104044202756,0.8894172970679495,0.6167439052109428,27.052442505935304,25.725577327892328,29.347999387386476,26.88206890732592,3999.813043478261,17541.209176665783,0.33,-2.511314304079002,0.21829593161613836,2022-06-30,181,2022,D19,118
CARI,2022_182,1.2095878175742902,0.5405556681702348,2.2161308528820087,1.146879113753891,0.6732150906461697,0.43434148771321557,0.9478975757201435,0.6682673211470558,26.91711477883542,25.487485662250112,29.443076153843293,26.719252662483605,4990.704347826087,17543.565162950326,0.33,-2.42066171008078,0.21276391311504353,2022-07-01,182,2022,D19,119
CARI,2022_183,1.29689523152012,0.542590898779914,2.5408322819334,1.217472383878512,0.6000083226287968,0.3780490334492319,0.8663822432277166,0.591468194342395,26.53232095665434,25.174251335484445,29.04261377257633,26.32514987058716,3711.8847826086962,17547.820250753706,0.33,-2.420978217428898,0.20918379202358767,2022-07-02,183,2022,D19,120
CARI,2022_186,1.4813678452735612,0.6096161183985666,2.8689512761553675,1.3847927871577028,0.6882360681960956,0.43294597382819616,0.9884351175337008,0.6813975267114377,25.85415746480122,24.49335550646887,28.45935820694491,25.63282910931153,4107.254347826087,17572.04672165813,0.33,-1.7953690610566968,0.14628960777963843,2022-07-05,186,2022,D19,121
CARI,2022_188,1.336494801619702,0.5600844615206669,2.5089981692802463,1.2634598563053872,0.6849843610988752,0.4415252200394797,0.9770463788849612,0.6780812794872735,25.755337370738516,24.38593291518663,28.43493116512767,25.529550257633197,4401.934782608696,17597.791910146305,0.33,-2.361064988631889,0.2006781699895418,2022-07-07,188,2022,D19,122
CARI,2022_189,1.327250609637585,0.5664790383406476,2.510455642004046,1.2540302341338585,0.7113171129177851,0.45956817414842094,0.9973138492894609,0.7068843825312773,25.535226355997327,24.13828556427133,28.124841439476,25.339755246136107,4487.79347826087,17613.548612155384,0.33,-2.3624100361595866,0.20096646055429082,2022-07-08,189,2022,D19,123
CARI,2022_190,1.495866124915784,0.6247249831413543,2.843351420282089,1.408890907114669,0.7213313514498451,0.4632665375012664,1.026744712205418,0.7124023351482601,25.57902277923455,24.170107948682798,28.244911086992516,25.332771889651575,2847.926086956522,17631.227446631892,0.33,-2.0090192941624454,0.16249134192644768,2022-07-09,190,2022,D19,124
CARI,2022_194,1.6723392203083602,0.639198239413525,3.3719073957696843,1.5481936300449277,0.6327193257030941,0.40201205627073844,0.913254771697134,0.6249059278332773,24.715103456516378,23.36647825517891,27.452395923083856,24.473486747327613,3192.2152173913046,17695.456318197597,0.33,-2.2336425984464383,0.19242531977584787,2022-07-13,194,2022,D19,125
CARI,2022_195,1.7477699656588686,0.6554229471502339,3.684510678729135,1.6108348652068842,0.7064511429306588,0.45576119207442645,0.9977334276004436,0.6998446812864573,25.29836785507028,23.89315553728365,28.053439663451165,25.067018221650997,6211.419565217391,17664.781297605194,0.33,-1.9700067810499624,0.16387581337489024,2022-07-14,195,2022,D19,126
CARI,2022_198,1.979893317996858,0.7272168965894454,4.139417267223166,1.8175290320915498,0.6443309695823649,0.40680553602531966,0.9204110619211954,0.6387575343522058,24.929346413714793,23.737368185010585,27.430821884762754,24.71298658976979,3357.513043478261,17567.74918999239,0.33,-1.7271797737266745,0.13744693238749794,2022-07-17,198,2022,D19,127
CARI,2022_199,1.640874279573108,0.6513117869932316,3.3190437737133127,1.5258523525405612,0.6234170486086236,0.39552486091972644,0.887661756327923,0.6146444995013449,25.168665621335904,24.00855940243519,27.412611000061183,24.978348197121903,3306.8217391304347,17539.30044842951,0.33,-2.378202385858777,0.20583045155299556,2022-07-18,199,2022,D19,128
CARI,2022_202,1.9784866089400743,0.7400584052997282,3.89468995045926,1.8496287292846099,0.6634552221367289,0.4226868604010037,0.9481892567259504,0.6573451759498792,26.26875400070086,25.26823833735839,28.384451025273826,26.091280360729268,3321.554347826087,17448.719442492365,0.33,-2.639496976302927,0.23011916310942887,2022-07-21,202,2022,D19,129
CARI,2022_203,1.5125422001510154,0.6321422383336116,2.8887038269779524,1.4238944011957564,0.6263496214208265,0.39162663416288146,0.912246014456537,0.6189500974781493,26.124208754866668,25.02886486360641,28.06848421362598,25.969067519012228,2719.778260869565,17416.775846059623,0.33,-1.8953166964296038,0.1552327700078484,2022-07-22,203,2022,D19,130
CARI,2022_204,1.5893764077447516,0.6665112726944898,3.1567181399509376,1.4776527897127243,0.656556916838642,0.42062384033864797,0.9217221304008474,0.6509595944752248,26.165521934651096,25.054168269994825,28.251453780927317,25.988652384690038,4694.065217391305,17383.95385223074,0.33,-2.308159748674835,0.1953691596532361,2022-07-23,204,2022,D19,131
CARI,2022_205,1.4828706860541678,0.6276249119922283,2.8309175535198934,1.3989053095290245,0.7091923804797913,0.456060702393425,0.9944661278212958,0.7033121976271297,26.216499576801738,25.03245039600096,28.430321022314924,26.04435589684119,5917.917391304348,17350.250866519185,0.33,-2.399710895956636,0.20802885505444305,2022-07-24,205,2022,D19,132
CARI,2022_208,1.4730909747411678,0.6209809915458246,2.7627373767790946,1.3977216949647207,0.7418932114302624,0.4735607934809353,1.0526464160086748,0.733555268585977,25.72120986211238,24.48252522114936,28.171297284006112,25.516856967938672,3545.813043478261,17243.82502898606,0.33,-2.3944724819175187,0.20377699243627034,2022-07-27,208,2022,D19,133
CARI,2022_209,1.2248375594843885,0.5457338502266872,2.2434968658140204,1.1648706217744347,0.8754417458212465,0.5819546106982316,1.2051335697993335,0.8693116258775972,26.199501965845275,24.591484621823245,29.134784933577173,25.98566302923048,4267.456521739131,17206.565585788645,0.33,-1.9863333096416964,0.1655519366370207,2022-07-28,209,2022,D19,134
CARI,2022_210,1.2294497620495233,0.5464817544625264,2.295735585830077,1.1553697720415297,0.7494043762604913,0.48808428667794945,1.0488009496873365,0.7436122827451495,25.98294975841184,24.476212457659464,28.709912092195726,25.772651113411143,5431.29347826087,17168.40739850214,0.33,-2.7149164566349957,0.2405090518673832,2022-07-29,210,2022,D19,135
CARI,2022_211,1.0030485810350775,0.4558001366043398,1.7703836158745367,0.9569288324675129,0.8017848198674141,0.5144012395828613,1.1333166281737592,0.7941554651026828,25.445926833326045,23.815827168237934,28.303508418948944,25.24088636441833,3889.6804347826096,17129.346068318147,0.33,-1.7065985560697003,0.1333589489545803,2022-07-30,211,2022,D19,136
CARI,2022_212,1.257241242019025,0.5427070496693371,2.3223928156214755,1.2001012245075244,0.7778904831713139,0.48740275790200926,1.1201872189849216,0.7680632929123324,24.7133858947186,23.27244408663924,27.411067226632266,24.51323353589671,2110.486956521739,17089.376952523715,0.33,-2.262662063205199,0.19339532336093357,2022-07-31,212,2022,D19,137
CARI,2022_215,1.7087754438597973,0.6519440049992729,3.476996103991746,1.5831048716351988,0.7546762649339489,0.4899898165612619,1.0640116961732906,0.7469580741007134,24.393811061687515,22.942627927363972,27.340352358793893,24.117439421083922,5044.021739130435,16689.424745451528,0.33,-2.3614948648780234,0.20053315861450718,2022-08-03,215,2022,D19,138
CARI,2022_216,1.348009953564792,0.55562295879858,2.565035954863248,1.2686625410950403,0.7425543344969986,0.488847513381909,1.0362279630595101,0.7353729503405209,24.793024548359252,23.339828600104497,27.5624591302028,24.57119496729389,4728.241304347826,16532.988889354063,0.33,-1.937351103402271,0.15773276432047278,2022-08-04,216,2022,D19,139
CARI,2022_217,1.0218321263204306,0.4757870797227856,1.7924664287127547,0.9791095700398162,0.7983579753018788,0.5134367336703506,1.135033318508477,0.7893374328644619,23.840425683319232,22.289581581275186,26.357265767963682,23.66061263208864,1809.1478260869567,16380.970231441941,0.33,-2.659981860598149,0.23239370647584337,2022-08-05,217,2022,D19,140
CARI,2022_218,1.4378699910334136,0.5779882269302827,2.783317605811957,1.3475387047089926,0.7032143628539956,0.4455269945539689,1.0046044421865712,0.6949317716644254,23.54065950093627,22.2095192167625,26.233977196461407,23.315270423502565,2329.276086956522,16225.659939537509,0.33,-2.90516422559475,0.2608499146928632,2022-08-06,218,2022,D19,141
CARI,2022_223,1.5895583626647316,0.6596979631936696,3.0082320745217133,1.4881304150096502,0.6814012214075577,0.44649190882518147,0.9561811906286328,0.673178762730659,28.726248235396827,27.631647207694645,30.81548189910435,28.57215849728015,4931.132608695652,15400.77686563776,0.33,-2.0703843750948807,0.17402246479041186,2022-08-11,223,2022,D19,142
CARI,2022_224,1.2649251736605536,0.5806718827159776,2.2101783963196144,1.2154366391239857,0.7888280774276202,0.5177187951475645,1.0931718592260091,0.7835156675204411,28.258374885537727,27.03089560852964,30.353602675459413,28.112804203922757,4098.060869565218,15226.361307675324,0.33,-2.1438790498510367,0.17909844704413883,2022-08-12,224,2022,D19,143
CARI,2022_225,1.2272940630146743,0.5369820747535534,2.146402495925525,1.1754848894800394,0.7521864577019988,0.4947795019634462,1.0428634198661002,0.7469063280092254,27.579649698501825,26.304733140975088,29.779873654734676,27.4302131365601,3872.039130434783,15048.881696030192,0.33,-2.0764603269686233,0.17137046640513537,2022-08-13,225,2022,D19,144
CARI,2022_226,1.1612523076133277,0.5342342021176816,2.0764288141640854,1.1156827437303092,0.7359592359038929,0.4773262346377548,1.0346184797990918,0.7294031894939275,27.072663640640496,25.752963250862763,29.3389692155293,26.900886458217457,2561.880434782609,14868.37613508552,0.33,-2.2917361876094935,0.19248502888618912,2022-08-14,226,2022,D19,145
CARI,2022_236,1.2370332121458911,0.5449493088601431,2.2715784101454037,1.1797334846960257,0.7410996471762091,0.4868446276230442,1.033724779369798,0.7343846442265662,25.6658593850541,24.302635972488176,28.130024800296695,25.46582662521108,1817.0826086956522,13030.060021823869,0.33,-2.19015323999324,0.18635412696773962,2022-08-24,236,2022,D19,146
CARI,2022_237,1.1127158591323227,0.5098856734300059,1.9933578901921611,1.0593088266376176,0.790976742612223,0.5383287235402995,1.0746151299428175,0.7877767603367624,25.928342360704534,24.365965930393536,28.728456661523385,25.720089963277577,3394.6608695652176,12845.95586855778,0.33,-1.8247763285928247,0.1454532450906038,2022-08-25,237,2022,D19,147
CARI,2022_238,1.1265962775749798,0.5233414386207195,2.0598387131044222,1.071261470883476,0.8707758399898293,0.587310158890051,1.183130392188218,0.865480606663792,26.0783277169281,24.353219271672426,29.015223081517718,25.86072636113838,2514.4826086956527,12659.638192159997,0.33,-2.568037535937279,0.22493830512117988,2022-08-26,238,2022,D19,148
CARI,2022_239,1.1314312466808791,0.5089155759693765,1.9971231523692614,1.0924087172684784,0.8012185774489942,0.5451067145955156,1.0937735336528764,0.7942885215484858,25.071197641962474,23.624365625452427,27.650392887554737,24.88400480261896,1937.8326086956524,12471.15547476559,0.33,-1.8657868325776452,0.14757202285827584,2022-08-27,239,2022,D19,149
CARI,2022_240,1.178579975161757,0.523152491136971,2.173128422718269,1.1158438589172444,0.752861958057766,0.5004885124692443,1.041753358970613,0.745020768532217,25.35134852709093,23.793035483010318,28.238672000207256,25.130598502787837,2248.7369565217396,12280.557603835565,0.33,-1.982833041783638,0.16706743083044098,2022-08-28,240,2022,D19,150
CARI,2022_241,1.4756128104223416,0.6235803895879664,2.758787891860622,1.391232251936962,0.7561778887980002,0.5115303178699336,1.0332834857270385,0.7489392333939255,25.211897142450486,23.896551347619358,27.630308658277606,25.01567131747818,2350.826086956522,12087.895866968916,0.33,-2.0522884170047613,0.1720112569265465,2022-08-29,241,2022,D19,151
CARI,2022_242,1.259366610178277,0.5520566649040057,2.298823626775737,1.197276953154613,0.75482762414946,0.5019497861808014,1.0262252597539252,0.7505416341656241,25.218589345739687,23.834128737488026,27.771592743220893,25.03186627324551,3327.334782608696,11893.22294439179,0.33,-2.726479422751973,0.23629404564187428,2022-08-30,242,2022,D19,152
CARI,2022_243,1.238335541697131,0.5438791346307341,2.24596323640231,1.1827060037298132,0.7326517452851004,0.48689105604813815,1.0060446366128335,0.728479484898905,25.240645731032302,23.81776747512497,27.842099152708514,25.030205123632182,2193.9913043478264,11696.592899408904,0.33,-2.4994777538268735,0.21446363455015122,2022-08-31,243,2022,D19,153
CARI,2022_246,1.5203868177922228,0.6522661023310875,2.8722283140602616,1.4242864085925597,0.6772966412601665,0.44639347710698185,0.9516770449084033,0.6698099133635863,26.281444172223885,24.959445953984424,28.77911098040718,26.076938574748922,978.7152173913045,11114.04354660539,0.33,-1.3950262558768403,0.09594434984993866,2022-09-03,246,2022,D19,154
CARI,2022_247,0.9143209298962215,0.4477406162677171,1.5484922374903138,0.8793952934918141,0.773789062385994,0.5274126713970213,1.0549046685916315,0.7694199751613471,25.069917263031478,23.523117637429095,27.433069417574803,24.92286690788373,1962.4956521739132,10925.757347291685,0.33,-2.3099447042738097,0.19786643669079615,2022-09-04,247,2022,D19,155
CARI,2022_248,1.3815019960625459,0.6056401428287769,2.5785944957206985,1.3123140432819396,0.8339336765811093,0.5659760919573792,1.1155311278451376,0.8312823887229365,26.015450485871465,24.378723846299522,28.99356810947307,25.764282744887133,2500.7500000000005,10735.90317255637,0.33,-1.9802063329004413,0.16654395973922534,2022-09-05,248,2022,D19,156
CARI,2022_249,1.3412212854998247,0.592406033165096,2.4649573694107483,1.2757647836085901,0.8657423029972342,0.6006066705153515,1.1463232753244348,0.8614419108550035,26.678685686935125,25.000076141040186,29.684449295491017,26.42618301205671,2423.2021739130437,10544.53654163862,0.33,-2.3279430406896786,0.19843497898427703,2022-09-06,249,2022,D19,157
CARI,2022_250,1.1400499985947192,0.5191515507250675,2.0361791648705085,1.0901455484482256,0.7395629444628377,0.5035080320798224,0.9995060556928359,0.7362135501984721,26.421162314073612,24.87313663997479,29.101574534339967,26.224295840021,2575.24347826087,10351.714147590232,0.33,-1.8252796955996147,0.14241712441095303,2022-09-07,250,2022,D19,158
CARI,2022_251,1.603346777431265,0.6385550121024344,3.088205590325984,1.5078007371527553,0.6032297583222779,0.3924301311530409,0.8500337534966278,0.596895935555914,26.160732900957214,25.019982132239274,28.46481199725348,25.95866867763911,1215.9695652173914,10157.493835210713,0.33,-2.0534501956745506,0.17309723031646188,2022-09-08,251,2022,D19,159
CARI,2022_252,1.0091844516303703,0.4495329272198582,1.7702222068348805,0.9749124814214626,0.5816585096953552,0.37908082964818673,0.8204752787177995,0.5758820894563605,25.274725763471697,23.943293271779957,27.374109756390375,25.140443024168018,860.3630434782609,9961.934577075655,0.33,-2.078641535489621,0.17117214199762618,2022-09-09,252,2022,D19,160
CARI,2022_253,1.616961748677973,0.6639289992690328,3.00050480530338,1.5410762336114234,0.6153680493249751,0.40948568848513073,0.8515529878858759,0.6110576199911462,24.631901698014325,23.64491947265556,26.481795410449866,24.477342513275552,1531.0565217391306,9771.01877289296,0.33,-1.9706023343241847,0.15803374530153175,2022-09-10,253,2022,D19,161
CARI,2022_254,1.658379139019348,0.6673485451500472,3.333780913620912,1.5430554008025863,0.6003290060967305,0.39457447392815587,0.8331704933173477,0.596563306782123,26.225839957368496,24.862305806789504,28.869975531720673,26.001896091556937,2350.604347826087,9586.043598343305,0.33,-1.8293211787097579,0.14687199405359916,2022-09-11,254,2022,D19,162
CARI,2022_260,1.7079361495570524,0.6941829861487582,3.2851311585159664,1.5935159122222506,0.5283795839644837,0.34468702237677046,0.7373160510283896,0.5231250072196263,28.829766777843375,27.892361107228204,30.60365997176814,28.674926410316793,1589.1804347826087,8454.885840983457,0.33,-2.415879407662908,0.2108553897994061,2022-09-17,260,2022,D19,163
CARI,2022_261,1.8864583514057771,0.7722038433682548,3.554317626993607,1.7944435120825541,0.6247227809771979,0.4209351203494604,0.857316560544421,0.62023272927397,28.564326891901906,27.692266879262355,30.22118344926474,28.42974110499849,2123.7913043478266,8273.800508464432,0.33,-2.4901624242552063,0.2173828240667911,2022-09-18,261,2022,D19,164
CARI,2022_262,1.76960439068094,0.7213235247234182,3.438371723806551,1.6624218438419203,0.5255278718931593,0.3401451711327608,0.7418237420303194,0.5191945007128088,28.795883573562723,27.88561906776549,30.587169294632464,28.645577414136717,1079.4869565217393,8098.036173757355,0.33,-2.362966350994059,0.1988900183751041,2022-09-19,262,2022,D19,165
CARI,2022_263,1.7867979368939102,0.7618250424084001,3.3531177466461344,1.6938276980531481,0.5516561807160932,0.3588977796914043,0.7676680103111907,0.546228850445649,28.167351852474344,27.367181867780396,29.555595464909416,28.056781541218434,1193.3521739130435,7921.668890494373,0.33,-2.1452896704216093,0.1804190094022149,2022-09-20,263,2022,D19,166
CARI,2022_264,2.042241071413719,0.7766413539644298,4.1404513449039175,1.9025067041728616,0.5064954194374063,0.3277892602260494,0.7119977461626623,0.5020276669443648,28.968121614616283,28.07897450663899,30.784913995391516,28.80956143517853,1171.8913043478262,7744.758278789486,0.33,-2.275053084195243,0.1902470581639358,2022-09-21,264,2022,D19,167
CARI,2022_265,1.9091257806685522,0.7642820301700036,3.7812175432122204,1.7942461227065265,0.46229267817261627,0.29607975999497105,0.6521478198920045,0.4579600772373107,28.947668121989718,28.158827248855115,30.417530585788295,28.826782426986995,853.2369565217392,7567.364607975789,0.33,-2.2644714603128926,0.18373698842283057,2022-09-22,265,2022,D19,168
CARI,2022_266,2.042991192170916,0.7875292129476956,4.1253780613694,1.906865290635633,0.5222216222729261,0.3472859468480762,0.7183258207187058,0.5183708334305211,29.588124194485626,28.731222194780905,31.236280718903995,29.454406347379788,2088.308695652174,7389.548755391246,0.33,-2.350265946361919,0.20196068101765907,2022-09-23,266,2022,D19,169
CARI,2022_267,1.9151293351465262,0.7618429465434475,3.663172972887284,1.7956328551466503,0.5260228075154532,0.35229281104476656,0.7287282148620106,0.5211970353305289,29.57276608048861,28.785300004933074,31.082440355822325,29.445948521219837,1978.5586956521743,7211.372164476372,0.33,-1.8844764080571272,0.15147412749841266,2022-09-24,267,2022,D19,170
CARI,2022_268,2.152575031128313,0.819921195689063,4.305723024086432,1.9962554307424702,0.4708392797534522,0.30971583531907343,0.6587314191705228,0.4666741818277367,29.64536629469141,28.932308953046,31.080479144170972,29.520058720746892,2027.954347826087,7032.896801183248,0.33,-1.8923345052627882,0.1525999006534155,2022-09-25,268,2022,D19,171
CARI,2022_269,1.7761358494451889,0.7371174748868466,3.444562003543904,1.6642021879097841,0.4715962006295881,0.30883201802066995,0.6612668029677831,0.46725095093485225,29.740765267467296,28.966923473400243,31.08841060334131,29.634687881114875,969.0891304347828,6854.185109643964,0.33,-1.989277214319548,0.16117604788180456,2022-09-26,269,2022,D19,172
CARI,2022_271,1.811292958400277,0.7125262207947336,3.5858868806175637,1.6945100484630213,0.491167724157519,0.3232702104073968,0.6853138836111701,0.48465144076254674,28.82616094271302,27.982357582098047,30.532518214587963,28.692826433893934,1610.2956521739131,6496.304637060683,0.33,-2.246931707100004,0.1920100508081024,2022-09-28,271,2022,D19,173
CARI,2022_272,1.7874355867261584,0.722945495316912,3.555054607766025,1.6672290491722503,0.4684353447548219,0.30894754107427685,0.6528756777193204,0.4641509305270359,28.768294272407005,27.974578587987565,30.220571449505968,28.658551231297263,1505.5434782608697,6320.562062632889,0.33,-1.6220382900233308,0.11968009443684638,2022-09-29,272,2022,D19,174
CARI,2022_273,1.5508126420308073,0.6481577999453075,2.8421334092462573,1.4746801631217,0.5038423371092525,0.32972415572067454,0.7019449276066152,0.4996714669688453,28.393470862204552,27.53809941538215,29.878815851084337,28.291715511530796,1309.4195652173914,6154.89433339252,0.33,-1.7133770962316934,0.13305491385406493,2022-09-30,273,2022,D19,175
CARI,2022_274,1.5873081520701082,0.6508902064556308,3.0479601316917053,1.5015927903104567,0.47295463958960937,0.3118000649294649,0.6577561378208359,0.46904141482931816,28.27184839199966,27.42656081909002,29.711483540551,28.168517568266445,1189.1195652173913,5989.299856581987,0.33,-1.7668943536136212,0.13860565056279073,2022-10-01,274,2022,D19,176
CARI,2022_275,1.5150973737596343,0.6383738682944498,2.839469655420482,1.4277593012666185,0.5042905751276334,0.329252791763584,0.7050170582054551,0.5019585162753728,28.16116322499809,27.23503214405921,29.8291635620206,28.03399591939511,950.0826086956523,5823.839679713135,0.33,-2.392261945424232,0.20416321098565818,2022-10-02,275,2022,D19,177
CARI,2022_276,2.3523630629859427,0.8541699989119292,4.774653361851026,2.1827941865087426,0.4637496852749878,0.3061025465196393,0.6530534904608717,0.4598467416061387,28.059050581855537,27.414749187268068,29.377570315510912,27.94374270382983,1140.6065217391306,5658.574984108833,0.33,-2.3135797800591282,0.19497371013982445,2022-10-03,276,2022,D19,178
CARI,2022_277,2.124866230119868,0.78227992904057,4.412308135734457,1.9359159773822263,0.4259305089393281,0.28090367040663533,0.6012375090786589,0.42212900432454215,28.68369377085814,27.928705666565563,30.143547917888995,28.559482429240898,1527.3586956521742,5509.234047882521,0.33,-2.3203376081459526,0.1965323881574508,2022-10-04,277,2022,D19,179
CARI,2022_278,2.093230122367504,0.763845098107363,4.573349028049168,1.9143548626759712,0.3966034315300053,0.25973250777599505,0.5542114170384097,0.39401173929539324,28.987551905882334,28.285390877283792,30.37098174513014,28.877093501100067,1582.076086956522,5360.377371246403,0.33,-2.204677688524738,0.18748704064417987,2022-10-05,278,2022,D19,180
CARI,2022_279,1.8561431137486437,0.7175663451322023,3.718936592800339,1.7271665496120223,0.3861568913799725,0.2464598707634505,0.5439641912963894,0.38312554344833943,28.90716451518809,28.204467216536095,30.13690191490007,28.817304126640085,616.8369565217391,5211.809934874102,0.33,-2.734792169092647,0.23915011259302185,2022-10-06,279,2022,D19,181
CARI,2022_280,1.873010542042258,0.7656895452555798,3.5225132364124523,1.776546953052517,0.39425754192758633,0.24841692858839096,0.5625513968512521,0.3887539197920086,28.253104750048394,27.572263865062332,29.21449486560583,28.209651035938126,501.75869565217397,5063.586410424734,0.33,-2.010296853330951,0.16772971940607415,2022-10-07,280,2022,D19,182
CARI,2022_281,2.9740811624039862,0.9433114083502036,6.749039753614344,2.680502125813581,0.3681307979931697,0.23492907904914462,0.5277233983819946,0.363373294869683,28.48836348711154,27.911556207479865,29.752353930828907,28.374344298415142,377.07608695652175,4915.761445446104,0.33,-2.434949000190692,0.21198210099242545,2022-10-08,281,2022,D19,183
CARI,2022_282,1.8070967240394429,0.7134412706588642,3.630930224330245,1.6813547466870702,0.33934937286867445,0.21202293827884153,0.49481701367877773,0.33462392847473965,28.35631921619145,27.649881820897246,29.544156701995956,28.267579068896445,197.95652173913047,4768.389620771282,0.33,-1.8664660466136138,0.15045145181251574,2022-10-09,282,2022,D19,184
CARI,2023_132,1.0012448104696512,0.45658645193143893,1.7997989884655778,0.9550022014973742,1.0622276633596786,0.7182736503104545,1.4358751872231021,1.0587862272610455,20.376272220229993,18.148022356386583,24.2906531909312,20.042343666469094,5508.239130434783,16468.648174896647,0.33,-2.3431902816848833,0.19773283292659988,2023-05-12,132,2023,D19,185
CARI,2023_133,0.9108240162519724,0.4257986393766084,1.6893498057476763,0.8565229121567906,1.1787364781443488,0.8138698770981209,1.555839152818276,1.1757490286177874,22.42002928121195,19.207356946358725,27.7258484628011,22.045624580238428,4842.860869565217,16629.23478857617,0.33,-2.404666134603264,0.20561703388262006,2023-05-13,133,2023,D19,186
CARI,2023_134,1.4702212693946852,0.6807271730797271,2.653689259027972,1.3980947309005245,1.0567053312851733,0.6934914756493946,1.4519565628388722,1.0513413466464503,23.39765496254454,20.634769431838986,28.33171431186877,22.99961514937111,5865.804347826088,16786.278852030824,0.33,-2.172891091660118,0.1837154189986506,2023-05-14,134,2023,D19,187
CARI,2023_139,1.1001934407727805,0.5962987805815918,1.82458261367457,1.0622747163365296,1.0254063841034573,0.6918539981331338,1.3844545335285066,1.0196470403657707,39.69772164674651,37.82377036574614,42.47912387929814,39.54552014354161,6137.35,17499.81674833673,0.33,-2.177468001012185,0.1846286331729758,2023-05-19,139,2023,D19,188
CARI,2023_140,1.5295896693204856,0.7871065885981164,2.6048624404844274,1.4780385803834362,0.7975020070966427,0.5129998446260579,1.1130226147680513,0.7908308664466167,39.49974410964098,38.13485019730572,41.695281659894775,39.3602014225345,3836.276086956522,17536.119150303493,0.33,-2.0877697825211845,0.169784203701801,2023-05-20,140,2023,D19,189
CARI,2023_141,1.549368409399672,0.7562332859937654,2.695596300743759,1.4909002152173865,0.7121193593921058,0.45382653539353385,1.0157254929830792,0.7045368962128128,39.44117866679182,38.320268189346756,41.291786135335855,39.31501122911468,4093.739130434783,17570.92744991844,0.33,-2.3876935372354056,0.20567682297266648,2023-05-21,141,2023,D19,190
CARI,2023_158,1.6892231488907024,0.7265351718624886,3.1348578462703767,1.6022358479209697,0.6225075973961289,0.39927095465508516,0.8901063075387406,0.6154402058685529,37.698278003285424,36.777954385366506,39.26160994410629,37.585733461143136,5925.408695652174,17975.515483137264,0.33,-2.069236412159881,0.17100559393098913,2023-06-07,158,2023,D19,191
CARI,2023_159,1.8802828314039053,0.782385295421392,3.653267044533,1.7526226221313155,0.553364406347232,0.3526363699936741,0.7960102831377093,0.5478454908457959,37.35288898883002,36.55768628801808,38.72902820064684,37.248471808718314,3289.9369565217394,17939.073896951566,0.33,-3.6796093609273535,0.3364114598274758,2023-06-08,159,2023,D19,192
CARI,2023_160,1.7305866872741047,0.8123156590599544,3.1234940817942984,1.6558339945107694,0.6432893744301398,0.41650579269226173,0.9029890342478964,0.6348861249100757,37.114390124801474,36.22827798422827,38.55242019617734,37.01765212980467,4688.289130434783,17904.02676182588,0.33,-2.454793742165691,0.21023543555856242,2023-06-09,160,2023,D19,193
CARI,2023_161,1.634074335751511,0.7132319477983846,3.0195926016965804,1.541918900686364,0.6294494417255886,0.40459929655877397,0.8982927074939285,0.6226580138281672,37.12816042778999,36.184627000890075,38.72570894623032,37.012991208034876,4951.130434782609,17870.408171262883,0.33,-2.4578406559562573,0.21503606709253806,2023-06-10,161,2023,D19,194
CARI,2023_162,1.5905619102441961,0.7066133226137196,2.9017525075031245,1.5090686440744165,0.6077535539055421,0.39359919518277675,0.8640678392027015,0.5994964810732999,36.634572290756964,35.68188034103859,38.111309323370214,36.54296764279832,4466.404347826087,17838.251236885888,0.33,-2.4381541289464552,0.20581397781820002,2023-06-11,162,2023,D19,195
CARI,2023_163,1.2655056298353302,0.5753703510262724,2.2226937965694678,1.211777513058441,0.6664307862277274,0.4310785160277108,0.949468287176132,0.657820752103969,36.37985317784849,35.15708672593135,38.23064671242403,36.26149498113941,5057.430434782609,17807.58806715082,0.33,-2.459267172620053,0.20914364360892784,2023-06-12,163,2023,D19,196
CARI,2023_164,1.665519645537872,0.7624486290862599,2.9853595276284413,1.5822101159593032,0.6612458821208668,0.4196121803729138,0.9482757155986237,0.6546450534251081,35.74060971705594,34.7759358262649,37.35814287012356,35.615708711464364,4705.595652173914,17778.44974742271,0.33,-2.6681889738217732,0.23540710007728458,2023-06-13,164,2023,D19,197
CARI,2023_165,1.565694971363163,0.7129285461943818,2.7496583104293673,1.513136465259167,0.7389000553090144,0.4766107881755283,1.0433399969584554,0.7309538150700814,35.05331818938872,34.03273378114799,36.71933416659885,34.946531569205845,4911.434782608696,17750.866320455636,0.33,-1.9234307949104146,0.15892743329430978,2023-06-14,165,2023,D19,198
CARI,2023_166,1.4433353752832367,0.656235101236715,2.598999743962367,1.3718664895972537,0.6813808016787463,0.4398032187230742,0.9620993443201188,0.6731856394517527,35.23609332090791,34.068549024977656,37.33441495836135,35.087980474198844,5160.567391304348,17724.8667685744,0.33,-2.172949364508831,0.17971960269172937,2023-06-15,166,2023,D19,199
CARI,2023_170,2.2761883830261698,0.9195618859275398,4.481012878887199,2.116084812943521,0.6875146025981761,0.43975122322707116,0.9843519243420865,0.6772219053396089,31.153914896603208,30.002794269095318,33.299445468296966,30.98482317256795,3993.6891304347832,17637.24884301229,0.33,-2.3511641344955545,0.1976448543550759,2023-06-19,170,2023,D19,200
CARI,2023_171,1.581567396392135,0.7244731293426288,2.869118432367092,1.5074980765768005,0.7210391073674212,0.4711506762013257,1.0159307904796566,0.7133959970548767,31.340753450151798,30.213209381904004,33.34493890508936,31.190105038811083,4231.347826086957,17619.565057582688,0.33,-1.9112098493318392,0.1559139846566301,2023-06-20,171,2023,D19,201
CARI,2023_172,1.2732691134250966,0.616887991881264,2.2246330808703485,1.2167610072212973,0.7791120804765599,0.5127432166940635,1.0805390556949694,0.7713422962733234,31.589253699475773,30.189534466113898,33.90177413382087,31.414488383963025,5975.347826086958,17603.61580995214,0.33,-2.3838774675620553,0.2042621898077302,2023-06-21,172,2023,D19,202
CARI,2023_173,1.0289383414734994,0.4946981741086196,1.7925997399280351,0.9898528981006742,0.7522833897333807,0.4874798425239891,1.0427768942329632,0.7458012977655455,31.20282605422991,29.606224114345913,33.772662270116214,31.02643562281707,3910.734782608696,17589.42219277317,0.33,-2.324389599809291,0.20070955781312447,2023-06-22,173,2023,D19,203
CARI,2023_175,1.0381879635712965,0.5041417366885874,1.8089208687055789,0.9922531496533002,0.9042974187028427,0.6050330532163605,1.2400659011295947,0.8974244142317886,31.011636998275847,29.13419148499442,34.09678374406682,30.819330357767818,4709.828260869565,17566.380271284957,0.33,-1.9495573008745373,0.16164139424946053,2023-06-24,175,2023,D19,204
CARI,2023_176,1.2274317648371404,0.5899056206307225,2.175360682448675,1.1654068409879765,0.8189309289202613,0.5360532166820333,1.1400070301105012,0.8138002035219017,30.510774498129155,28.826993528359903,33.34727925016893,30.311463473967137,5346.617391304348,17557.568163455755,0.33,-2.4332107493432336,0.20590787898898105,2023-06-25,176,2023,D19,205
CARI,2023_177,1.2091454236329313,0.5732113386658081,2.1721956490054812,1.1588625243281152,0.8513737320003534,0.5536815088533131,1.1832318669922044,0.8454744659056037,30.117509069677737,28.525578610608594,32.907860367993294,29.91158617882253,5408.832608695653,17550.584051488157,0.33,-2.0165093528806493,0.1667449786426602,2023-06-26,177,2023,D19,206
CARI,2023_178,1.261890313985018,0.6059003955871063,2.2066834231924597,1.2065789385170995,0.9607349803013132,0.6501980087029283,1.3031224512193205,0.954132913335608,30.396460918553956,28.639902308095994,33.31764985937394,30.192131140695857,6720.436956521739,17545.442959549662,0.33,-2.1357358266330113,0.18036403300277706,2023-06-27,178,2023,D19,207
CARI,2023_179,1.134446000536458,0.5279113509824098,2.022385612995811,1.0865161827755874,0.7877574593048378,0.5113445018297849,1.0975056790235984,0.784356726179001,29.555612326667422,27.932315899745806,32.26631248055778,29.357238462194466,4482.754347826087,17542.15865870414,0.33,-2.4518408970427346,0.2119500357377285,2023-06-28,179,2023,D19,208
CARI,2023_180,1.0135561164968012,0.48603482275476767,1.8130393111072753,0.9685679331460801,0.7181561233966866,0.47056483944210675,1.0165969318758066,0.7100134267083058,29.070599326425143,27.43156094471302,31.902661040121327,28.867231730873836,3204.508695652174,17540.743654917344,0.33,-2.034407918763052,0.16768518978428637,2023-06-29,180,2023,D19,209
CARI,2023_181,1.205427381302933,0.559286959124353,2.194563657407355,1.147436070665938,0.7621638351986834,0.49308050412740606,1.0657678500838894,0.7553580623631218,29.020475046747094,27.379120561978997,31.909368561571018,28.802400493991385,4675.167391304349,17541.209176665783,0.33,-2.003331926645645,0.16331456196833946,2023-06-30,181,2023,D19,210
CARI,2023_182,1.185000932844951,0.5480954685528037,2.088870472417558,1.1297551354920712,0.8533224077252787,0.5649861909317451,1.1832930818519298,0.8473425317635959,29.254108243851892,27.490323250789416,32.30545125167782,29.025511191891745,6251.402173913044,17543.565162950326,0.33,-2.1289450038767272,0.17409433211739708,2023-07-01,182,2023,D19,211
CARI,2023_183,0.9843993491638794,0.489940613471283,1.6787790999494858,0.9454631061898278,0.9266747847031483,0.6202934706035311,1.2715256779907178,0.9173847305516507,29.192902551004288,27.235491515191434,32.33789989664211,28.966994149269706,5191.0847826086965,17547.820250753706,0.33,-2.5564201271038605,0.2223762564346279,2023-07-02,183,2023,D19,212
CARI,2023_184,1.096232362406366,0.5272148558346312,1.9018438445269563,1.0512406901280194,0.9669014625127939,0.6491131632427628,1.3191146296862704,0.9626064016145331,29.108348739917457,27.10990666098556,32.63045356508276,28.87726227636874,4692.471739130435,17553.981763822667,0.33,-2.721568907455835,0.2435492121838489,2023-07-03,184,2023,D19,213
CARI,2023_185,1.1154054117017445,0.5080954451193076,1.9986575844571903,1.0716341184990121,0.7904746472621201,0.512283250407335,1.1009910075357983,0.7847330814811332,28.082994124340917,26.38928664387912,31.04455188138055,27.863812430315633,4814.7586956521745,17562.055700432873,0.33,-2.363864529968679,0.20462770810940603,2023-07-04,185,2023,D19,214
CARI,2023_191,1.3453540922985257,0.5836848201028879,2.5153918305125997,1.273090673721597,0.7748462881982214,0.49860980791071297,1.0879829775837244,0.7673490805012498,27.239528401723337,25.610697493402963,30.474692610060124,26.99634082258666,5131.619565217392,17650.826220432937,0.33,-2.86548125988567,0.2549467479260793,2023-07-10,191,2023,D19,215
CARI,2023_192,1.1416940683476344,0.524985928912537,2.0601361851534743,1.0882139869744987,0.8164741095239526,0.538930492895618,1.13348468115828,0.8092091243269339,27.266308458964843,25.596329557160168,30.310074050597102,27.036248233178707,4473.519565217392,17672.341337171354,0.33,-2.1174567281897367,0.18112991451414667,2023-07-11,192,2023,D19,216
CARI,2023_193,1.2064800974048173,0.5415091467671594,2.165147854930038,1.156044084945719,0.7045882014157322,0.4540571364897831,0.9945893327490434,0.6959170687317324,25.839492714033394,24.526603919789878,28.185365533254352,25.660647620441736,3724.5913043478263,17695.76778647049,0.33,-2.431459978899666,0.20967310409506557,2023-07-12,193,2023,D19,217
CARI,2023_194,1.0189489133036012,0.5182534436487742,1.8018702508928088,0.9754061699644941,0.9776888614381551,0.66378799154701,1.3257393419704537,0.9714756299065936,27.703298526896006,25.52241262803423,31.242484038683855,27.455253285101996,6323.021739130436,17695.456318197597,0.33,-2.321448205154903,0.19772745998817273,2023-07-13,194,2023,D19,218
CARI,2023_196,1.3515499266579076,0.569794160022848,2.5620079430302596,1.275382833665336,0.7577358806686197,0.48186628444230073,1.0740134725763668,0.7503546773539224,26.327464451190114,24.716444453450546,29.363708820412302,26.07349133697959,3014.9543478260875,17632.992647055886,0.33,-2.1289878851537853,0.17688286860884034,2023-07-15,196,2023,D19,219
CARI,2023_197,1.3024963939008245,0.5649899556603252,2.377288563130294,1.2417100353870594,0.8062260167251786,0.5221293474934212,1.125659585229455,0.8005908499269555,26.110205563810094,24.602818998444707,28.98546649764464,25.874071452100083,3371.5521739130436,17600.09311768868,0.33,-1.8808868430190522,0.15489730824559675,2023-07-16,197,2023,D19,220
CARI,2023_198,1.0431141378630182,0.4887546692183888,1.8407549939466357,0.9941685843487907,0.8868142153220114,0.5930181228146101,1.208273943104575,0.8819542924235096,26.863835341423474,24.921883729068497,30.27229046633385,26.6000278462701,5649.895652173914,17567.74918999239,0.33,-2.0415145707975455,0.16666256454949913,2023-07-17,198,2023,D19,221
CARI,2023_199,1.0530803621346647,0.48793983306134736,1.913305347345881,1.00176262212148,0.8546897132185589,0.5613790824399304,1.1926054369352377,0.8464987256857488,26.48703512201664,24.550565038028964,29.99120240059509,26.238748880492142,3023.6065217391306,17539.30044842951,0.33,-2.47484291862125,0.21298013207980987,2023-07-18,199,2023,D19,222
CARI,2023_200,1.2159569448657814,0.5420901973591167,2.2801111560362286,1.1517778739832654,0.7756733573697878,0.4933107757004962,1.1238961603488344,0.7675251466599995,26.086345301516758,24.344147565502862,29.188448339220944,25.838728853244895,2561.9565217391305,17509.98005214632,0.33,-2.4193382949802658,0.21193295771366655,2023-07-19,200,2023,D19,223
CARI,2023_201,1.5415354988759433,0.6426655107709256,2.947013917915736,1.4409927112172465,0.5767207710258576,0.36400852668894923,0.8314230567613456,0.5682286450309717,24.294372918377938,23.316393619299934,26.016586998051917,24.16337269843513,3033.4891304347825,17479.786884719448,0.33,-2.2682032029989645,0.19480599466657378,2023-07-20,201,2023,D19,224
CARI,2023_202,1.245986155351568,0.5480892851189259,2.343053431686704,1.1713629283574427,0.8640933175473401,0.5743024283062632,1.1894704377219745,0.856282922946774,26.695594221424898,24.704906149233366,30.4162478376845,26.408689009398685,5925.778260869566,17448.719442492365,0.33,-2.4918806331180146,0.21604303564661365,2023-07-21,202,2023,D19,225
CARI,2023_203,0.9290264963543601,0.43686073598425457,1.6528637500588013,0.8911634144300093,0.9219041472043824,0.6105864061948035,1.2666740731236354,0.9155870679490296,27.24740771503798,25.076325917117053,30.96894854953193,27.00066660056749,5371.817391304348,17416.775846059623,0.33,-2.3627431533078886,0.20181672208743914,2023-07-22,203,2023,D19,226
CARI,2023_204,0.8895663495542779,0.4289868850394153,1.5649859351797417,0.8505219752796273,0.9344621634177328,0.6221412462382743,1.284644940475597,0.9282258524841173,26.908123729292242,24.736302649071497,30.577942566153375,26.66481729411037,4456.08695652174,17383.95385223074,0.33,-1.9874511881719685,0.16557506469316,2023-07-23,204,2023,D19,227
CARI,2023_205,1.0984989630853996,0.5053385231246854,1.9735813545636738,1.0478686132996748,0.9246101303740525,0.6024068200450785,1.2827361704755718,0.9202678162190838,26.323560232224505,24.419172413939805,29.656213130009785,26.067940439398853,4083.5804347826092,17350.250866519185,0.33,-1.9065246040751593,0.15498966463888011,2023-07-24,205,2023,D19,228
CARI,2023_208,0.9229392689971403,0.4217620369761359,1.6758236603937542,0.8754380743938242,0.8197855964008678,0.5408926852998021,1.137800484877799,0.8127958053342703,25.174689657155014,23.127686695109663,28.75243991606845,24.928103784454265,4578.8130434782615,17243.82502898606,0.33,-2.388885737328001,0.20460447387401462,2023-07-27,208,2023,D19,229
CARI,2023_209,1.0328611404283157,0.4889770062301138,1.8752199913514307,0.979728751235514,0.9660147846303276,0.6419653605908322,1.322489322811408,0.9567458965761694,26.076445231119045,23.70064154088997,30.171245013474095,25.779899280186523,4467.113043478262,17206.565585788645,0.33,-2.167027816676959,0.18242980055233107,2023-07-28,209,2023,D19,230
CARI,2023_210,1.2194161657657734,0.5224903509745283,2.303272848520219,1.1533312879630024,0.6773089413703679,0.43293742092030296,0.9651022616283556,0.6682683707564859,25.27630347773251,23.66523947159472,28.360481766935827,25.03696660911431,3442.7000000000003,17168.40739850214,0.33,-2.586461878647337,0.22234084799201784,2023-07-29,210,2023,D19,231
CARI,2023_211,1.2552999295595837,0.5286948606076007,2.421434078722344,1.176576188877413,0.8169221718229146,0.5293944295859109,1.157254803996174,0.8087522804461875,25.978290108286824,24.085948598996325,29.557614585183295,25.717047109856757,2620.4434782608696,17129.346068318147,0.33,-1.9833913751386367,0.16258344338487382,2023-07-30,211,2023,D19,232
CARI,2023_212,1.0551111056766609,0.47352226701023764,1.9495773050824747,0.9935820804015509,0.883351539801614,0.5737051645854127,1.2363944861357334,0.8741554963323959,26.184138356403846,24.245214008209178,29.63032677662535,25.94305704761495,3133.4195652173917,17089.376952523715,0.33,-2.125767382505078,0.17744857522099772,2023-07-31,212,2023,D19,233
CARI,2023_213,1.014600023878751,0.4767356308681236,1.8077384674697652,0.967083430082732,1.0066648228855535,0.6699322371889965,1.3616919806768792,1.0032131319534168,26.675855959065117,24.537549897891704,30.38991914336173,26.384379245984398,4972.139130434783,16996.135231444,0.33,-2.384390377573972,0.20377175791050248,2023-08-01,213,2023,D19,234
CARI,2023_214,1.040895404417553,0.506614410456466,1.856391963468566,0.9913523031983826,1.0995727550130703,0.7531195084980202,1.4668651798907022,1.0963603541080924,27.276656020168495,24.913231389206956,31.214165454561662,26.989288892877166,4267.054347826087,16844.55339488045,0.33,-2.848593051513531,0.2550841894482447,2023-08-02,214,2023,D19,235
CARI,2023_215,0.9803382320704607,0.45794601588250333,1.7195042039344435,0.9332128228189376,0.8209146107321191,0.5345399991045449,1.1513544254861816,0.8148951725228485,25.812695789290945,24.01504125516749,28.918589494015805,25.596865272061287,3192.4108695652176,16689.424745451528,0.33,-1.8461619345737703,0.1464638918229832,2023-08-03,215,2023,D19,236
CARI,2023_216,0.9694323385986511,0.4452034656470615,1.762102829171213,0.9266315295854894,0.9026160708803707,0.5992897292195982,1.2386423997622433,0.8981200425896229,25.657378244980915,23.730658963391825,29.09549389106547,25.386456396820698,4162.450000000001,16532.988889354063,0.33,-2.3647287679611924,0.2053632901306971,2023-08-04,216,2023,D19,237
CARI,2023_217,0.7983674104480957,0.393238177733586,1.3806165129337862,0.7690747302669947,0.9844879129116834,0.6609522686648708,1.3332261619914196,0.9804955801647106,27.15602754525939,24.62856201817319,31.080105965753518,26.89101112298739,4198.676086956522,16380.970231441941,0.33,-2.3170623935433916,0.19365940315681268,2023-08-05,217,2023,D19,238
CARI,2023_218,1.0046498149117895,0.4513396485876361,1.8186384920323189,0.9586757026184844,0.6723890664946794,0.4252527004365199,0.9535293962709408,0.6673973952014759,25.427201131755456,23.767543766228577,28.4498823828005,25.200062327070903,2588.6608695652176,16225.659939537509,0.33,-2.157568653336589,0.1791413566077771,2023-08-06,218,2023,D19,239
CARI,2023_219,1.5063170615178956,0.5948122441517989,2.941955870005211,1.4117242562033563,0.4903369462803503,0.30153643587274076,0.7143113024065504,0.48528008937119327,24.93560831219012,23.71722492046321,27.373376784124922,24.720095997556925,1630.595652173913,16067.086492905713,0.33,-2.475857745219925,0.21572773652496255,2023-08-07,219,2023,D19,240
CARI,2023_220,1.1730015413667976,0.4885972121832411,2.251736287205273,1.109887069527169,0.5990677474868968,0.37197484275285647,0.8645275953778141,0.59214638754372,24.568076730915273,23.260389153472957,26.979141996097276,24.398429167950184,2073.745652173913,15905.27967299534,0.33,-2.2069626266522695,0.1860417272803101,2023-08-08,220,2023,D19,241
CARI,2023_221,1.002114135940429,0.4530192905489396,1.7870772474422192,0.9618326847372503,0.7142984915325606,0.45729440314417824,1.0150189988799083,0.7064543227740728,24.617494771041766,23.02821362993178,27.408086983170183,24.417759590681896,2840.626086956522,15740.270589797074,0.33,-1.8873288214721629,0.15465939010940152,2023-08-09,221,2023,D19,242
CARI,2023_223,0.8498635730628696,0.4278741290073739,1.4384326716763258,0.8154504040277806,1.2296473769980492,0.8962807032873864,1.5838978495063136,1.2282725002463066,26.917656766779626,24.546714527605968,30.77989741981764,26.649015512097886,3406.026086956522,15400.77686563776,0.33,-2.142200208670776,0.17993310282086616,2023-08-11,223,2023,D19,243
CARI,2023_224,1.4520487386052476,0.6383155349817121,2.5841100696750705,1.3960996342689895,0.8337764392587584,0.5574832297863047,1.146574931185133,0.8307469034542626,24.09123930256007,22.88751999256107,26.338265186122378,23.91967489405268,2836.3347826086956,15226.361307675324,0.33,-1.9214692421858304,0.15187326237989657,2023-08-12,224,2023,D19,244
CARI,2023_252,1.713512660823192,0.7858622633171197,3.034613738951432,1.6341600090943218,0.6952579043282614,0.4628421122388394,0.9596978896004135,0.6902709702249065,35.30833391631499,34.30666666164525,37.06783139736535,35.18031265505144,1920.7065217391305,9961.934577075655,0.33,-1.9005463364932094,0.156725295907842,2023-09-09,252,2023,D19,245
CARI,2023_253,1.7159182801973027,0.8059123455513483,2.967848717115858,1.6472615722228725,0.7330508994327957,0.5002761306445802,0.9862713559415892,0.7294747954700067,34.912867581210605,34.05879725520777,36.34071153139995,34.81646932621578,2146.1717391304346,9771.01877289296,0.33,-1.9999768346595124,0.1710427243500719,2023-09-10,253,2023,D19,246
CARI,2023_254,2.1617692726302193,1.0518173053940207,3.5663247947978673,2.1103037440488066,0.732862073792996,0.49425344107977826,0.9996892150158889,0.7268884401938394,33.724945621363005,33.06645198596288,34.75481244877358,33.66195168342135,1078.1369565217392,9586.043598343305,0.33,-2.5768280512065163,0.22123083820644746,2023-09-11,254,2023,D19,247
CARI,2023_256,1.9977443035929854,0.904178802025722,3.5949806091963867,1.902186151951355,0.8024050636387517,0.5549263229637561,1.0695354852882422,0.7959785655818133,34.9512158595178,33.995596396976104,36.70481724518508,34.81913974541209,2593.2869565217393,9212.804685131545,0.33,-2.3990358956095443,0.20517313874899537,2023-09-13,256,2023,D19,248
CARI,2023_257,1.8206374825134584,0.844991245984171,3.076472704080927,1.763147112798697,0.7179016767510669,0.4834822583507113,0.9764277713402716,0.7150932263880576,34.619916508688554,33.784760864377006,35.96137657040248,34.52818401441783,1290.8695652173915,9024.661904773762,0.33,-2.169121252401988,0.18213907171182572,2023-09-14,257,2023,D19,249
CARI,2023_258,1.9922837684141115,0.9814015114733586,3.2914145746370127,1.9527956684760868,0.9112656540776415,0.6540057249469361,1.178494288783227,0.9071745683731218,34.57053721437475,33.74477658975416,35.94036408998189,34.47573136137109,2182.706521739131,8835.585811843106,0.33,-1.9743738197431129,0.16240307759090106,2023-09-15,258,2023,D19,250
CARI,2023_259,1.6268377404314425,0.8223253828807322,2.6703509814649022,1.5872321973511745,0.9984095999423276,0.7231142925853778,1.2816330765928377,0.9966988060169879,35.084065542023275,33.96083752849209,36.97160604688291,34.95437965295605,1965.1652173913046,8645.639227386098,0.33,-2.5330907669960885,0.223505819614276,2023-09-16,259,2023,D19,251
CARI,2023_263,2.0386141943682343,0.8619438798628866,3.7946272604676405,1.938627127850339,0.6172513328409711,0.4026823106086591,0.8534669511026519,0.6125415441783438,34.631112001014984,33.819154770395784,36.14264759775392,34.517922386879484,593.6695652173913,7921.668890494373,0.33,-2.078826937256238,0.17035750071617856,2023-09-20,263,2023,D19,252
CARI,2023_264,2.1509470774830266,1.1242226971536478,3.34643448065027,2.115549991903304,0.9054010758540542,0.6519059713091596,1.179051492628198,0.9013216902610759,34.07662779449982,33.37933781374055,35.16986194242182,34.00403719380061,1339.358695652174,7744.758278789486,0.33,-2.3047972644393306,0.19801811855084517,2023-09-21,264,2023,D19,253
CARI,2023_265,1.752492062586553,0.8455423442905041,2.9719492852491114,1.697988084146743,0.856939856544459,0.6040366428218986,1.1170376607088475,0.8564531721301402,34.91044974730922,33.87078981271034,36.664295748241706,34.77726338718125,1435.9826086956523,7567.364607975789,0.33,-2.3593022126256016,0.2003368351802399,2023-09-22,265,2023,D19,254
CARI,2023_266,1.6618947946068252,0.8475841534515106,2.7734193378574235,1.6152377510946274,0.9039972571011748,0.646123050436684,1.1664938999947183,0.902913174293893,35.11215651095737,34.074764921613095,36.79449377878462,34.986734066052065,1354.2108695652175,7389.548755391246,0.33,-2.4975153935543553,0.2143694526551973,2023-09-23,266,2023,D19,255
CARI,2023_267,1.7374287951105003,0.8647209546124799,2.887989591882931,1.686507716158017,0.9283940742334704,0.6811567443438943,1.1892926098170356,0.9260365068344505,35.28622821812285,34.251797796319885,37.02298742168837,35.156961407398114,1355.895652173913,7211.372164476372,0.33,-2.576421199270384,0.21871820401129577,2023-09-24,267,2023,D19,256
CARI,2023_268,1.8209533029087268,0.8145185162849925,3.2661867144929695,1.7416117789069707,0.7394914785656099,0.5145723374309346,0.9841259633166582,0.7356035816206394,35.61446826117472,34.610417903170195,37.391273746242966,35.473014017758,2079.7608695652175,7032.896801183248,0.33,-2.7026612703504544,0.23674923532424258,2023-09-25,268,2023,D19,257
CARI,2023_269,1.8544672072058577,0.877627930137596,3.205925257249707,1.784113251429577,0.7817760241050759,0.555933121277221,1.0229727514710254,0.7779913732435628,35.90096590789594,34.959920352433485,37.50511658244882,35.78023799847189,1965.2913043478263,6854.185109643964,0.33,-2.442001432324525,0.2154679441361553,2023-09-26,269,2023,D19,258
CARI,2023_270,1.672953290618103,0.803988036649192,2.8533997217487337,1.6167916141043723,0.7458362634983328,0.5213980741068549,0.9937157576499249,0.7422960954436781,35.88236246493662,34.93054704880761,37.46379714116179,35.77664498509686,759.0608695652174,6675.299966987339,0.33,-2.6357716952664685,0.2331945258632348,2023-09-27,270,2023,D19,259
CARI,2023_271,1.8900753870341886,0.9092065335822971,3.2045698284896798,1.8406657545766336,0.7796440589240065,0.5572369818925436,1.0109395966423633,0.7766059364281679,35.96206652569724,35.06978068009663,37.49445879516352,35.85291607869667,1916.0282608695652,6496.304637060683,0.33,-2.520351566663221,0.22059479828952652,2023-09-28,271,2023,D19,260
CARI,2023_274,1.4256971977869266,0.6743947921572836,2.4227678553481407,1.3843735187469768,0.6785374764153416,0.47060010620986753,0.9087401538769985,0.6739543429751504,35.88552488143476,34.91365947512169,37.34727437869046,35.7963198569967,854.9891304347827,5989.299856581987,0.33,-2.1451748382847033,0.18149683515586432,2023-10-01,274,2023,D19,261
CARI,2023_275,1.693355380303379,0.7991172548988682,2.8796220239040426,1.643096032934635,0.761905320143816,0.5378999974225174,1.0017925815860562,0.7606027491753715,35.633123004872736,34.74795889903315,37.18691095862006,35.523225142871695,1120.9,5823.839679713135,0.33,-2.6429226823748895,0.2344485915046407,2023-10-02,275,2023,D19,262
CARI,2023_276,1.7595319238708187,0.7870935928641156,3.135072959915207,1.6816312055160085,0.5369166469024269,0.35051956683306945,0.749478799089788,0.5333560031674518,35.63592348750627,34.79683853198313,37.07868298500995,35.5242065143334,244.99782608695654,5658.574984108833,0.33,-2.117325170612416,0.1773166964893492,2023-10-03,276,2023,D19,263
CARI,2023_277,1.6958183220939715,0.8322979509757377,2.8925637170268863,1.64111542391744,0.7970318412621555,0.572569908764039,1.037232356839175,0.7956853269013208,36.56156888104825,35.51863259416813,38.368059685988534,36.43990209479255,1086.6739130434783,5509.234047882521,0.33,-2.3756807447557917,0.2011289105118098,2023-10-04,277,2023,D19,264
CARI,2023_279,1.7124226855197853,0.7482947291769728,3.093674912072364,1.6317592731158126,0.44091606817387985,0.2825366899385201,0.6269652495530154,0.4352892458381361,35.510037114215564,34.75392378674951,36.688517969574846,35.43931356343622,308.28913043478263,5211.809934874102,0.33,-2.019609429580387,0.16545042065873877,2023-10-06,279,2023,D19,265
CARI,2023_280,1.7086490769435179,0.7285767909074178,3.124338871902242,1.6284400816331426,0.5195130727276157,0.3433710843329749,0.7103959784098386,0.5168949857674415,35.80238552136366,34.96249574039765,37.26318011256244,35.698411289798315,810.2673913043479,5063.586410424734,0.33,-1.8435615917492416,0.14651178790194927,2023-10-07,280,2023,D19,266
CARI,2023_281,1.853996954874158,0.782930223097187,3.521904168087152,1.7664321783178338,0.4513281987204993,0.2910415614912521,0.6352899852655897,0.4465301135401304,35.762602825862494,35.008276046801655,37.07315030426447,35.669164606470005,511.0956521739131,4915.761445446104,0.33,-2.2189345414008095,0.18736947043331006,2023-10-08,281,2023,D19,267
CARI,2023_282,1.7011701556763947,0.7332736855869721,3.088794159435323,1.6120805987559954,0.4392634846430864,0.28959848972732455,0.6133036318914938,0.43556165161782534,35.50525044456751,34.73515968268777,36.63847433267978,35.4363843885385,659.1065217391306,4768.389620771282,0.33,-2.5813582221524256,0.22483591424607463,2023-10-09,282,2023,D19,268
CARI,2023_283,2.021974000923971,0.8264639954997819,4.002816755351439,1.904370692512559,0.39391280619117747,0.24797538632817256,0.5683115286503774,0.39083393773253616,35.53878149295621,34.88885321214301,36.70097609944575,35.451887872797876,169.50869565217394,4621.525408332207,0.33,-2.1093635861909084,0.17578148849960767,2023-10-10,283,2023,D19,269
CARI,2023_284,1.7560314321522663,0.7378985922709276,3.289138441349167,1.6687794902940016,0.4263920479266684,0.2736263819445743,0.60328654973979,0.4231726952832253,35.56954539726149,34.83176430724805,36.74505680615056,35.49153180747248,385.1630434782609,4475.223129223188,0.33,-1.9818178999649674,0.16420719409048032,2023-10-11,284,2023,D19,270
CARI,2023_285,1.7194638397639954,0.7228545345328071,3.231410904379983,1.6337013095176762,0.4254425474245048,0.27558336607086037,0.59276313423725,0.4210324876072551,35.45634023168402,34.72019307783549,36.636761904054026,35.38887966075686,714.6760869565218,4329.536912082036,0.33,-2.1666505144833916,0.18376827887863054,2023-10-12,285,2023,D19,271
CARI,2023_287,1.6240885068838675,0.7005105732899923,2.9816715416076582,1.5425103275284884,0.4009299488514814,0.2608463147115091,0.561509152874089,0.39757128177635637,35.20043476020673,34.40889188156018,36.26946330318019,35.15349774657979,679.2173913043479,4040.2279717869314,0.33,-1.741971297746769,0.13602844660989877,2023-10-14,287,2023,D19,272
CARI,2023_288,1.8365431815854323,0.7235793961177495,3.5631768679508946,1.7181384449553196,0.3764218712583957,0.24511723785911058,0.535876857782194,0.37171890229182925,34.83105451527077,34.11552869969561,35.930515581343705,34.75803223166433,559.145652173913,3896.7121787675824,0.33,-1.7712710217699075,0.14089700132387872,2023-10-15,288,2023,D19,273
CARI,2023_290,1.7111402983567126,0.6930222269995858,3.2867442037740195,1.6111168490054704,0.3888933250514564,0.25383737005582585,0.5447918750388241,0.38524327939553504,33.88504314028218,33.13974358905579,35.1362718674799,33.80642719057438,844.1304347826087,3612.222690748331,0.33,-2.295161392276609,0.18910380492901496,2023-10-17,290,2023,D19,274
CARI,2023_291,2.170479547372845,0.7964049377149065,4.714371425500369,1.9880771425248134,0.2854490527886148,0.1744724732146307,0.42215192468494434,0.28118721653328804,33.83704132594121,33.2177921749479,35.021768536029974,33.74764087767679,124.99782608695654,3480.1795117710244,0.33,-2.3348054065398762,0.19812072327134014,2023-10-18,291,2023,D19,275
