local_datetime,hours,mod_hours,model_datetime,model_day,N_conc,N_conc_hat
2023-08-18T10:00:00Z,4,0,2023-08-18T06:00:00Z,230,3.991,3.991
2023-08-18T11:00:00Z,5,1,2023-08-18T07:00:00Z,230,4.014,3.9340612621543007
2023-08-18T12:00:00Z,6,2,2023-08-18T08:00:00Z,230,4.0115,3.9310369538117453
2023-08-18T13:00:00Z,7,3,2023-08-18T09:00:00Z,230,3.981,3.8944506334075397
2023-08-18T14:00:00Z,8,4,2023-08-18T10:00:00Z,230,3.943,3.8164297678000922
2023-08-18T15:00:00Z,9,5,2023-08-18T11:00:00Z,230,3.9545,3.702371625097749
2023-08-18T16:00:00Z,10,6,2023-08-18T12:00:00Z,230,3.8925,3.5878496768661554
2023-08-18T17:00:00Z,11,7,2023-08-18T13:00:00Z,230,3.8555,3.4880917500396946
2023-08-18T18:00:00Z,12,8,2023-08-18T14:00:00Z,230,3.596,3.409898300880542
2023-08-18T19:00:00Z,13,9,2023-08-18T15:00:00Z,230,3.441,3.3585997546043713
2023-08-18T20:00:00Z,14,10,2023-08-18T16:00:00Z,230,3.3225,3.3376931300548245
2023-08-18T21:00:00Z,15,11,2023-08-18T17:00:00Z,230,3.294,3.3486036460694035
2023-08-18T22:00:00Z,16,12,2023-08-18T18:00:00Z,230,3.2645,3.390587561103267
2023-08-18T23:00:00Z,17,13,2023-08-18T19:00:00Z,230,3.2825,3.4607828699010765
2023-08-19T00:00:00Z,18,14,2023-08-18T20:00:00Z,230,3.276,3.5544044016666536
2023-08-19T01:00:00Z,19,15,2023-08-18T21:00:00Z,230,3.375,3.665070020353564
2023-08-19T02:00:00Z,20,16,2023-08-18T22:00:00Z,230,3.432,3.7834965096032573
2023-08-19T03:00:00Z,21,17,2023-08-18T23:00:00Z,230,3.463,3.874240362027153
2023-08-19T04:00:00Z,22,18,2023-08-19T00:00:00Z,230,3.5945,3.9239976432183483
2023-08-19T05:00:00Z,23,19,2023-08-19T01:00:00Z,230,3.7585,3.9340612621543007
2023-08-19T06:00:00Z,0,20,2023-08-19T02:00:00Z,230,3.969,3.9340612621543007
2023-08-19T07:00:00Z,1,21,2023-08-19T03:00:00Z,230,4.0965,3.9340612621543007
2023-08-19T08:00:00Z,2,22,2023-08-19T04:00:00Z,230,4.1415,3.9340612621543007
2023-08-19T09:00:00Z,3,23,2023-08-19T05:00:00Z,230,4.1745,3.9340612621543007
2023-08-19T10:00:00Z,4,0,2023-08-19T06:00:00Z,231,4.1655,4.1655
2023-08-19T11:00:00Z,5,1,2023-08-19T07:00:00Z,231,4.1355,3.8772275944995527
2023-08-19T12:00:00Z,6,2,2023-08-19T08:00:00Z,231,4.156,3.8743988599754284
2023-08-19T13:00:00Z,7,3,2023-08-19T09:00:00Z,231,4.1225,3.836595598133351
2023-08-19T14:00:00Z,8,4,2023-08-19T10:00:00Z,231,4.0755,3.7548436027355576
2023-08-19T15:00:00Z,9,5,2023-08-19T11:00:00Z,231,3.94,3.634499988888465
2023-08-19T16:00:00Z,10,6,2023-08-19T12:00:00Z,231,3.7445,3.5130625694445743
2023-08-19T17:00:00Z,11,7,2023-08-19T13:00:00Z,231,3.584,3.407316364852282
2023-08-19T18:00:00Z,12,8,2023-08-19T14:00:00Z,231,3.452,3.3244701400185797
2023-08-19T19:00:00Z,13,9,2023-08-19T15:00:00Z,231,3.401,3.2701715690456776
2023-08-19T20:00:00Z,14,10,2023-08-19T16:00:00Z,231,3.3065,3.248122228263497
2023-08-19T21:00:00Z,15,11,2023-08-19T17:00:00Z,231,3.257,3.259825254707181
2023-08-19T22:00:00Z,16,12,2023-08-19T18:00:00Z,231,3.196,3.304482872659072
2023-08-19T23:00:00Z,17,13,2023-08-19T19:00:00Z,231,3.2165,3.379050774338288
2023-08-20T00:00:00Z,18,14,2023-08-19T20:00:00Z,231,3.213,3.4784456480199926
2023-08-20T01:00:00Z,19,15,2023-08-19T21:00:00Z,231,3.2185,3.5958917067030547
2023-08-20T02:00:00Z,20,16,2023-08-19T22:00:00Z,231,3.2845,3.721091688012865
2023-08-20T03:00:00Z,21,17,2023-08-19T23:00:00Z,231,3.344,3.8160123610923957
2023-08-20T04:00:00Z,22,18,2023-08-20T00:00:00Z,231,3.4535,3.8674479367163133
2023-08-20T05:00:00Z,23,19,2023-08-20T01:00:00Z,231,3.631,3.8772275944995527
2023-08-20T06:00:00Z,0,20,2023-08-20T02:00:00Z,231,3.8075,3.8772275944995527
2023-08-20T07:00:00Z,1,21,2023-08-20T03:00:00Z,231,3.948,3.8772275944995527
2023-08-20T08:00:00Z,2,22,2023-08-20T04:00:00Z,231,4.0009999999999994,3.8772275944995527
2023-08-20T09:00:00Z,3,23,2023-08-20T05:00:00Z,231,4.0155,3.8772275944995527
2023-08-20T10:00:00Z,4,0,2023-08-20T06:00:00Z,232,4.0105,4.0105
2023-08-20T11:00:00Z,5,1,2023-08-20T07:00:00Z,232,4.004,3.8180869390581353
2023-08-20T12:00:00Z,6,2,2023-08-20T08:00:00Z,232,4.0065,3.815651873081925
2023-08-20T13:00:00Z,7,3,2023-08-20T09:00:00Z,232,3.967,3.779682254082111
2023-08-20T14:00:00Z,8,4,2023-08-20T10:00:00Z,232,3.897,3.700751336657165
2023-08-20T15:00:00Z,9,5,2023-08-20T11:00:00Z,232,3.7715,3.5837773788730813
2023-08-20T16:00:00Z,10,6,2023-08-20T12:00:00Z,232,3.634,3.4651024999520756
2023-08-20T17:00:00Z,11,7,2023-08-20T13:00:00Z,232,3.4765,3.3617981246903885
2023-08-20T18:00:00Z,12,8,2023-08-20T14:00:00Z,232,3.3495,3.280906643673807
2023-08-20T19:00:00Z,13,9,2023-08-20T15:00:00Z,232,3.333,3.2279425423264803
2023-08-20T20:00:00Z,14,10,2023-08-20T16:00:00Z,232,3.279,3.2065164689785175
2023-08-20T21:00:00Z,15,11,2023-08-20T17:00:00Z,232,3.2525,3.2180890890824654
2023-08-20T22:00:00Z,16,12,2023-08-20T18:00:00Z,232,3.2325,3.261871506016752
2023-08-20T23:00:00Z,17,13,2023-08-20T19:00:00Z,232,3.242,3.334879037322308
2023-08-21T00:00:00Z,18,14,2023-08-20T20:00:00Z,232,3.2295,3.4321346807934945
2023-08-21T01:00:00Z,19,15,2023-08-20T21:00:00Z,232,3.26,3.547008400268234
2023-08-21T02:00:00Z,20,16,2023-08-20T22:00:00Z,232,3.2665,3.668987963241302
2023-08-21T03:00:00Z,21,17,2023-08-20T23:00:00Z,232,3.2995,3.760460204443043
2023-08-21T04:00:00Z,22,18,2023-08-21T00:00:00Z,232,3.459,3.8094126673021633
2023-08-21T05:00:00Z,23,19,2023-08-21T01:00:00Z,232,3.653,3.8180869390581353
2023-08-21T06:00:00Z,0,20,2023-08-21T02:00:00Z,232,3.8625,3.8180869390581353
2023-08-21T07:00:00Z,1,21,2023-08-21T03:00:00Z,232,3.947,3.8180869390581353
2023-08-21T08:00:00Z,2,22,2023-08-21T04:00:00Z,232,3.9635,3.8180869390581353
2023-08-21T09:00:00Z,3,23,2023-08-21T05:00:00Z,232,3.986,3.8180869390581353
2023-08-21T10:00:00Z,4,0,2023-08-21T06:00:00Z,233,3.999,3.999
2023-08-21T11:00:00Z,5,1,2023-08-21T07:00:00Z,233,4.0045,4.152875759183495
2023-08-21T12:00:00Z,6,2,2023-08-21T08:00:00Z,233,4.0045,4.149997238033953
2023-08-21T13:00:00Z,7,3,2023-08-21T09:00:00Z,233,3.9925,4.102131023603685
2023-08-21T14:00:00Z,8,4,2023-08-21T10:00:00Z,233,3.974,3.995480073018886
2023-08-21T15:00:00Z,9,5,2023-08-21T11:00:00Z,233,3.907,3.8363371959431296
2023-08-21T16:00:00Z,10,6,2023-08-21T12:00:00Z,233,3.7145,3.674000566782782
2023-08-21T17:00:00Z,11,7,2023-08-21T13:00:00Z,233,3.572,3.5327408605542088
2023-08-21T18:00:00Z,12,8,2023-08-21T14:00:00Z,233,3.4855,3.4221880461673733
2023-08-21T19:00:00Z,13,9,2023-08-21T15:00:00Z,233,3.4165,3.3498787534439347
2023-08-21T20:00:00Z,14,10,2023-08-21T16:00:00Z,233,3.414,3.320742482058031
2023-08-21T21:00:00Z,15,11,2023-08-21T17:00:00Z,233,3.4045,3.336765542857002
2023-08-21T22:00:00Z,16,12,2023-08-21T18:00:00Z,233,3.429,3.396855641861801
2023-08-21T23:00:00Z,17,13,2023-08-21T19:00:00Z,233,3.465,3.496916339090086
2023-08-22T00:00:00Z,18,14,2023-08-21T20:00:00Z,233,3.483,3.63012630674099
2023-08-22T01:00:00Z,19,15,2023-08-21T21:00:00Z,233,3.5205,3.7874043496342265
2023-08-22T02:00:00Z,20,16,2023-08-21T22:00:00Z,233,3.637,3.9536656852837835
2023-08-22T03:00:00Z,21,17,2023-08-21T23:00:00Z,233,3.8745,4.077006869446041
2023-08-22T04:00:00Z,22,18,2023-08-22T00:00:00Z,233,4.115,4.14215086386206
2023-08-22T05:00:00Z,23,19,2023-08-22T01:00:00Z,233,4.2805,4.152875759183495
2023-08-22T06:00:00Z,0,20,2023-08-22T02:00:00Z,233,4.373,4.152875759183495
2023-08-22T07:00:00Z,1,21,2023-08-22T03:00:00Z,233,4.362,4.152875759183495
2023-08-22T08:00:00Z,2,22,2023-08-22T04:00:00Z,233,4.343,4.152875759183495
2023-08-22T09:00:00Z,3,23,2023-08-22T05:00:00Z,233,4.3535,4.152875759183495
2023-08-22T10:00:00Z,4,0,2023-08-22T06:00:00Z,234,4.308,4.308
2023-08-22T11:00:00Z,5,1,2023-08-22T07:00:00Z,234,4.2865,4.229830288239851
2023-08-22T12:00:00Z,6,2,2023-08-22T08:00:00Z,234,4.256,4.227527307537744
2023-08-22T13:00:00Z,7,3,2023-08-22T09:00:00Z,234,4.2555,4.183329560622046
2023-08-22T14:00:00Z,8,4,2023-08-22T10:00:00Z,234,4.213,4.083269486503145
2023-08-22T15:00:00Z,9,5,2023-08-22T11:00:00Z,234,4.1175,3.9329108386362464
2023-08-22T16:00:00Z,10,6,2023-08-22T12:00:00Z,234,3.991,3.7786921700014524
2023-08-22T17:00:00Z,11,7,2023-08-22T13:00:00Z,234,3.862,3.644547044893937
2023-08-22T18:00:00Z,12,8,2023-08-22T14:00:00Z,234,3.71,3.5396205229647117
2023-08-22T19:00:00Z,13,9,2023-08-22T15:00:00Z,234,3.637,3.4710657602745183
2023-08-22T20:00:00Z,14,10,2023-08-22T16:00:00Z,234,3.518,3.4435563550062667
2023-08-22T21:00:00Z,15,11,2023-08-22T17:00:00Z,234,3.4305,3.458967730732889
2023-08-22T22:00:00Z,16,12,2023-08-22T18:00:00Z,234,3.3985,3.5162492787239445
2023-08-22T23:00:00Z,17,13,2023-08-22T19:00:00Z,234,3.431,3.611495976216193
2023-08-23T00:00:00Z,18,14,2023-08-22T20:00:00Z,234,3.427,3.738214598739505
2023-08-23T01:00:00Z,19,15,2023-08-22T21:00:00Z,234,3.5525,3.8877663785093453
2023-08-23T02:00:00Z,20,16,2023-08-22T22:00:00Z,234,3.744,4.045074667500612
2023-08-23T03:00:00Z,21,17,2023-08-22T23:00:00Z,234,3.969,4.160532819748909
2023-08-23T04:00:00Z,22,18,2023-08-23T00:00:00Z,234,4.0655,4.220670670228698
2023-08-23T05:00:00Z,23,19,2023-08-23T01:00:00Z,234,4.1795,4.229830288239851
2023-08-23T06:00:00Z,0,20,2023-08-23T02:00:00Z,234,4.2815,4.229830288239851
2023-08-23T07:00:00Z,1,21,2023-08-23T03:00:00Z,234,4.3375,4.229830288239851
2023-08-23T08:00:00Z,2,22,2023-08-23T04:00:00Z,234,4.343,4.229830288239851
2023-08-23T09:00:00Z,3,23,2023-08-23T05:00:00Z,234,4.333,4.229830288239851
2023-08-23T10:00:00Z,4,0,2023-08-23T06:00:00Z,235,4.2905,4.2905
2023-08-23T11:00:00Z,5,1,2023-08-23T07:00:00Z,235,4.286,4.0219553218719675
2023-08-23T12:00:00Z,6,2,2023-08-23T08:00:00Z,235,4.2995,4.020365478222297
2023-08-23T13:00:00Z,7,3,2023-08-23T09:00:00Z,235,4.26,3.985839135043894
2023-08-23T14:00:00Z,8,4,2023-08-23T10:00:00Z,235,4.2105,3.906359204400529
2023-08-23T15:00:00Z,9,5,2023-08-23T11:00:00Z,235,4.1145000000000005,3.7861530273318875
2023-08-23T16:00:00Z,10,6,2023-08-23T12:00:00Z,235,3.868,3.6620895958218656
2023-08-23T17:00:00Z,11,7,2023-08-23T13:00:00Z,235,3.669,3.554216698699796
2023-08-23T18:00:00Z,12,8,2023-08-23T14:00:00Z,235,3.5745,3.4698884254914852
2023-08-23T19:00:00Z,13,9,2023-08-23T15:00:00Z,235,3.494,3.414853752673733
2023-08-23T20:00:00Z,14,10,2023-08-23T16:00:00Z,235,3.422,3.3928646125688293
2023-08-23T21:00:00Z,15,11,2023-08-23T17:00:00Z,235,3.439,3.405420107218235
2023-08-23T22:00:00Z,16,12,2023-08-23T18:00:00Z,235,3.414,3.4516643054718408
2023-08-23T23:00:00Z,17,13,2023-08-23T19:00:00Z,235,3.4035,3.528444591223541
2023-08-24T00:00:00Z,18,14,2023-08-23T20:00:00Z,235,3.414,3.630526585392579
2023-08-24T01:00:00Z,19,15,2023-08-23T21:00:00Z,235,3.4225,3.750950989990529
2023-08-24T02:00:00Z,20,16,2023-08-23T22:00:00Z,235,3.4295,3.876981608128714
2023-08-24T03:00:00Z,21,17,2023-08-23T23:00:00Z,235,3.4715,3.9684684132368924
2023-08-24T04:00:00Z,22,18,2023-08-24T00:00:00Z,235,3.62,4.015424257891514
2023-08-24T05:00:00Z,23,19,2023-08-24T01:00:00Z,235,3.839,4.0219553218719675
2023-08-24T06:00:00Z,0,20,2023-08-24T02:00:00Z,235,3.9585,4.0219553218719675
2023-08-24T07:00:00Z,1,21,2023-08-24T03:00:00Z,235,4.1025,4.0219553218719675
2023-08-24T08:00:00Z,2,22,2023-08-24T04:00:00Z,235,4.114,4.0219553218719675
2023-08-24T09:00:00Z,3,23,2023-08-24T05:00:00Z,235,4.145,4.0219553218719675
2023-08-24T10:00:00Z,4,0,2023-08-24T06:00:00Z,236,4.1025,4.1025
2023-08-24T11:00:00Z,5,1,2023-08-24T07:00:00Z,236,4.1129999999999995,3.886818159670121
2023-08-24T12:00:00Z,6,2,2023-08-24T08:00:00Z,236,4.115,3.8856549929712014
2023-08-24T13:00:00Z,7,3,2023-08-24T09:00:00Z,236,4.064,3.8563124146496346
2023-08-24T14:00:00Z,8,4,2023-08-24T10:00:00Z,236,3.9745,3.7875746961241332
2023-08-24T15:00:00Z,9,5,2023-08-24T11:00:00Z,236,3.837,3.682928564192986
2023-08-24T16:00:00Z,10,6,2023-08-24T12:00:00Z,236,3.647,3.5742411535458642
2023-08-24T17:00:00Z,11,7,2023-08-24T13:00:00Z,236,3.6285,3.4797757089968937
2023-08-24T18:00:00Z,12,8,2023-08-24T14:00:00Z,236,3.574,3.4059723558679504
2023-08-24T19:00:00Z,13,9,2023-08-24T15:00:00Z,236,3.4675,3.3578626022124345
2023-08-24T20:00:00Z,14,10,2023-08-24T16:00:00Z,236,3.41,3.3387263167361554
2023-08-24T21:00:00Z,15,11,2023-08-24T17:00:00Z,236,3.3795,3.349868122993498
2023-08-24T22:00:00Z,16,12,2023-08-24T18:00:00Z,236,3.3415,3.3905284543527574
2023-08-24T23:00:00Z,17,13,2023-08-24T19:00:00Z,236,3.2915,3.457935333842897
2023-08-25T00:00:00Z,18,14,2023-08-24T20:00:00Z,236,3.3385,3.5474933491586245
2023-08-25T01:00:00Z,19,15,2023-08-24T21:00:00Z,236,3.3575,3.653096939883926
2023-08-25T02:00:00Z,20,16,2023-08-24T22:00:00Z,236,3.3525,3.7629475955292606
2023-08-25T03:00:00Z,21,17,2023-08-24T23:00:00Z,236,3.3965,3.8418604257152005
2023-08-25T04:00:00Z,22,18,2023-08-25T00:00:00Z,236,3.5365,3.881736246254844
2023-08-25T05:00:00Z,23,19,2023-08-25T01:00:00Z,236,3.752,3.886818159670121
2023-08-25T06:00:00Z,0,20,2023-08-25T02:00:00Z,236,3.9175,3.886818159670121
2023-08-25T07:00:00Z,1,21,2023-08-25T03:00:00Z,236,3.979,3.886818159670121
2023-08-25T08:00:00Z,2,22,2023-08-25T04:00:00Z,236,4.049,3.886818159670121
2023-08-25T09:00:00Z,3,23,2023-08-25T05:00:00Z,236,4.007,3.886818159670121
2023-08-25T10:00:00Z,4,0,2023-08-25T06:00:00Z,237,4.0445,4.0445
2023-08-25T11:00:00Z,5,1,2023-08-25T07:00:00Z,237,4.0184999999999995,3.8964861208152395
2023-08-25T12:00:00Z,6,2,2023-08-25T08:00:00Z,237,4.0375,3.895463740561468
2023-08-25T13:00:00Z,7,3,2023-08-25T09:00:00Z,237,3.9915,3.8642942547658
2023-08-25T14:00:00Z,8,4,2023-08-25T10:00:00Z,237,3.9365,3.7899264216788797
2023-08-25T15:00:00Z,9,5,2023-08-25T11:00:00Z,237,3.801,3.675944251563513
2023-08-25T16:00:00Z,10,6,2023-08-25T12:00:00Z,237,3.6465,3.5568045097810885
2023-08-25T17:00:00Z,11,7,2023-08-25T13:00:00Z,237,3.5625,3.45329737921862
2023-08-25T18:00:00Z,12,8,2023-08-25T14:00:00Z,237,3.46,3.3724794718706534
2023-08-25T19:00:00Z,13,9,2023-08-25T15:00:00Z,237,3.4545,3.3198605680123214
2023-08-25T20:00:00Z,14,10,2023-08-25T16:00:00Z,237,3.401,3.2990279840707903
2023-08-25T21:00:00Z,15,11,2023-08-25T17:00:00Z,237,3.3675,3.3114020039876864
2023-08-25T22:00:00Z,16,12,2023-08-25T18:00:00Z,237,3.329,3.3561390478881514
2023-08-25T23:00:00Z,17,13,2023-08-25T19:00:00Z,237,3.2995,3.4301891799014705
2023-08-26T00:00:00Z,18,14,2023-08-25T20:00:00Z,237,3.2945,3.5285040348928693
2023-08-26T01:00:00Z,19,15,2023-08-25T21:00:00Z,237,3.3075,3.644380989002505
2023-08-26T02:00:00Z,20,16,2023-08-25T22:00:00Z,237,3.385,3.764172374433086
2023-08-26T03:00:00Z,21,17,2023-08-25T23:00:00Z,237,3.455,3.8493059572418966
2023-08-26T04:00:00Z,22,18,2023-08-26T00:00:00Z,237,3.603,3.8916200906682206
2023-08-26T05:00:00Z,23,19,2023-08-26T01:00:00Z,237,3.8295,3.8964861208152395
2023-08-26T06:00:00Z,0,20,2023-08-26T02:00:00Z,237,4.009,3.8964861208152395
2023-08-26T07:00:00Z,1,21,2023-08-26T03:00:00Z,237,4.047,3.8964861208152395
2023-08-26T08:00:00Z,2,22,2023-08-26T04:00:00Z,237,4.067,3.8964861208152395
2023-08-26T09:00:00Z,3,23,2023-08-26T05:00:00Z,237,4.0675,3.8964861208152395
2023-08-26T10:00:00Z,4,0,2023-08-26T06:00:00Z,238,4.086,4.086
2023-08-26T11:00:00Z,5,1,2023-08-26T07:00:00Z,238,4.0555,3.9612632487766826
2023-08-26T12:00:00Z,6,2,2023-08-26T08:00:00Z,238,4.07,3.960372642085467
2023-08-26T13:00:00Z,7,3,2023-08-26T09:00:00Z,238,4.0475,3.9271893046266753
2023-08-26T14:00:00Z,8,4,2023-08-26T10:00:00Z,238,3.983,3.8464786995635616
2023-08-26T15:00:00Z,9,5,2023-08-26T11:00:00Z,238,3.8745,3.7219653141034335
2023-08-26T16:00:00Z,10,6,2023-08-26T12:00:00Z,238,3.703,3.5909321580050912
2023-08-26T17:00:00Z,11,7,2023-08-26T13:00:00Z,238,3.5625,3.4771407284285027
2023-08-26T18:00:00Z,12,8,2023-08-26T14:00:00Z,238,3.504,3.3883488505293125
2023-08-26T19:00:00Z,13,9,2023-08-26T15:00:00Z,238,3.46,3.330609993836428
2023-08-26T20:00:00Z,14,10,2023-08-26T16:00:00Z,238,3.4115,3.307860569661302
2023-08-26T21:00:00Z,15,11,2023-08-26T17:00:00Z,238,3.328,3.321651559935818
2023-08-26T22:00:00Z,16,12,2023-08-26T18:00:00Z,238,3.33,3.371042774237331
2023-08-26T23:00:00Z,17,13,2023-08-26T19:00:00Z,238,3.343,3.452666944503855
2023-08-27T00:00:00Z,18,14,2023-08-26T20:00:00Z,238,3.3375,3.560959288101858
2023-08-27T01:00:00Z,19,15,2023-08-26T21:00:00Z,238,3.4065,3.6885368889529127
2023-08-27T02:00:00Z,20,16,2023-08-26T22:00:00Z,238,3.436,3.8195366567481943
2023-08-27T03:00:00Z,21,17,2023-08-26T23:00:00Z,238,3.5084999999999997,3.91164919292621
2023-08-27T04:00:00Z,22,18,2023-08-27T00:00:00Z,238,3.673,3.95663572802366
2023-08-27T05:00:00Z,23,19,2023-08-27T01:00:00Z,238,3.8795,3.9612632487766826
2023-08-27T06:00:00Z,0,20,2023-08-27T02:00:00Z,238,4.045,3.9612632487766826
2023-08-27T07:00:00Z,1,21,2023-08-27T03:00:00Z,238,4.129,3.9612632487766826
2023-08-27T08:00:00Z,2,22,2023-08-27T04:00:00Z,238,4.177,3.9612632487766826
2023-08-27T09:00:00Z,3,23,2023-08-27T05:00:00Z,238,4.15,3.9612632487766826
2023-08-27T10:00:00Z,4,0,2023-08-27T06:00:00Z,239,4.1745,4.1745
2023-08-27T11:00:00Z,5,1,2023-08-27T07:00:00Z,239,4.1725,3.9681938425540624
2023-08-27T12:00:00Z,6,2,2023-08-27T08:00:00Z,239,4.17,3.967460972878713
2023-08-27T13:00:00Z,7,3,2023-08-27T09:00:00Z,239,4.1395,3.9340775668345396
2023-08-27T14:00:00Z,8,4,2023-08-27T10:00:00Z,239,4.079,3.8512216635515384
2023-08-27T15:00:00Z,9,5,2023-08-27T11:00:00Z,239,3.9585,3.722592604812023
2023-08-27T16:00:00Z,10,6,2023-08-27T12:00:00Z,239,3.743,3.5862451440642324
2023-08-27T17:00:00Z,11,7,2023-08-27T13:00:00Z,239,3.5655,3.4678905422004704
2023-08-27T18:00:00Z,12,8,2023-08-27T14:00:00Z,239,3.4905,3.375597802308286
2023-08-27T19:00:00Z,13,9,2023-08-27T15:00:00Z,239,3.467,3.3156591303893195
2023-08-27T20:00:00Z,14,10,2023-08-27T16:00:00Z,239,3.388,3.2921609524594255
2023-08-27T21:00:00Z,15,11,2023-08-27T17:00:00Z,239,3.3235,3.3067053132436808
2023-08-27T22:00:00Z,16,12,2023-08-27T18:00:00Z,239,3.2855,3.358300650869155
2023-08-27T23:00:00Z,17,13,2023-08-27T19:00:00Z,239,3.2905,3.443429394534533
2023-08-28T00:00:00Z,18,14,2023-08-27T20:00:00Z,239,3.318,3.5562877769678365
2023-08-28T01:00:00Z,19,15,2023-08-27T21:00:00Z,239,3.366,3.6891815124433625
2023-08-28T02:00:00Z,20,16,2023-08-27T22:00:00Z,239,3.38,3.824631851835832
2023-08-28T03:00:00Z,21,17,2023-08-27T23:00:00Z,239,3.4465,3.9188837769253233
2023-08-28T04:00:00Z,22,18,2023-08-28T00:00:00Z,239,3.5905,3.9640642425352532
2023-08-28T05:00:00Z,23,19,2023-08-28T01:00:00Z,239,3.8465,3.9681938425540624
2023-08-28T06:00:00Z,0,20,2023-08-28T02:00:00Z,239,4.0215,3.9681938425540624
2023-08-28T07:00:00Z,1,21,2023-08-28T03:00:00Z,239,4.087,3.9681938425540624
2023-08-28T08:00:00Z,2,22,2023-08-28T04:00:00Z,239,4.136,3.9681938425540624
2023-08-28T09:00:00Z,3,23,2023-08-28T05:00:00Z,239,4.143,3.9681938425540624
2023-08-28T10:00:00Z,4,0,2023-08-28T06:00:00Z,240,4.148,4.148
2023-08-28T11:00:00Z,5,1,2023-08-28T07:00:00Z,240,4.1415,3.955887290587089
2023-08-28T12:00:00Z,6,2,2023-08-28T08:00:00Z,240,4.12,3.9553618743492116
2023-08-28T13:00:00Z,7,3,2023-08-28T09:00:00Z,240,4.1045,3.923903174364906
2023-08-28T14:00:00Z,8,4,2023-08-28T10:00:00Z,240,4.0695,3.84414458065897
2023-08-28T15:00:00Z,9,5,2023-08-28T11:00:00Z,240,3.971,3.7195242752874837
2023-08-28T16:00:00Z,10,6,2023-08-28T12:00:00Z,240,3.7325,3.5864572533595336
2023-08-28T17:00:00Z,11,7,2023-08-28T13:00:00Z,240,3.5995,3.4710020688864422
2023-08-28T18:00:00Z,12,8,2023-08-28T14:00:00Z,240,3.5095,3.3810301276242805
2023-08-28T19:00:00Z,13,9,2023-08-28T15:00:00Z,240,3.477,3.322675469327319
2023-08-28T20:00:00Z,14,10,2023-08-28T16:00:00Z,240,3.4105,3.2999165642379467
2023-08-28T21:00:00Z,15,11,2023-08-28T17:00:00Z,240,3.3405,3.314305069444726
2023-08-28T22:00:00Z,16,12,2023-08-28T18:00:00Z,240,3.271,3.364860038047141
2023-08-28T23:00:00Z,17,13,2023-08-28T19:00:00Z,240,3.3075,3.4481347939945084
2023-08-29T00:00:00Z,18,14,2023-08-28T20:00:00Z,240,3.302,3.558451913628191
2023-08-29T01:00:00Z,19,15,2023-08-28T21:00:00Z,240,3.3205,3.68829029387901
2023-08-29T02:00:00Z,20,16,2023-08-28T22:00:00Z,240,3.363,3.819633508714641
2023-08-29T03:00:00Z,21,17,2023-08-28T23:00:00Z,240,3.4315,3.910045546745705
2023-08-29T04:00:00Z,22,18,2023-08-29T00:00:00Z,240,3.59,3.952532578101688
2023-08-29T05:00:00Z,23,19,2023-08-29T01:00:00Z,240,3.827,3.955887290587089
2023-08-29T06:00:00Z,0,20,2023-08-29T02:00:00Z,240,4.021,3.955887290587089
2023-08-29T07:00:00Z,1,21,2023-08-29T03:00:00Z,240,4.1125,3.955887290587089
2023-08-29T08:00:00Z,2,22,2023-08-29T04:00:00Z,240,4.138,3.955887290587089
2023-08-29T09:00:00Z,3,23,2023-08-29T05:00:00Z,240,4.152,3.955887290587089
2023-08-29T10:00:00Z,4,0,2023-08-29T06:00:00Z,241,4.151,4.151
2023-08-29T11:00:00Z,5,1,2023-08-29T07:00:00Z,241,4.1145,4.0193256606499075
2023-08-29T12:00:00Z,6,2,2023-08-29T08:00:00Z,241,4.117,4.018946595379163
2023-08-29T13:00:00Z,7,3,2023-08-29T09:00:00Z,241,4.0845,3.9846207498755826
2023-08-29T14:00:00Z,8,4,2023-08-29T10:00:00Z,241,4.044,3.8956182811524616
2023-08-29T15:00:00Z,9,5,2023-08-29T11:00:00Z,241,3.955,3.7556348009980836
2023-08-29T16:00:00Z,10,6,2023-08-29T12:00:00Z,241,3.742,3.6050561828920387
2023-08-29T17:00:00Z,11,7,2023-08-29T13:00:00Z,241,3.579,3.4744671972694414
2023-08-29T18:00:00Z,12,8,2023-08-29T14:00:00Z,241,3.5355,3.3727711103444604
2023-08-29T19:00:00Z,13,9,2023-08-29T15:00:00Z,241,3.4445,3.306901344544243
2023-08-29T20:00:00Z,14,10,2023-08-29T16:00:00Z,241,3.386,3.2813487708902462
2023-08-29T21:00:00Z,15,11,2023-08-29T17:00:00Z,241,3.3245,3.297855528303705
2023-08-29T22:00:00Z,16,12,2023-08-29T18:00:00Z,241,3.319,3.355296244911923
2023-08-29T23:00:00Z,17,13,2023-08-29T19:00:00Z,241,3.2955,3.4497547597994087
2023-08-30T00:00:00Z,18,14,2023-08-29T20:00:00Z,241,3.3405,3.574791114874679
2023-08-30T01:00:00Z,19,15,2023-08-29T21:00:00Z,241,3.2975,3.72188061429827
2023-08-30T02:00:00Z,20,16,2023-08-29T22:00:00Z,241,3.3365,3.86938965286038
2023-08-30T03:00:00Z,21,17,2023-08-29T23:00:00Z,241,3.443,3.9699051727217536
2023-08-30T04:00:00Z,22,18,2023-08-30T00:00:00Z,241,3.7285,4.016149186099788
2023-08-30T05:00:00Z,23,19,2023-08-30T01:00:00Z,241,4.002,4.0193256606499075
2023-08-30T06:00:00Z,0,20,2023-08-30T02:00:00Z,241,4.203,4.0193256606499075
2023-08-30T07:00:00Z,1,21,2023-08-30T03:00:00Z,241,4.2565,4.0193256606499075
2023-08-30T08:00:00Z,2,22,2023-08-30T04:00:00Z,241,4.266,4.0193256606499075
2023-08-30T09:00:00Z,3,23,2023-08-30T05:00:00Z,241,4.245,4.0193256606499075
2023-08-30T10:00:00Z,4,0,2023-08-30T06:00:00Z,242,4.2115,4.2115
2023-08-30T11:00:00Z,5,1,2023-08-30T07:00:00Z,242,4.1754999999999995,4.3080603037865055
2023-08-30T12:00:00Z,6,2,2023-08-30T08:00:00Z,242,4.1885,4.307821097618139
2023-08-30T13:00:00Z,7,3,2023-08-30T09:00:00Z,242,4.148,4.278581633252202
2023-08-30T14:00:00Z,8,4,2023-08-30T10:00:00Z,242,4.1015,4.2009501525306225
2023-08-30T15:00:00Z,9,5,2023-08-30T11:00:00Z,242,4.083,4.078118579901743
2023-08-30T16:00:00Z,10,6,2023-08-30T12:00:00Z,242,4.003,3.944898659617153
2023-08-30T17:00:00Z,11,7,2023-08-30T13:00:00Z,242,3.922,3.8294182929042595
2023-08-30T18:00:00Z,12,8,2023-08-30T14:00:00Z,242,3.88,3.7395507422836105
2023-08-30T19:00:00Z,13,9,2023-08-30T15:00:00Z,242,3.83,3.681423038547822
2023-08-30T20:00:00Z,14,10,2023-08-30T16:00:00Z,242,3.7395,3.6589982478630256
2023-08-30T21:00:00Z,15,11,2023-08-30T17:00:00Z,242,3.686,3.6738052737786417
2023-08-30T22:00:00Z,16,12,2023-08-30T18:00:00Z,242,3.716,3.724834616098712
2023-08-30T23:00:00Z,17,13,2023-08-30T19:00:00Z,242,3.764,3.8086071939210813
2023-08-31T00:00:00Z,18,14,2023-08-30T20:00:00Z,242,3.6865,3.919411540939617
2023-08-31T01:00:00Z,19,15,2023-08-30T21:00:00Z,242,3.7685,4.04969320170593
2023-08-31T02:00:00Z,20,16,2023-08-30T22:00:00Z,242,3.8195,4.179197605911377
2023-08-31T03:00:00Z,21,17,2023-08-30T23:00:00Z,242,4.019,4.266524562395121
2023-08-31T04:00:00Z,22,18,2023-08-31T00:00:00Z,242,4.266,4.305800647695053
2023-08-31T05:00:00Z,23,19,2023-08-31T01:00:00Z,242,4.478,4.3080603037865055
2023-08-31T06:00:00Z,0,20,2023-08-31T02:00:00Z,242,4.535,4.3080603037865055
2023-08-31T07:00:00Z,1,21,2023-08-31T03:00:00Z,242,4.559,4.3080603037865055
2023-08-31T08:00:00Z,2,22,2023-08-31T04:00:00Z,242,4.575,4.3080603037865055
2023-08-31T09:00:00Z,3,23,2023-08-31T05:00:00Z,242,4.5775,4.3080603037865055
2023-08-31T10:00:00Z,4,0,2023-08-31T06:00:00Z,243,4.5675,4.5675
2023-08-31T11:00:00Z,5,1,2023-08-31T07:00:00Z,243,4.518,4.353647160652179
2023-08-31T12:00:00Z,6,2,2023-08-31T08:00:00Z,243,4.523,4.353542740863288
2023-08-31T13:00:00Z,7,3,2023-08-31T09:00:00Z,243,4.5195,4.333078208900624
2023-08-31T14:00:00Z,8,4,2023-08-31T10:00:00Z,243,4.489,4.27736599036282
2023-08-31T15:00:00Z,9,5,2023-08-31T11:00:00Z,243,4.4775,4.188674112481911
2023-08-31T16:00:00Z,10,6,2023-08-31T12:00:00Z,243,4.3875,4.091677509947786
2023-08-31T17:00:00Z,11,7,2023-08-31T13:00:00Z,243,4.259,4.00763733734881
2023-08-31T18:00:00Z,12,8,2023-08-31T14:00:00Z,243,4.132,3.9422833634116925
2023-08-31T19:00:00Z,13,9,2023-08-31T15:00:00Z,243,3.9735,3.900071357556677
2023-08-31T20:00:00Z,14,10,2023-08-31T16:00:00Z,243,3.914,3.883879298965155
2023-08-31T21:00:00Z,15,11,2023-08-31T17:00:00Z,243,3.9225,3.8948111572386703
2023-08-31T22:00:00Z,16,12,2023-08-31T18:00:00Z,243,3.8435,3.9321216228730487
2023-08-31T23:00:00Z,17,13,2023-08-31T19:00:00Z,243,3.7645,3.993266919567467
2023-09-01T00:00:00Z,18,14,2023-08-31T20:00:00Z,243,3.761,4.0740782342653565
2023-09-01T01:00:00Z,19,15,2023-08-31T21:00:00Z,243,3.7715,4.169045940860729
2023-09-01T02:00:00Z,20,16,2023-08-31T22:00:00Z,243,3.751,4.262547668188463
2023-09-01T03:00:00Z,21,17,2023-08-31T23:00:00Z,243,3.8955,4.324954766823977
2023-09-01T04:00:00Z,22,18,2023-09-01T00:00:00Z,243,4.0649999999999995,4.352349734946029
2023-09-01T05:00:00Z,23,19,2023-09-01T01:00:00Z,243,4.296,4.353647160652179
2023-09-01T06:00:00Z,0,20,2023-09-01T02:00:00Z,243,4.4205,4.353647160652179
2023-09-01T07:00:00Z,1,21,2023-09-01T03:00:00Z,243,4.4675,4.353647160652179
2023-09-01T08:00:00Z,2,22,2023-09-01T04:00:00Z,243,4.479,4.353647160652179
2023-09-01T09:00:00Z,3,23,2023-09-01T05:00:00Z,243,4.4575000000000005,4.353647160652179
2023-09-01T10:00:00Z,4,0,2023-09-01T06:00:00Z,244,4.4105,4.4105
2023-09-01T11:00:00Z,5,1,2023-09-01T07:00:00Z,244,4.4245,4.251060585905071
2023-09-01T12:00:00Z,6,2,2023-09-01T08:00:00Z,244,4.412,4.25100729318026
2023-09-01T13:00:00Z,7,3,2023-09-01T09:00:00Z,244,4.3405000000000005,4.220641814603699
2023-09-01T14:00:00Z,8,4,2023-09-01T10:00:00Z,244,4.288,4.135751715427272
2023-09-01T15:00:00Z,9,5,2023-09-01T11:00:00Z,244,4.139,3.999757516221537
2023-09-01T16:00:00Z,10,6,2023-09-01T12:00:00Z,244,3.94,3.8497732181397266
2023-09-01T17:00:00Z,11,7,2023-09-01T13:00:00Z,244,3.77,3.719886869829583
2023-09-01T18:00:00Z,12,8,2023-09-01T14:00:00Z,244,3.688,3.6189540520717673
2023-09-01T19:00:00Z,13,9,2023-09-01T15:00:00Z,244,3.665,3.553856317898711
2023-09-01T20:00:00Z,14,10,2023-09-01T16:00:00Z,244,3.6545,3.529032010051131
2023-09-01T21:00:00Z,15,11,2023-09-01T17:00:00Z,244,3.5995,3.5461736545322267
2023-09-01T22:00:00Z,16,12,2023-09-01T18:00:00Z,244,3.573,3.6041125620873284
2023-09-01T23:00:00Z,17,13,2023-09-01T19:00:00Z,244,3.5865,3.698898505748513
2023-09-02T00:00:00Z,18,14,2023-09-01T20:00:00Z,244,3.618,3.8240690424024537
2023-09-02T01:00:00Z,19,15,2023-09-01T21:00:00Z,244,3.6465,3.9710901164800854
2023-09-02T02:00:00Z,20,16,2023-09-01T22:00:00Z,244,3.693,4.114371163983568
2023-09-02T03:00:00Z,21,17,2023-09-01T23:00:00Z,244,3.803,4.209039292536894
2023-09-02T04:00:00Z,22,18,2023-09-02T00:00:00Z,244,3.9945,4.249526821735588
2023-09-02T05:00:00Z,23,19,2023-09-02T01:00:00Z,244,4.2305,4.251060585905071
2023-09-02T06:00:00Z,0,20,2023-09-02T02:00:00Z,244,4.345,4.251060585905071
2023-09-02T07:00:00Z,1,21,2023-09-02T03:00:00Z,244,4.3945,4.251060585905071
2023-09-02T08:00:00Z,2,22,2023-09-02T04:00:00Z,244,4.401,4.251060585905071
2023-09-02T09:00:00Z,3,23,2023-09-02T05:00:00Z,244,4.3905,4.251060585905071
2023-09-02T10:00:00Z,4,0,2023-09-02T06:00:00Z,245,4.388,4.388
2023-09-02T11:00:00Z,5,1,2023-09-02T07:00:00Z,245,4.338,4.204975166736859
2023-09-02T12:00:00Z,6,2,2023-09-02T08:00:00Z,245,4.3035,4.204975166736859
2023-09-02T13:00:00Z,7,3,2023-09-02T09:00:00Z,245,4.311,4.175566134372802
2023-09-02T14:00:00Z,8,4,2023-09-02T10:00:00Z,245,4.2345,4.090999829075257
2023-09-02T15:00:00Z,9,5,2023-09-02T11:00:00Z,245,4.116,3.954703485661918
2023-09-02T16:00:00Z,10,6,2023-09-02T12:00:00Z,245,3.922,3.803040320176966
2023-09-02T17:00:00Z,11,7,2023-09-02T13:00:00Z,245,3.7105,3.671765572859571
2023-09-02T18:00:00Z,12,8,2023-09-02T14:00:00Z,245,3.607,3.569829550448758
2023-09-02T19:00:00Z,13,9,2023-09-02T15:00:00Z,245,3.615,3.50418225450615
2023-09-02T20:00:00Z,14,10,2023-09-02T16:00:00Z,245,3.599,3.4792995287119064
2023-09-02T21:00:00Z,15,11,2023-09-02T17:00:00Z,245,3.5615,3.496877893514299
2023-09-02T22:00:00Z,16,12,2023-09-02T18:00:00Z,245,3.5225,3.5557188745718875
2023-09-02T23:00:00Z,17,13,2023-09-02T19:00:00Z,245,3.5665,3.651810711781499
2023-09-03T00:00:00Z,18,14,2023-09-02T20:00:00Z,245,3.565,3.7786018782896016
2023-09-03T01:00:00Z,19,15,2023-09-02T21:00:00Z,245,3.5845,3.927447761256342
2023-09-03T02:00:00Z,20,16,2023-09-02T22:00:00Z,245,3.6195,4.070983266359175
2023-09-03T03:00:00Z,21,17,2023-09-02T23:00:00Z,245,3.738,4.164846100872833
2023-09-03T04:00:00Z,22,18,2023-09-03T00:00:00Z,245,3.942,4.20387873064012
2023-09-03T05:00:00Z,23,19,2023-09-03T01:00:00Z,245,4.196,4.204975166736859
2023-09-03T06:00:00Z,0,20,2023-09-03T02:00:00Z,245,4.318,4.204975166736859
2023-09-03T07:00:00Z,1,21,2023-09-03T03:00:00Z,245,4.3995,4.204975166736859
2023-09-03T08:00:00Z,2,22,2023-09-03T04:00:00Z,245,4.3635,4.204975166736859
2023-09-03T09:00:00Z,3,23,2023-09-03T05:00:00Z,245,4.38,4.204975166736859
2023-09-03T10:00:00Z,4,0,2023-09-03T06:00:00Z,246,4.356,4.356
2023-09-03T11:00:00Z,5,1,2023-09-03T07:00:00Z,246,4.335,4.247515160850539
2023-09-03T12:00:00Z,6,2,2023-09-03T08:00:00Z,246,4.3325,4.247515160850539
2023-09-03T13:00:00Z,7,3,2023-09-03T09:00:00Z,246,4.3015,4.21717047738327
2023-09-03T14:00:00Z,8,4,2023-09-03T10:00:00Z,246,4.256,4.127257377342316
2023-09-03T15:00:00Z,9,5,2023-09-03T11:00:00Z,246,4.114,3.981500158056775
2023-09-03T16:00:00Z,10,6,2023-09-03T12:00:00Z,246,3.8515,3.817775273183122
2023-09-03T17:00:00Z,11,7,2023-09-03T13:00:00Z,246,3.7425,3.676132182683607
2023-09-03T18:00:00Z,12,8,2023-09-03T14:00:00Z,246,3.582,3.5662281728208254
2023-09-03T19:00:00Z,13,9,2023-09-03T15:00:00Z,246,3.593,3.495556553736884
2023-09-03T20:00:00Z,14,10,2023-09-03T16:00:00Z,246,3.6195,3.4689357604639306
2023-09-03T21:00:00Z,15,11,2023-09-03T17:00:00Z,246,3.587,3.4881808274282187
2023-09-03T22:00:00Z,16,12,2023-09-03T18:00:00Z,246,3.601,3.5519796357385323
2023-09-03T23:00:00Z,17,13,2023-09-03T19:00:00Z,246,3.5185,3.6559823710902823
2023-09-04T00:00:00Z,18,14,2023-09-03T20:00:00Z,246,3.556,3.793098093313327
2023-09-04T01:00:00Z,19,15,2023-09-03T21:00:00Z,246,3.612,3.953978197620917
2023-09-04T02:00:00Z,20,16,2023-09-03T22:00:00Z,246,3.64,4.10731760082524
2023-09-04T03:00:00Z,21,17,2023-09-03T23:00:00Z,246,3.857,4.206618040786231
2023-09-04T04:00:00Z,22,18,2023-09-04T00:00:00Z,246,4.0735,4.246680315593189
2023-09-04T05:00:00Z,23,19,2023-09-04T01:00:00Z,246,4.2775,4.247515160850539
2023-09-04T06:00:00Z,0,20,2023-09-04T02:00:00Z,246,4.4125,4.247515160850539
2023-09-04T07:00:00Z,1,21,2023-09-04T03:00:00Z,246,4.407,4.247515160850539
2023-09-04T08:00:00Z,2,22,2023-09-04T04:00:00Z,246,4.4315,4.247515160850539
2023-09-04T09:00:00Z,3,23,2023-09-04T05:00:00Z,246,4.4105,4.247515160850539
2023-09-04T10:00:00Z,4,0,2023-09-04T06:00:00Z,247,4.397,4.397
2023-09-04T11:00:00Z,5,1,2023-09-04T07:00:00Z,247,4.371,4.353048795713885
2023-09-04T12:00:00Z,6,2,2023-09-04T08:00:00Z,247,4.343,4.353048795713885
2023-09-04T13:00:00Z,7,3,2023-09-04T09:00:00Z,247,4.3395,4.323652369882428
2023-09-04T14:00:00Z,8,4,2023-09-04T10:00:00Z,247,4.311,4.233717868466273
2023-09-04T15:00:00Z,9,5,2023-09-04T11:00:00Z,247,4.2415,4.087053904750546
2023-09-04T16:00:00Z,10,6,2023-09-04T12:00:00Z,247,4.0200000000000005,3.9207333786535203
2023-09-04T17:00:00Z,11,7,2023-09-04T13:00:00Z,247,3.8275,3.776918889135197
2023-09-04T18:00:00Z,12,8,2023-09-04T14:00:00Z,247,3.672,3.6654158320059125
2023-09-04T19:00:00Z,13,9,2023-09-04T15:00:00Z,247,3.6035,3.5938265892473136
2023-09-04T20:00:00Z,14,10,2023-09-04T16:00:00Z,247,3.668,3.567032190248767
2023-09-04T21:00:00Z,15,11,2023-09-04T17:00:00Z,247,3.722,3.586859516619396
2023-09-04T22:00:00Z,16,12,2023-09-04T18:00:00Z,247,3.636,3.651956741102139
2023-09-04T23:00:00Z,17,13,2023-09-04T19:00:00Z,247,3.623,3.757885493565393
2023-09-05T00:00:00Z,18,14,2023-09-04T20:00:00Z,247,3.788,3.8974234704179374
2023-09-05T01:00:00Z,19,15,2023-09-04T21:00:00Z,247,3.72,4.061056855538161
2023-09-05T02:00:00Z,20,16,2023-09-04T22:00:00Z,247,3.9585,4.215180167749338
2023-09-05T03:00:00Z,21,17,2023-09-04T23:00:00Z,247,4.143,4.3139818853711756
2023-09-05T04:00:00Z,22,18,2023-09-05T00:00:00Z,247,4.3525,4.352557470455291
2023-09-05T05:00:00Z,23,19,2023-09-05T01:00:00Z,247,4.3835,4.353048795713885
2023-09-05T06:00:00Z,0,20,2023-09-05T02:00:00Z,247,4.4165,4.353048795713885
2023-09-05T07:00:00Z,1,21,2023-09-05T03:00:00Z,247,4.4285,4.353048795713885
2023-09-05T08:00:00Z,2,22,2023-09-05T04:00:00Z,247,4.483,4.353048795713885
2023-09-05T09:00:00Z,3,23,2023-09-05T05:00:00Z,247,4.4325,4.353048795713885
2023-09-05T10:00:00Z,4,0,2023-09-05T06:00:00Z,248,4.526,4.526
2023-09-05T11:00:00Z,5,1,2023-09-05T07:00:00Z,248,4.465,4.26933878111313
2023-09-05T12:00:00Z,6,2,2023-09-05T08:00:00Z,248,4.5135,4.26933878111313
2023-09-05T13:00:00Z,7,3,2023-09-05T09:00:00Z,248,4.4945,4.243053755444248
2023-09-05T14:00:00Z,8,4,2023-09-05T10:00:00Z,248,4.4085,4.1598496342618105
2023-09-05T15:00:00Z,9,5,2023-09-05T11:00:00Z,248,4.286,4.023327004028398
2023-09-05T16:00:00Z,10,6,2023-09-05T12:00:00Z,248,4.0295,3.867009919314519
2023-09-05T17:00:00Z,11,7,2023-09-05T13:00:00Z,248,3.825,3.731913236161549
2023-09-05T18:00:00Z,12,8,2023-09-05T14:00:00Z,248,3.677,3.627251138710117
2023-09-05T19:00:00Z,13,9,2023-09-05T15:00:00Z,248,3.6665,3.5601596275061653
2023-09-05T20:00:00Z,14,10,2023-09-05T16:00:00Z,248,3.556,3.5352130979413636
2023-09-05T21:00:00Z,15,11,2023-09-05T17:00:00Z,248,3.6415,3.5541124501174175
2023-09-05T22:00:00Z,16,12,2023-09-05T18:00:00Z,248,3.603,3.615569116968818
2023-09-05T23:00:00Z,17,13,2023-09-05T19:00:00Z,248,3.6275,3.7153929180129985
2023-09-06T00:00:00Z,18,14,2023-09-05T20:00:00Z,248,3.626,3.846777749002278
2023-09-06T01:00:00Z,19,15,2023-09-05T21:00:00Z,248,3.4715,4.00076562903175
2023-09-06T02:00:00Z,20,16,2023-09-05T22:00:00Z,248,3.675,4.143928798578455
2023-09-06T03:00:00Z,21,17,2023-09-05T23:00:00Z,248,3.785,4.2348293430979655
2023-09-06T04:00:00Z,22,18,2023-09-06T00:00:00Z,248,3.99,4.269078417803806
2023-09-06T05:00:00Z,23,19,2023-09-06T01:00:00Z,248,4.207,4.26933878111313
2023-09-06T06:00:00Z,0,20,2023-09-06T02:00:00Z,248,4.333,4.26933878111313
2023-09-06T07:00:00Z,1,21,2023-09-06T03:00:00Z,248,4.3875,4.26933878111313
2023-09-06T08:00:00Z,2,22,2023-09-06T04:00:00Z,248,4.3934999999999995,4.26933878111313
2023-09-06T09:00:00Z,3,23,2023-09-06T05:00:00Z,248,4.3675,4.26933878111313
2023-09-06T10:00:00Z,4,0,2023-09-06T06:00:00Z,249,4.3685,4.3685
2023-09-06T11:00:00Z,5,1,2023-09-06T07:00:00Z,249,4.3235,4.181675152957617
2023-09-06T12:00:00Z,6,2,2023-09-06T08:00:00Z,249,4.337,4.181675152957617
2023-09-06T13:00:00Z,7,3,2023-09-06T09:00:00Z,249,4.3105,4.157551499443251
2023-09-06T14:00:00Z,8,4,2023-09-06T10:00:00Z,249,4.2605,4.07869653902573
2023-09-06T15:00:00Z,9,5,2023-09-06T11:00:00Z,249,4.1305000000000005,3.9484915886771317
2023-09-06T16:00:00Z,10,6,2023-09-06T12:00:00Z,249,3.8885,3.7980555959414524
2023-09-06T17:00:00Z,11,7,2023-09-06T13:00:00Z,249,3.7295,3.6680156838786293
2023-09-06T18:00:00Z,12,8,2023-09-06T14:00:00Z,249,3.613,3.5673510390012217
2023-09-06T19:00:00Z,13,9,2023-09-06T15:00:00Z,249,3.6235,3.502925146763093
2023-09-06T20:00:00Z,14,10,2023-09-06T16:00:00Z,249,3.589,3.479130679625288
2023-09-06T21:00:00Z,15,11,2023-09-06T17:00:00Z,249,3.546,3.497589995650499
2023-09-06T22:00:00Z,16,12,2023-09-06T18:00:00Z,249,3.5445,3.5570445214099116
2023-09-06T23:00:00Z,17,13,2023-09-06T19:00:00Z,249,3.5325,3.6534405614863488
2023-09-07T00:00:00Z,18,14,2023-09-06T20:00:00Z,249,3.537,3.7802056841582554
2023-09-07T01:00:00Z,19,15,2023-09-06T21:00:00Z,249,3.5805,3.928696839048431
2023-09-07T02:00:00Z,20,16,2023-09-06T22:00:00Z,249,3.6165,4.0649028247813765
2023-09-07T03:00:00Z,21,17,2023-09-06T23:00:00Z,249,3.715,4.150547981310265
2023-09-07T04:00:00Z,22,18,2023-09-07T00:00:00Z,249,3.9295,4.1815878391488495
2023-09-07T05:00:00Z,23,19,2023-09-07T01:00:00Z,249,4.1735,4.181675152957617
2023-09-07T06:00:00Z,0,20,2023-09-07T02:00:00Z,249,4.289,4.181675152957617
2023-09-07T07:00:00Z,1,21,2023-09-07T03:00:00Z,249,4.3205,4.181675152957617
2023-09-07T08:00:00Z,2,22,2023-09-07T04:00:00Z,249,4.339,4.181675152957617
2023-09-07T09:00:00Z,3,23,2023-09-07T05:00:00Z,249,4.3445,4.181675152957617
2023-09-07T10:00:00Z,4,0,2023-09-07T06:00:00Z,250,4.366,4.366
2023-09-07T11:00:00Z,5,1,2023-09-07T07:00:00Z,250,4.3495,4.239470108772515
2023-09-07T12:00:00Z,6,2,2023-09-07T08:00:00Z,250,4.322,4.239470108772515
2023-09-07T13:00:00Z,7,3,2023-09-07T09:00:00Z,250,4.3055,4.215534247542487
2023-09-07T14:00:00Z,8,4,2023-09-07T10:00:00Z,250,4.235,4.134555159656705
2023-09-07T15:00:00Z,9,5,2023-09-07T11:00:00Z,250,4.183,3.9999724096288634
2023-09-07T16:00:00Z,10,6,2023-09-07T12:00:00Z,250,3.965,3.8430490220905646
2023-09-07T17:00:00Z,11,7,2023-09-07T13:00:00Z,250,3.84,3.707374748595437
2023-09-07T18:00:00Z,12,8,2023-09-07T14:00:00Z,250,3.675,3.602432925643985
2023-09-07T19:00:00Z,13,9,2023-09-07T15:00:00Z,250,3.6375,3.5353786983422832
2023-09-07T20:00:00Z,14,10,2023-09-07T16:00:00Z,250,3.5735,3.510783965105527
2023-09-07T21:00:00Z,15,11,2023-09-07T17:00:00Z,250,3.544,3.5303256549150683
2023-09-07T22:00:00Z,16,12,2023-09-07T18:00:00Z,250,3.555,3.592671389053256
2023-09-07T23:00:00Z,17,13,2023-09-07T19:00:00Z,250,3.617,3.6935703233386907
2023-09-08T00:00:00Z,18,14,2023-09-07T20:00:00Z,250,3.636,3.8261429772696327
2023-09-08T01:00:00Z,19,15,2023-09-07T21:00:00Z,250,3.619,3.9813502891437342
2023-09-08T02:00:00Z,20,16,2023-09-07T22:00:00Z,250,3.606,4.121699449475965
2023-09-08T03:00:00Z,21,17,2023-09-07T23:00:00Z,250,3.8105,4.209109678714776
2023-09-08T04:00:00Z,22,18,2023-09-08T00:00:00Z,250,3.9845,4.239470108772515
2023-09-08T05:00:00Z,23,19,2023-09-08T01:00:00Z,250,4.2379999999999995,4.239470108772515
2023-09-08T06:00:00Z,0,20,2023-09-08T02:00:00Z,250,4.3755,4.239470108772515
2023-09-08T07:00:00Z,1,21,2023-09-08T03:00:00Z,250,4.4525,4.239470108772515
2023-09-08T08:00:00Z,2,22,2023-09-08T04:00:00Z,250,4.441,4.239470108772515
2023-09-08T09:00:00Z,3,23,2023-09-08T05:00:00Z,250,4.46,4.239470108772515
2023-09-08T10:00:00Z,4,0,2023-09-08T06:00:00Z,251,4.4675,4.4675
2023-09-08T11:00:00Z,5,1,2023-09-08T07:00:00Z,251,4.4485,4.286876199387363
2023-09-08T12:00:00Z,6,2,2023-09-08T08:00:00Z,251,4.4715,4.286876199387363
2023-09-08T13:00:00Z,7,3,2023-09-08T09:00:00Z,251,4.427,4.265907102033212
2023-09-08T14:00:00Z,8,4,2023-09-08T10:00:00Z,251,4.386,4.192295128399316
2023-09-08T15:00:00Z,9,5,2023-09-08T11:00:00Z,251,4.2295,4.069136160020542
2023-09-08T16:00:00Z,10,6,2023-09-08T12:00:00Z,251,4.0495,3.9241951700980806
2023-09-08T17:00:00Z,11,7,2023-09-08T13:00:00Z,251,3.877,3.7988566815421656
2023-09-08T18:00:00Z,12,8,2023-09-08T14:00:00Z,251,3.824,3.701988325954377
2023-09-08T19:00:00Z,13,9,2023-09-08T15:00:00Z,251,3.771,3.640194811514526
2023-09-08T20:00:00Z,14,10,2023-09-08T16:00:00Z,251,3.7015,3.617689367657257
2023-09-08T21:00:00Z,15,11,2023-09-08T17:00:00Z,251,3.6975,3.6360064761304205
2023-09-08T22:00:00Z,16,12,2023-09-08T18:00:00Z,251,3.651,3.6938972449527943
2023-09-08T23:00:00Z,17,13,2023-09-08T19:00:00Z,251,3.654,3.787414559082833
2023-09-09T00:00:00Z,18,14,2023-09-08T20:00:00Z,251,3.6255,3.910182202209925
2023-09-09T01:00:00Z,19,15,2023-09-08T21:00:00Z,251,3.651,4.053829600486431
2023-09-09T02:00:00Z,20,16,2023-09-08T22:00:00Z,251,3.686,4.181768192403473
2023-09-09T03:00:00Z,21,17,2023-09-08T23:00:00Z,251,3.8215,4.260710764769779
2023-09-09T04:00:00Z,22,18,2023-09-09T00:00:00Z,251,4.046,4.286876199387363
2023-09-09T05:00:00Z,23,19,2023-09-09T01:00:00Z,251,4.269,4.286876199387363
2023-09-09T06:00:00Z,0,20,2023-09-09T02:00:00Z,251,4.4045,4.286876199387363
2023-09-09T07:00:00Z,1,21,2023-09-09T03:00:00Z,251,4.46,4.286876199387363
2023-09-09T08:00:00Z,2,22,2023-09-09T04:00:00Z,251,4.4665,4.286876199387363
2023-09-09T09:00:00Z,3,23,2023-09-09T05:00:00Z,251,4.454,4.286876199387363
2023-09-27T10:00:00Z,4,0,2023-09-27T06:00:00Z,270,5.248,5.248
2023-09-27T11:00:00Z,5,1,2023-09-27T07:00:00Z,270,5.2165,5.08906318617914
2023-09-27T12:00:00Z,6,2,2023-09-27T08:00:00Z,270,5.2165,5.08906318617914
2023-09-27T13:00:00Z,7,3,2023-09-27T09:00:00Z,270,5.204,5.084216619738338
2023-09-27T14:00:00Z,8,4,2023-09-27T10:00:00Z,270,5.2165,5.035417488593135
2023-09-27T15:00:00Z,9,5,2023-09-27T11:00:00Z,270,5.1635,4.937648539932602
2023-09-27T16:00:00Z,10,6,2023-09-27T12:00:00Z,270,5.0145,4.8029228775707855
2023-09-27T17:00:00Z,11,7,2023-09-27T13:00:00Z,270,4.8315,4.680363218006071
2023-09-27T18:00:00Z,12,8,2023-09-27T14:00:00Z,270,4.6805,4.587170762951025
2023-09-27T19:00:00Z,13,9,2023-09-27T15:00:00Z,270,4.5965,4.529699441448217
2023-09-27T20:00:00Z,14,10,2023-09-27T16:00:00Z,270,4.529,4.5118676819666215
2023-09-27T21:00:00Z,15,11,2023-09-27T17:00:00Z,270,4.5475,4.534891252999155
2023-09-27T22:00:00Z,16,12,2023-09-27T18:00:00Z,270,4.5355,4.597200373493004
2023-09-27T23:00:00Z,17,13,2023-09-27T19:00:00Z,270,4.5525,4.694546744312376
2023-09-28T00:00:00Z,18,14,2023-09-27T20:00:00Z,270,4.552,4.820293202970874
2023-09-28T01:00:00Z,19,15,2023-09-27T21:00:00Z,270,4.5535,4.95268475398587
2023-09-28T02:00:00Z,20,16,2023-09-27T22:00:00Z,270,4.6295,5.04452893335801
2023-09-28T03:00:00Z,21,17,2023-09-27T23:00:00Z,270,4.779,5.086720307382557
2023-09-28T04:00:00Z,22,18,2023-09-28T00:00:00Z,270,4.9595,5.08906318617914
2023-09-28T05:00:00Z,23,19,2023-09-28T01:00:00Z,270,5.109,5.08906318617914
2023-09-28T06:00:00Z,0,20,2023-09-28T02:00:00Z,270,5.1845,5.08906318617914
2023-09-28T07:00:00Z,1,21,2023-09-28T03:00:00Z,270,5.1815,5.08906318617914
2023-09-28T08:00:00Z,2,22,2023-09-28T04:00:00Z,270,5.172,5.08906318617914
2023-09-28T09:00:00Z,3,23,2023-09-28T05:00:00Z,270,5.225,5.08906318617914
2023-09-28T10:00:00Z,4,0,2023-09-28T06:00:00Z,271,5.184,5.184
2023-09-28T11:00:00Z,5,1,2023-09-28T07:00:00Z,271,5.1615,5.093750088275112
2023-09-28T12:00:00Z,6,2,2023-09-28T08:00:00Z,271,5.169,5.093750088275112
2023-09-28T13:00:00Z,7,3,2023-09-28T09:00:00Z,271,5.18,5.0898747795736545
2023-09-28T14:00:00Z,8,4,2023-09-28T10:00:00Z,271,5.162,5.0470525249976985
2023-09-28T15:00:00Z,9,5,2023-09-28T11:00:00Z,271,5.114,4.960079453799062
2023-09-28T16:00:00Z,10,6,2023-09-28T12:00:00Z,271,5.0725,4.839312505809046
2023-09-28T17:00:00Z,11,7,2023-09-28T13:00:00Z,271,4.8905,4.728873247029272
2023-09-28T18:00:00Z,12,8,2023-09-28T14:00:00Z,271,4.71,4.644966745212743
2023-09-28T19:00:00Z,13,9,2023-09-28T15:00:00Z,271,4.6735,4.593313767318041
2023-09-28T20:00:00Z,14,10,2023-09-28T16:00:00Z,271,4.6385,4.577436019036869
2023-09-28T21:00:00Z,15,11,2023-09-28T17:00:00Z,271,4.608,4.59841603584523
2023-09-28T22:00:00Z,16,12,2023-09-28T18:00:00Z,271,4.5685,4.654823377808933
2023-09-28T23:00:00Z,17,13,2023-09-28T19:00:00Z,271,4.5755,4.7428121599484685
2023-09-29T00:00:00Z,18,14,2023-09-28T20:00:00Z,271,4.5725,4.856383268234513
2023-09-29T01:00:00Z,19,15,2023-09-28T21:00:00Z,271,4.623,4.974618423615376
2023-09-29T02:00:00Z,20,16,2023-09-28T22:00:00Z,271,4.6735,5.055768903112744
2023-09-29T03:00:00Z,21,17,2023-09-28T23:00:00Z,271,4.819,5.0920973510335035
2023-09-29T04:00:00Z,22,18,2023-09-29T00:00:00Z,271,4.9765,5.093750088275112
2023-09-29T05:00:00Z,23,19,2023-09-29T01:00:00Z,271,5.116,5.093750088275112
2023-09-29T06:00:00Z,0,20,2023-09-29T02:00:00Z,271,5.191,5.093750088275112
2023-09-29T07:00:00Z,1,21,2023-09-29T03:00:00Z,271,5.236,5.093750088275112
2023-09-29T08:00:00Z,2,22,2023-09-29T04:00:00Z,271,5.2395,5.093750088275112
2023-09-29T09:00:00Z,3,23,2023-09-29T05:00:00Z,271,5.2585,5.093750088275112
2023-09-29T10:00:00Z,4,0,2023-09-29T06:00:00Z,272,5.1995000000000005,5.1995000000000005
2023-09-29T11:00:00Z,5,1,2023-09-29T07:00:00Z,272,5.2055,5.121151910257907
2023-09-29T12:00:00Z,6,2,2023-09-29T08:00:00Z,272,5.2045,5.121151910257907
2023-09-29T13:00:00Z,7,3,2023-09-29T09:00:00Z,272,5.2305,5.1180658508476204
2023-09-29T14:00:00Z,8,4,2023-09-29T10:00:00Z,272,5.221,5.080036186559545
2023-09-29T15:00:00Z,9,5,2023-09-29T11:00:00Z,272,5.1765,5.001687023035509
2023-09-29T16:00:00Z,10,6,2023-09-29T12:00:00Z,272,5.071,4.8920419105584365
2023-09-29T17:00:00Z,11,7,2023-09-29T13:00:00Z,272,4.946,4.791240045256346
2023-09-29T18:00:00Z,12,8,2023-09-29T14:00:00Z,272,4.823,4.7147184880236965
2023-09-29T19:00:00Z,13,9,2023-09-29T15:00:00Z,272,4.736,4.667694459920422
2023-09-29T20:00:00Z,14,10,2023-09-29T16:00:00Z,272,4.7,4.653374040113375
2023-09-29T21:00:00Z,15,11,2023-09-29T17:00:00Z,272,4.6615,4.672733578009997
2023-09-29T22:00:00Z,16,12,2023-09-29T18:00:00Z,272,4.654,4.724453128317876
2023-09-29T23:00:00Z,17,13,2023-09-29T19:00:00Z,272,4.6645,4.805006447150909
2023-09-30T00:00:00Z,18,14,2023-09-29T20:00:00Z,272,4.634,4.908901413000815
2023-09-30T01:00:00Z,19,15,2023-09-29T21:00:00Z,272,4.641,5.015823831526942
2023-09-30T02:00:00Z,20,16,2023-09-29T22:00:00Z,272,4.73,5.0884224620911205
2023-09-30T03:00:00Z,21,17,2023-09-29T23:00:00Z,272,4.7915,5.120038679101278
2023-09-30T04:00:00Z,22,18,2023-09-30T00:00:00Z,272,5.007,5.121151910257907
2023-09-30T05:00:00Z,23,19,2023-09-30T01:00:00Z,272,5.1715,5.121151910257907
2023-09-30T06:00:00Z,0,20,2023-09-30T02:00:00Z,272,5.258,5.121151910257907
2023-09-30T07:00:00Z,1,21,2023-09-30T03:00:00Z,272,5.2355,5.121151910257907
2023-09-30T08:00:00Z,2,22,2023-09-30T04:00:00Z,272,5.247,5.121151910257907
2023-09-30T09:00:00Z,3,23,2023-09-30T05:00:00Z,272,5.2555,5.121151910257907
2023-09-30T10:00:00Z,4,0,2023-09-30T06:00:00Z,273,5.227,5.227
2023-09-30T11:00:00Z,5,1,2023-09-30T07:00:00Z,273,5.3405,5.497603682516356
2023-09-30T12:00:00Z,6,2,2023-09-30T08:00:00Z,273,5.2945,5.497603682516356
2023-09-30T13:00:00Z,7,3,2023-09-30T09:00:00Z,273,5.3205,5.493638034258316
2023-09-30T14:00:00Z,8,4,2023-09-30T10:00:00Z,273,5.3165,5.439725012282681
2023-09-30T15:00:00Z,9,5,2023-09-30T11:00:00Z,273,5.2925,5.326981411878808
2023-09-30T16:00:00Z,10,6,2023-09-30T12:00:00Z,273,5.251,5.16806267245036
2023-09-30T17:00:00Z,11,7,2023-09-30T13:00:00Z,273,5.118,5.021058874659592
2023-09-30T18:00:00Z,12,8,2023-09-30T14:00:00Z,273,5.004,4.909554599618028
2023-09-30T19:00:00Z,13,9,2023-09-30T15:00:00Z,273,4.9705,4.84115212138404
2023-09-30T20:00:00Z,14,10,2023-09-30T16:00:00Z,273,4.8935,4.820515055443231
2023-09-30T21:00:00Z,15,11,2023-09-30T17:00:00Z,273,4.8825,4.849050399926038
2023-09-30T22:00:00Z,16,12,2023-09-30T18:00:00Z,273,4.883,4.924812611211967
2023-09-30T23:00:00Z,17,13,2023-09-30T19:00:00Z,273,4.8855,5.042636253572909
2023-10-01T00:00:00Z,18,14,2023-09-30T20:00:00Z,273,4.947,5.194488178480522
2023-10-01T01:00:00Z,19,15,2023-09-30T21:00:00Z,273,5.034,5.348866853476653
2023-10-01T02:00:00Z,20,16,2023-09-30T22:00:00Z,273,5.2635,5.452597096822924
2023-10-01T03:00:00Z,21,17,2023-09-30T23:00:00Z,273,5.54,5.496457702877939
2023-10-01T04:00:00Z,22,18,2023-10-01T00:00:00Z,273,5.6205,5.497603682516356
2023-10-01T05:00:00Z,23,19,2023-10-01T01:00:00Z,273,5.684,5.497603682516356
2023-10-01T06:00:00Z,0,20,2023-10-01T02:00:00Z,273,5.765,5.497603682516356
2023-10-01T07:00:00Z,1,21,2023-10-01T03:00:00Z,273,5.7065,5.497603682516356
2023-10-01T08:00:00Z,2,22,2023-10-01T04:00:00Z,273,5.6945,5.497603682516356
2023-10-01T09:00:00Z,3,23,2023-10-01T05:00:00Z,273,5.681,5.497603682516356
2023-10-01T10:00:00Z,4,0,2023-10-01T06:00:00Z,274,5.6515,5.6515
2023-10-01T11:00:00Z,5,1,2023-10-01T07:00:00Z,274,5.648,5.384390588692741
2023-10-01T12:00:00Z,6,2,2023-10-01T08:00:00Z,274,5.6665,5.384390588692741
2023-10-01T13:00:00Z,7,3,2023-10-01T09:00:00Z,274,5.6445,5.382037213056884
2023-10-01T14:00:00Z,8,4,2023-10-01T10:00:00Z,274,5.6705,5.34617161731249
2023-10-01T15:00:00Z,9,5,2023-10-01T11:00:00Z,274,5.5985,5.269985838792829
2023-10-01T16:00:00Z,10,6,2023-10-01T12:00:00Z,274,5.4595,5.161806656519483
2023-10-01T17:00:00Z,11,7,2023-10-01T13:00:00Z,274,5.232,5.061108038355384
2023-10-01T18:00:00Z,12,8,2023-10-01T14:00:00Z,274,5.1185,4.984787873120843
2023-10-01T19:00:00Z,13,9,2023-10-01T15:00:00Z,274,4.9825,4.938049565916114
2023-10-01T20:00:00Z,14,10,2023-10-01T16:00:00Z,274,4.9735,4.924079662306184
2023-10-01T21:00:00Z,15,11,2023-10-01T17:00:00Z,274,4.861,4.943830596072496
2023-10-01T22:00:00Z,16,12,2023-10-01T18:00:00Z,274,4.892,4.9959557562293595
2023-10-01T23:00:00Z,17,13,2023-10-01T19:00:00Z,274,4.9205,5.0769013000579895
2023-10-02T00:00:00Z,18,14,2023-10-01T20:00:00Z,274,4.877,5.181148452156106
2023-10-02T01:00:00Z,19,15,2023-10-01T21:00:00Z,274,4.9035,5.285771248404376
2023-10-02T02:00:00Z,20,16,2023-10-01T22:00:00Z,274,4.908,5.355359822094169
2023-10-02T03:00:00Z,21,17,2023-10-01T23:00:00Z,274,5.0120000000000005,5.3838676799839424
2023-10-02T04:00:00Z,22,18,2023-10-02T00:00:00Z,274,5.171,5.384390588692741
2023-10-02T05:00:00Z,23,19,2023-10-02T01:00:00Z,274,5.2685,5.384390588692741
2023-10-02T06:00:00Z,0,20,2023-10-02T02:00:00Z,274,5.338,5.384390588692741
2023-10-02T07:00:00Z,1,21,2023-10-02T03:00:00Z,274,5.413,5.384390588692741
2023-10-02T08:00:00Z,2,22,2023-10-02T04:00:00Z,274,5.429,5.384390588692741
2023-10-02T09:00:00Z,3,23,2023-10-02T05:00:00Z,274,5.4245,5.384390588692741
2023-10-02T10:00:00Z,4,0,2023-10-02T06:00:00Z,275,5.417,5.417
2023-10-02T11:00:00Z,5,1,2023-10-02T07:00:00Z,275,5.424,5.304110325459023
2023-10-02T12:00:00Z,6,2,2023-10-02T08:00:00Z,275,5.3995,5.304110325459023
2023-10-02T13:00:00Z,7,3,2023-10-02T09:00:00Z,275,5.3975,5.301534739388394
2023-10-02T14:00:00Z,8,4,2023-10-02T10:00:00Z,275,5.39,5.256469593706296
2023-10-02T15:00:00Z,9,5,2023-10-02T11:00:00Z,275,5.3675,5.159156944617571
2023-10-02T16:00:00Z,10,6,2023-10-02T12:00:00Z,275,5.221,5.019935410356912
2023-10-02T17:00:00Z,11,7,2023-10-02T13:00:00Z,275,5.006,4.889514864722668
2023-10-02T18:00:00Z,12,8,2023-10-02T14:00:00Z,275,4.896,4.790745971930411
2023-10-02T19:00:00Z,13,9,2023-10-02T15:00:00Z,275,4.81,4.7303626004189026
2023-10-02T20:00:00Z,14,10,2023-10-02T16:00:00Z,275,4.7515,4.712481557497848
2023-10-02T21:00:00Z,15,11,2023-10-02T17:00:00Z,275,4.7595,4.7383219164267505
2023-10-02T22:00:00Z,16,12,2023-10-02T18:00:00Z,275,4.7145,4.806121906058222
2023-10-02T23:00:00Z,17,13,2023-10-02T19:00:00Z,275,4.7735,4.9112590289507025
2023-10-03T00:00:00Z,18,14,2023-10-02T20:00:00Z,275,4.7395,5.046565218101123
2023-10-03T01:00:00Z,19,15,2023-10-02T21:00:00Z,275,4.7715,5.180577694159177
2023-10-03T02:00:00Z,20,16,2023-10-02T22:00:00Z,275,4.922,5.268807305504094
2023-10-03T03:00:00Z,21,17,2023-10-02T23:00:00Z,275,5.1255,5.303742299305752
2023-10-03T04:00:00Z,22,18,2023-10-03T00:00:00Z,275,5.2275,5.304110325459023
2023-10-03T05:00:00Z,23,19,2023-10-03T01:00:00Z,275,5.3425,5.304110325459023
2023-10-03T06:00:00Z,0,20,2023-10-03T02:00:00Z,275,5.362,5.304110325459023
2023-10-03T07:00:00Z,1,21,2023-10-03T03:00:00Z,275,5.3915,5.304110325459023
2023-10-03T08:00:00Z,2,22,2023-10-03T04:00:00Z,275,5.401,5.304110325459023
2023-10-03T09:00:00Z,3,23,2023-10-03T05:00:00Z,275,5.4195,5.304110325459023
2023-10-03T10:00:00Z,4,0,2023-10-03T06:00:00Z,276,5.4035,5.4035
2023-10-03T11:00:00Z,5,1,2023-10-03T07:00:00Z,276,5.472,5.330531490407124
2023-10-03T12:00:00Z,6,2,2023-10-03T08:00:00Z,276,5.4195,5.330531490407124
2023-10-03T13:00:00Z,7,3,2023-10-03T09:00:00Z,276,5.4075,5.328497807944845
2023-10-03T14:00:00Z,8,4,2023-10-03T10:00:00Z,276,5.374,5.287599275015722
2023-10-03T15:00:00Z,9,5,2023-10-03T11:00:00Z,276,5.357,5.197746778148782
2023-10-03T16:00:00Z,10,6,2023-10-03T12:00:00Z,276,5.215,5.06826844400106
2023-10-03T17:00:00Z,11,7,2023-10-03T13:00:00Z,276,5.0215,4.946130126266136
2023-10-03T18:00:00Z,12,8,2023-10-03T14:00:00Z,276,4.8755,4.8537049045672
2023-10-03T19:00:00Z,13,9,2023-10-03T15:00:00Z,276,4.831,4.797294088591573
2023-10-03T20:00:00Z,14,10,2023-10-03T16:00:00Z,276,4.811,4.780743608269611
2023-10-03T21:00:00Z,15,11,2023-10-03T17:00:00Z,276,4.7965,4.805181811200257
2023-10-03T22:00:00Z,16,12,2023-10-03T18:00:00Z,276,4.8725,4.86894253849094
2023-10-03T23:00:00Z,17,13,2023-10-03T19:00:00Z,276,4.896,4.967678723096803
2023-10-04T00:00:00Z,18,14,2023-10-03T20:00:00Z,276,4.9375,5.094658765405878
2023-10-04T01:00:00Z,19,15,2023-10-03T21:00:00Z,276,4.971,5.218634213385066
2023-10-04T02:00:00Z,20,16,2023-10-03T22:00:00Z,276,4.9835,5.299485359765212
2023-10-04T03:00:00Z,21,17,2023-10-03T23:00:00Z,276,5.0504999999999995,5.330344833091366
2023-10-04T04:00:00Z,22,18,2023-10-04T00:00:00Z,276,5.234,5.330531490407124
2023-10-04T05:00:00Z,23,19,2023-10-04T01:00:00Z,276,5.3505,5.330531490407124
2023-10-04T06:00:00Z,0,20,2023-10-04T02:00:00Z,276,5.383,5.330531490407124
2023-10-04T07:00:00Z,1,21,2023-10-04T03:00:00Z,276,5.4235,5.330531490407124
2023-10-04T08:00:00Z,2,22,2023-10-04T04:00:00Z,276,5.43,5.330531490407124
2023-10-04T09:00:00Z,3,23,2023-10-04T05:00:00Z,276,5.4425,5.330531490407124
2023-10-04T10:00:00Z,4,0,2023-10-04T06:00:00Z,277,5.413,5.413
2023-10-04T11:00:00Z,5,1,2023-10-04T07:00:00Z,277,5.3605,5.2020259462416405
2023-10-04T12:00:00Z,6,2,2023-10-04T08:00:00Z,277,5.372,5.2020259462416405
2023-10-04T13:00:00Z,7,3,2023-10-04T09:00:00Z,277,5.371,5.200667201785884
2023-10-04T14:00:00Z,8,4,2023-10-04T10:00:00Z,277,5.333,5.169016939822869
2023-10-04T15:00:00Z,9,5,2023-10-04T11:00:00Z,277,5.321,5.0982086736174095
2023-10-04T16:00:00Z,10,6,2023-10-04T12:00:00Z,277,5.217,4.995452201245113
2023-10-04T17:00:00Z,11,7,2023-10-04T13:00:00Z,277,5.0435,4.897802111182404
2023-10-04T18:00:00Z,12,8,2023-10-04T14:00:00Z,277,4.933,4.823963744854416
2023-10-04T19:00:00Z,13,9,2023-10-04T15:00:00Z,277,4.7665,4.778971158504224
2023-10-04T20:00:00Z,14,10,2023-10-04T16:00:00Z,277,4.8225,4.765891788261166
2023-10-04T21:00:00Z,15,11,2023-10-04T17:00:00Z,277,4.787,4.785617324878224
2023-10-04T22:00:00Z,16,12,2023-10-04T18:00:00Z,277,4.7895,4.836802924252506
2023-10-04T23:00:00Z,17,13,2023-10-04T19:00:00Z,277,4.753,4.915958897821291
2023-10-05T00:00:00Z,18,14,2023-10-04T20:00:00Z,277,4.7535,5.017688631327825
2023-10-05T01:00:00Z,19,15,2023-10-04T21:00:00Z,277,4.747,5.115587555527523
2023-10-05T02:00:00Z,20,16,2023-10-04T22:00:00Z,277,4.8445,5.178811304227521
2023-10-05T03:00:00Z,21,17,2023-10-04T23:00:00Z,277,4.925,5.202002666637377
2023-10-05T04:00:00Z,22,18,2023-10-05T00:00:00Z,277,5.016,5.2020259462416405
2023-10-05T05:00:00Z,23,19,2023-10-05T01:00:00Z,277,5.166,5.2020259462416405
2023-10-05T06:00:00Z,0,20,2023-10-05T02:00:00Z,277,5.224,5.2020259462416405
2023-10-05T07:00:00Z,1,21,2023-10-05T03:00:00Z,277,5.2615,5.2020259462416405
2023-10-05T08:00:00Z,2,22,2023-10-05T04:00:00Z,277,5.3265,5.2020259462416405
2023-10-05T09:00:00Z,3,23,2023-10-05T05:00:00Z,277,5.311,5.2020259462416405
2023-10-05T10:00:00Z,4,0,2023-10-05T06:00:00Z,278,5.266,5.266
2023-10-05T11:00:00Z,5,1,2023-10-05T07:00:00Z,278,5.2405,5.054067996962704
2023-10-05T12:00:00Z,6,2,2023-10-05T08:00:00Z,278,5.232,5.054067996962704
2023-10-05T13:00:00Z,7,3,2023-10-05T09:00:00Z,278,5.2235,5.052813682336548
2023-10-05T14:00:00Z,8,4,2023-10-05T10:00:00Z,278,5.162,5.017617190708992
2023-10-05T15:00:00Z,9,5,2023-10-05T11:00:00Z,278,5.127,4.93735464702487
2023-10-05T16:00:00Z,10,6,2023-10-05T12:00:00Z,278,4.968,4.8200325087694464
2023-10-05T17:00:00Z,11,7,2023-10-05T13:00:00Z,278,4.7825,4.707702874290317
2023-10-05T18:00:00Z,12,8,2023-10-05T14:00:00Z,278,4.6565,4.622827526926017
2023-10-05T19:00:00Z,13,9,2023-10-05T15:00:00Z,278,4.659,4.571192927177769
2023-10-05T20:00:00Z,14,10,2023-10-05T16:00:00Z,278,4.654,4.5563193027206115
2023-10-05T21:00:00Z,15,11,2023-10-05T17:00:00Z,278,4.601,4.579220656326594
2023-10-05T22:00:00Z,16,12,2023-10-05T18:00:00Z,278,4.577,4.638335638920303
2023-10-05T23:00:00Z,17,13,2023-10-05T19:00:00Z,278,4.5745,4.729634000151305
2023-10-06T00:00:00Z,18,14,2023-10-05T20:00:00Z,278,4.5735,4.846891358688823
2023-10-06T01:00:00Z,19,15,2023-10-05T21:00:00Z,278,4.6,4.957987428724943
2023-10-06T02:00:00Z,20,16,2023-10-05T22:00:00Z,278,4.659,5.029088818057785
2023-10-06T03:00:00Z,21,17,2023-10-05T23:00:00Z,278,4.8045,5.054067996962704
2023-10-06T04:00:00Z,22,18,2023-10-06T00:00:00Z,278,4.9265,5.054067996962704
2023-10-06T05:00:00Z,23,19,2023-10-06T01:00:00Z,278,5.0855,5.054067996962704
2023-10-06T06:00:00Z,0,20,2023-10-06T02:00:00Z,278,5.057,5.054067996962704
2023-10-06T07:00:00Z,1,21,2023-10-06T03:00:00Z,278,5.114,5.054067996962704
2023-10-06T08:00:00Z,2,22,2023-10-06T04:00:00Z,278,5.143,5.054067996962704
2023-10-06T09:00:00Z,3,23,2023-10-06T05:00:00Z,278,5.1505,5.054067996962704
2023-10-06T10:00:00Z,4,0,2023-10-06T06:00:00Z,279,5.1415,5.1415
2023-10-06T11:00:00Z,5,1,2023-10-06T07:00:00Z,279,5.1675,5.235421080681865
2023-10-06T12:00:00Z,6,2,2023-10-06T08:00:00Z,279,5.1285,5.235421080681865
2023-10-06T13:00:00Z,7,3,2023-10-06T09:00:00Z,279,5.0705,5.233930815138547
2023-10-06T14:00:00Z,8,4,2023-10-06T10:00:00Z,279,5.1125,5.181835680039776
2023-10-06T15:00:00Z,9,5,2023-10-06T11:00:00Z,279,5.0455,5.0606151041783844
2023-10-06T16:00:00Z,10,6,2023-10-06T12:00:00Z,279,4.9175,4.882143641239665
2023-10-06T17:00:00Z,11,7,2023-10-06T13:00:00Z,279,4.736,4.70992488276048
2023-10-06T18:00:00Z,12,8,2023-10-06T14:00:00Z,279,4.5655,4.579892106529737
2023-10-06T19:00:00Z,13,9,2023-10-06T15:00:00Z,279,4.5755,4.500910327959364
2023-10-06T20:00:00Z,14,10,2023-10-06T16:00:00Z,279,4.5649999999999995,4.4783641291597744
2023-10-06T21:00:00Z,15,11,2023-10-06T17:00:00Z,279,4.513,4.513790568460155
2023-10-06T22:00:00Z,16,12,2023-10-06T18:00:00Z,279,4.475,4.604774397022553
2023-10-06T23:00:00Z,17,13,2023-10-06T19:00:00Z,279,4.836,4.7451127255256065
2023-10-07T00:00:00Z,18,14,2023-10-06T20:00:00Z,279,4.8795,4.925237914036294
2023-10-07T01:00:00Z,19,15,2023-10-06T21:00:00Z,279,4.9005,5.093197592526305
2023-10-07T02:00:00Z,20,16,2023-10-06T22:00:00Z,279,4.949,5.199719356400798
2023-10-07T03:00:00Z,21,17,2023-10-06T23:00:00Z,279,5.069,5.235421080681865
2023-10-07T04:00:00Z,22,18,2023-10-07T00:00:00Z,279,5.255,5.235421080681865
2023-10-07T05:00:00Z,23,19,2023-10-07T01:00:00Z,279,5.3345,5.235421080681865
2023-10-07T06:00:00Z,0,20,2023-10-07T02:00:00Z,279,5.4125,5.235421080681865
2023-10-07T07:00:00Z,1,21,2023-10-07T03:00:00Z,279,5.47,5.235421080681865
2023-10-07T08:00:00Z,2,22,2023-10-07T04:00:00Z,279,5.4725,5.235421080681865
2023-10-07T09:00:00Z,3,23,2023-10-07T05:00:00Z,279,5.4495000000000005,5.235421080681865
2023-10-07T10:00:00Z,4,0,2023-10-07T06:00:00Z,280,5.46,5.46
2023-10-07T11:00:00Z,5,1,2023-10-07T07:00:00Z,280,5.426,5.215269851702153
2023-10-07T12:00:00Z,6,2,2023-10-07T08:00:00Z,280,5.369,5.215269851702153
2023-10-07T13:00:00Z,7,3,2023-10-07T09:00:00Z,280,5.473,5.214293827577182
2023-10-07T14:00:00Z,8,4,2023-10-07T10:00:00Z,280,5.369,5.172491578317942
2023-10-07T15:00:00Z,9,5,2023-10-07T11:00:00Z,280,5.2965,5.07312425512301
2023-10-07T16:00:00Z,10,6,2023-10-07T12:00:00Z,280,5.1265,4.925837730213505
2023-10-07T17:00:00Z,11,7,2023-10-07T13:00:00Z,280,4.917,4.782485464534293
2023-10-07T18:00:00Z,12,8,2023-10-07T14:00:00Z,280,4.729,4.674324656251025
2023-10-07T19:00:00Z,13,9,2023-10-07T15:00:00Z,280,4.6725,4.608729109678985
2023-10-07T20:00:00Z,14,10,2023-10-07T16:00:00Z,280,4.6615,4.590170748667534
2023-10-07T21:00:00Z,15,11,2023-10-07T17:00:00Z,280,4.6345,4.6199147497017465
2023-10-07T22:00:00Z,16,12,2023-10-07T18:00:00Z,280,4.6285,4.695933294340717
2023-10-07T23:00:00Z,17,13,2023-10-07T19:00:00Z,280,4.5995,4.813043820299119
2023-10-08T00:00:00Z,18,14,2023-10-07T20:00:00Z,280,4.684,4.963184514657864
2023-10-08T01:00:00Z,19,15,2023-10-07T21:00:00Z,280,4.7285,5.101024065625409
2023-10-08T02:00:00Z,20,16,2023-10-07T22:00:00Z,280,4.783,5.187626415616911
2023-10-08T03:00:00Z,21,17,2023-10-07T23:00:00Z,280,4.925,5.215269851702153
2023-10-08T04:00:00Z,22,18,2023-10-08T00:00:00Z,280,5.072,5.215269851702153
2023-10-08T05:00:00Z,23,19,2023-10-08T01:00:00Z,280,5.1825,5.215269851702153
2023-10-08T06:00:00Z,0,20,2023-10-08T02:00:00Z,280,5.244,5.215269851702153
2023-10-08T07:00:00Z,1,21,2023-10-08T03:00:00Z,280,5.2665,5.215269851702153
2023-10-08T08:00:00Z,2,22,2023-10-08T04:00:00Z,280,5.3420000000000005,5.215269851702153
2023-10-08T09:00:00Z,3,23,2023-10-08T05:00:00Z,280,5.2835,5.215269851702153
2023-10-08T10:00:00Z,4,0,2023-10-08T06:00:00Z,281,5.2735,5.2735
2023-10-08T11:00:00Z,5,1,2023-10-08T07:00:00Z,281,5.245,5.018355104980418
2023-10-08T12:00:00Z,6,2,2023-10-08T08:00:00Z,281,5.2245,5.018355104980418
2023-10-08T13:00:00Z,7,3,2023-10-08T09:00:00Z,281,5.199,5.017681171431752
2023-10-08T14:00:00Z,8,4,2023-10-08T10:00:00Z,281,5.126,4.979517776096579
2023-10-08T15:00:00Z,9,5,2023-10-08T11:00:00Z,281,5.0825,4.8867279710481
2023-10-08T16:00:00Z,10,6,2023-10-08T12:00:00Z,281,4.9435,4.7482334187641895
2023-10-08T17:00:00Z,11,7,2023-10-08T13:00:00Z,281,4.766,4.6122591863789
2023-10-08T18:00:00Z,12,8,2023-10-08T14:00:00Z,281,4.5835,4.5097357342346545
2023-10-08T19:00:00Z,13,9,2023-10-08T15:00:00Z,281,4.488,4.447652459601399
2023-10-08T20:00:00Z,14,10,2023-10-08T16:00:00Z,281,4.479,4.430241788815767
2023-10-08T21:00:00Z,15,11,2023-10-08T17:00:00Z,281,4.464,4.458690641388859
2023-10-08T22:00:00Z,16,12,2023-10-08T18:00:00Z,281,4.491,4.5310595184718085
2023-10-08T23:00:00Z,17,13,2023-10-08T19:00:00Z,281,4.4485,4.642414731157287
2023-10-09T00:00:00Z,18,14,2023-10-08T20:00:00Z,281,4.518,4.784918807310714
2023-10-09T01:00:00Z,19,15,2023-10-08T21:00:00Z,281,4.5555,4.913801690693598
2023-10-09T02:00:00Z,20,16,2023-10-08T22:00:00Z,281,4.5965,4.993994776514213
2023-10-09T03:00:00Z,21,17,2023-10-08T23:00:00Z,281,4.73,5.018355104980418
2023-10-09T04:00:00Z,22,18,2023-10-09T00:00:00Z,281,4.892,5.018355104980418
2023-10-09T05:00:00Z,23,19,2023-10-09T01:00:00Z,281,5.029,5.018355104980418
2023-10-09T06:00:00Z,0,20,2023-10-09T02:00:00Z,281,5.05,5.018355104980418
2023-10-09T07:00:00Z,1,21,2023-10-09T03:00:00Z,281,5.098,5.018355104980418
2023-10-09T08:00:00Z,2,22,2023-10-09T04:00:00Z,281,5.0685,5.018355104980418
2023-10-09T09:00:00Z,3,23,2023-10-09T05:00:00Z,281,5.106,5.018355104980418
2023-10-09T10:00:00Z,4,0,2023-10-09T06:00:00Z,282,5.0705,5.0705
2023-10-09T11:00:00Z,5,1,2023-10-09T07:00:00Z,282,5.08,4.934370806067643
2023-10-09T12:00:00Z,6,2,2023-10-09T08:00:00Z,282,5.0985,4.934370806067643
2023-10-09T13:00:00Z,7,3,2023-10-09T09:00:00Z,282,5.0805,4.933948591356758
2023-10-09T14:00:00Z,8,4,2023-10-09T10:00:00Z,282,5.0489999999999995,4.897181064154374
2023-10-09T15:00:00Z,9,5,2023-10-09T11:00:00Z,282,5.064,4.805617473997407
2023-10-09T16:00:00Z,10,6,2023-10-09T12:00:00Z,282,4.8865,4.667973288377856
2023-10-09T17:00:00Z,11,7,2023-10-09T13:00:00Z,282,4.711,4.531635091190917
2023-10-09T18:00:00Z,12,8,2023-10-09T14:00:00Z,282,4.5249999999999995,4.428905847517263
2023-10-09T19:00:00Z,13,9,2023-10-09T15:00:00Z,282,4.3945,4.366788897467913
2023-10-09T20:00:00Z,14,10,2023-10-09T16:00:00Z,282,4.36,4.349518910011682
2023-10-09T21:00:00Z,15,11,2023-10-09T17:00:00Z,282,4.3575,4.3782731979400165
2023-10-09T22:00:00Z,16,12,2023-10-09T18:00:00Z,282,4.3595,4.451091462464003
2023-10-09T23:00:00Z,17,13,2023-10-09T19:00:00Z,282,4.4075,4.563009438102335
2023-10-10T00:00:00Z,18,14,2023-10-09T20:00:00Z,282,4.4795,4.70597784875396
2023-10-10T01:00:00Z,19,15,2023-10-09T21:00:00Z,282,4.523,4.833342934609761
2023-10-10T02:00:00Z,20,16,2023-10-09T22:00:00Z,282,4.466,4.911800670816984
2023-10-10T03:00:00Z,21,17,2023-10-09T23:00:00Z,282,4.756,4.934370806067643
2023-10-10T04:00:00Z,22,18,2023-10-10T00:00:00Z,282,4.9045,4.934370806067643
2023-10-10T05:00:00Z,23,19,2023-10-10T01:00:00Z,282,4.939,4.934370806067643
2023-10-10T06:00:00Z,0,20,2023-10-10T02:00:00Z,282,4.9775,4.934370806067643
2023-10-10T07:00:00Z,1,21,2023-10-10T03:00:00Z,282,4.8985,4.934370806067643
2023-10-10T08:00:00Z,2,22,2023-10-10T04:00:00Z,282,5.0565,4.934370806067643
2023-10-10T09:00:00Z,3,23,2023-10-10T05:00:00Z,282,4.9035,4.934370806067643
2023-10-10T10:00:00Z,4,0,2023-10-10T06:00:00Z,283,4.8655,4.8655
2023-10-10T11:00:00Z,5,1,2023-10-10T07:00:00Z,283,4.8925,5.004461058118177
2023-10-10T12:00:00Z,6,2,2023-10-10T08:00:00Z,283,4.9905,5.004461058118177
2023-10-10T13:00:00Z,7,3,2023-10-10T09:00:00Z,283,4.963,5.004214217614194
2023-10-10T14:00:00Z,8,4,2023-10-10T10:00:00Z,283,5.0035,4.974403218848878
2023-10-10T15:00:00Z,9,5,2023-10-10T11:00:00Z,283,4.867,4.898248992005958
2023-10-10T16:00:00Z,10,6,2023-10-10T12:00:00Z,283,4.951,4.783028599683669
2023-10-10T17:00:00Z,11,7,2023-10-10T13:00:00Z,283,4.8095,4.66776963080354
2023-10-10T18:00:00Z,12,8,2023-10-10T14:00:00Z,283,4.6605,4.580979501493682
2023-10-10T19:00:00Z,13,9,2023-10-10T15:00:00Z,283,4.579,4.528574861930519
2023-10-10T20:00:00Z,14,10,2023-10-10T16:00:00Z,283,4.5915,4.514128222007264
2023-10-10T21:00:00Z,15,11,2023-10-10T17:00:00Z,283,4.537,4.538624410143597
2023-10-10T22:00:00Z,16,12,2023-10-10T18:00:00Z,283,4.507,4.600393440287737
2023-10-10T23:00:00Z,17,13,2023-10-10T19:00:00Z,283,4.577500000000001,4.695224363189449
2023-10-11T00:00:00Z,18,14,2023-10-10T20:00:00Z,283,4.5505,4.816009423157076
2023-10-11T01:00:00Z,19,15,2023-10-10T21:00:00Z,283,4.6485,4.922112265402371
2023-10-11T02:00:00Z,20,16,2023-10-10T22:00:00Z,283,4.663,4.9867979500693584
2023-10-11T03:00:00Z,21,17,2023-10-10T23:00:00Z,283,4.783,5.004461058118177
2023-10-11T04:00:00Z,22,18,2023-10-11T00:00:00Z,283,5.0725,5.004461058118177
2023-10-11T05:00:00Z,23,19,2023-10-11T01:00:00Z,283,5.1775,5.004461058118177
2023-10-11T06:00:00Z,0,20,2023-10-11T02:00:00Z,283,5.2245,5.004461058118177
2023-10-11T07:00:00Z,1,21,2023-10-11T03:00:00Z,283,5.2155000000000005,5.004461058118177
2023-10-11T08:00:00Z,2,22,2023-10-11T04:00:00Z,283,5.099,5.004461058118177
2023-10-11T09:00:00Z,3,23,2023-10-11T05:00:00Z,283,5.2010000000000005,5.004461058118177
2023-10-11T10:00:00Z,4,0,2023-10-11T06:00:00Z,284,5.221,5.221
2023-10-11T11:00:00Z,5,1,2023-10-11T07:00:00Z,284,5.1865,5.035637386253238
2023-10-11T12:00:00Z,6,2,2023-10-11T08:00:00Z,284,5.206,5.035637386253238
2023-10-11T13:00:00Z,7,3,2023-10-11T09:00:00Z,284,5.1945,5.03549019813366
2023-10-11T14:00:00Z,8,4,2023-10-11T10:00:00Z,284,5.223,5.0052779637269165
2023-10-11T15:00:00Z,9,5,2023-10-11T11:00:00Z,284,5.1125,4.925976781830046
2023-10-11T16:00:00Z,10,6,2023-10-11T12:00:00Z,284,4.9415,4.805197228050026
2023-10-11T17:00:00Z,11,7,2023-10-11T13:00:00Z,284,4.8495,4.683158211297858
2023-10-11T18:00:00Z,12,8,2023-10-11T14:00:00Z,284,4.7085,4.591320107008292
2023-10-11T19:00:00Z,13,9,2023-10-11T15:00:00Z,284,4.5975,4.535943612517701
2023-10-11T20:00:00Z,14,10,2023-10-11T16:00:00Z,284,4.5520000000000005,4.5208037832744745
2023-10-11T21:00:00Z,15,11,2023-10-11T17:00:00Z,284,4.551,4.546932687489294
2023-10-11T22:00:00Z,16,12,2023-10-11T18:00:00Z,284,4.4955,4.612549054087445
2023-10-11T23:00:00Z,17,13,2023-10-11T19:00:00Z,284,4.5635,4.713179709373622
2023-10-12T00:00:00Z,18,14,2023-10-11T20:00:00Z,284,4.5575,4.840980391738134
2023-10-12T01:00:00Z,19,15,2023-10-11T21:00:00Z,284,4.5785,4.951667261530172
2023-10-12T02:00:00Z,20,16,2023-10-11T22:00:00Z,284,4.606,5.018427686646133
2023-10-12T03:00:00Z,21,17,2023-10-11T23:00:00Z,284,4.743,5.035637386253238
2023-10-12T04:00:00Z,22,18,2023-10-12T00:00:00Z,284,4.9205,5.035637386253238
2023-10-12T05:00:00Z,23,19,2023-10-12T01:00:00Z,284,5.082,5.035637386253238
2023-10-12T06:00:00Z,0,20,2023-10-12T02:00:00Z,284,5.053,5.035637386253238
2023-10-12T07:00:00Z,1,21,2023-10-12T03:00:00Z,284,5.116,5.035637386253238
2023-10-12T08:00:00Z,2,22,2023-10-12T04:00:00Z,284,5.151,5.035637386253238
2023-10-12T09:00:00Z,3,23,2023-10-12T05:00:00Z,284,5.1485,5.035637386253238
