date,julian.day,ER,ER.SD,GPP,GPP.SD,NEP,NEP.SD,PR ratio,k600,k600.SD,metfootprint,NupGPP,NupGPP.SD,Nupbayes,Nupbayes.SD,Nupunpooled,Nup.light,Nup.dif,Nupfootprint,footprint.dif,footprint.factor,NupGPP.corr,Nupbayes.corr,Knit,Knit.SD,PAR.NLDAS,PAR.NLDAS.SE,DO.dwn,DO.dwn.SE,corr.DO,corr.DO.SE,DOsat.dwn,DOsat.dwn.SE,temp.dwn,temp.dwn.SE,nitrate.dwn,nitrate.dwn.SE,Q.dwn,Q.dwn.SE,u.dwn,u.dwn.SE,depth,depth.SE,width,width.SE,Q.gw,Q.gw.SE,DO.mag,cor.DO.mag,Q.dwn.mag,nitrate.mag,Q.gw.mag,Q.dwn.min,Q.dwn.max,Q.gw.min,Q.gw.max,nitrate.min,nitrate.max,DO.min,DO.max,cor.DO.min,cor.DO.max,DO.sat.min,DO.sat.max,Domax.nitmin,corDOmax.nitratemin
2019-06-25,176,-5.695928824,0.476274363,0.627632782,0.093736514,-5.068296042,0.485410963,0.110189716,30.98508422,2.39255891,2783.437479,7.688501574,0.149349296,9.507116479,0.073167632,5.657253503,73.64476187,1.818614905,18251.8,15468,6.6,0.002762233,0.000520885,4.606553237,2.858249937,2111.031634,282.3444037,9.258722222,0.02903165,9.460191508,0.029988652,90.9449396,0.166213992,8.331041667,0.147428044,54.78636,0.933953561,231.350834,2.378982,0.324375368,0.001957731,0.22591074,0.000713166,3.154735801,0.003731472,-15.796127,1.089701,1.073,1.102379639,44.72793952,13.04292,18.68308391,19.32527778,17.90861111,20.15861111,17.90861111,13.00138889,5.001388889,19.01666667,8.85,20.68333333,9.183333333,23.35,13.18333333,4.151388889,3.818055556
2019-06-26,177,-4.936197165,0.461220579,0.452537724,0.093722972,-4.48365944,0.470646808,0.091677401,27.74181147,2.320312687,3030.735591,5.543587125,0.207105324,9.542742049,0.081821315,7.540951789,73.62585156,3.999154924,17315.5,14285,5.7,0.001829123,0.00055111,4.759904568,3.1109821,2355.921056,339.6319326,8.984972222,0.032718526,9.166701703,0.03397044,90.91791977,0.18175528,9.574520833,0.175046108,52.6372425,0.904812375,223.700464,3.099138,0.317978612,0.002615951,0.223457429,0.001036541,3.144016939,0.004093463,-19.919571,0.893916,1.275,1.270486057,61.1331288,11.8572,17.29043871,20.90805556,13.90833333,18.90833333,8.908333333,13.00138889,6.001388889,19.68333333,9.183333333,19.68333333,9.183333333,22.35,14.68333333,3.818055556,3.818055556
2019-06-27,178,-5.621599416,0.47121984,0.559484994,0.088315327,-5.062114422,0.479424378,0.099524166,31.24646473,2.391691048,2637.740204,6.853691176,0.15785111,9.56004885,0.06143623,7.860003812,73.59867659,2.706357674,13515.6,10878,5.1,0.002598319,0.000707335,5.945683179,3.576978819,2192.80231,347.8371959,9.024111111,0.026401205,9.220227598,0.026997169,90.76972029,0.163906026,9.393048611,0.140660573,52.43138833,0.870589711,214.141794,2.585037,0.310028708,0.002198487,0.220457944,0.000890562,3.130104524,0.003189627,-16.319136,1.52183,1.133,1.122420378,45.57320655,12.8453,25.90328388,19.90777778,9.908055556,4.908055556,13.90777778,14.00138889,23.00138889,17.68333333,9.516666667,17.68333333,9.516666667,23.85,14.85,4.484722222,4.484722222
2019-06-28,179,-5.880276829,0.512281404,0.824528383,0.102053229,-5.055748446,0.52234768,0.140219314,31.36019003,2.575119129,2562.466651,10.1004727,0.123771638,9.537961608,0.06087557,7.101448868,73.56323594,0.562511092,15341.8,12779,6,0.003941699,0.000621698,5.365080573,3.46943719,2191.328519,322.796446,9.198333333,0.018549905,9.39525495,0.018372747,90.95260152,0.169548512,8.817201389,0.096008127,54.13586083,0.850971477,222.977975,1.263114,0.317554079,0.001060401,0.223516559,0.000412783,3.140805729,0.001723862,-8.369123,0.662848,0.707,0.704856001,30.56689268,11.26434,14.21772112,17.9075,11.9075,17.9075,8.9075,13.00138889,4.001388889,18.85,9.016666667,23.85,9.683333333,23.68333333,13.68333333,3.984722222,3.318055556
2019-06-29,180,-5.001390324,0.464314164,0.355778313,0.091904518,-4.645612011,0.473322388,0.071135882,28.0684473,2.27707739,2932.474903,4.358284331,0.258319618,9.515891216,0.065699949,6.890719041,73.51952802,5.157606885,15426.9,12494,5.3,0.001486214,0.000616837,5.328260394,3.221154519,2684.385276,398.9508037,8.973604167,0.036689843,9.157522238,0.038496788,90.73666597,0.176724828,9.862520833,0.205422855,55.02103375,0.847678929,222.504501,1.884165,0.317124185,0.001566357,0.223308774,0.000590542,3.140558767,0.002757739,-5.719844,1.008086,1.34,1.379616427,33.48365751,12.54887,18.04817387,20.90694444,14.90694444,3.907222222,14.90694444,13.00138889,22.00138889,19.01666667,9.016666667,19.01666667,9.016666667,23.51666667,14.35,3.984722222,3.984722222
2019-06-30,181,-4.583384556,0.475156025,0.38735317,0.099554155,-4.196031386,0.485473251,0.084512474,25.79789366,2.382771619,3186.251941,4.745076331,0.257011334,9.550478732,0.06044253,8.75965144,73.46755069,4.805402401,18727.5,15541,5.9,0.001489235,0.00050997,4.296201774,2.548097706,2598.666038,385.3399346,8.965256944,0.038892252,9.136891848,0.040605568,90.93018158,0.187290188,9.952944444,0.215867022,56.07500708,1.139089735,214.527034,2.122383,0.310406104,0.001803675,0.220670693,0.000728841,3.129967304,0.002626253,-7.429521,0.984887,1.358,1.397797624,34.99267873,16.89651,19.02801301,19.90666667,14.90666667,4.906944444,16.90666667,13.00138889,5.001388889,18.68333333,9.183333333,18.68333333,9.183333333,23.01666667,14.51666667,3.818055556,3.818055556
2019-07-01,182,-4.185726347,0.422418109,0.32348253,0.08522823,-3.862243818,0.430930284,0.077282293,25.18176682,2.245599793,3195.060248,3.962660989,0.263470889,9.559221795,0.056617609,7.46946202,73.40730129,5.596560806,11273.9,8079,3.5,0.001240246,0.000847908,6.253524981,3.541442283,2610.104185,387.0974076,8.726388889,0.032133385,8.885218554,0.033972077,90.78571031,0.183660362,10.89718056,0.194468186,53.72952261,0.943394232,171.454876,1.13162,0.271996629,0.001033533,0.203064673,0.000500997,3.09895113,0.000613505,-25.115939,3.415511,1.191,1.231885487,68.49054744,13.24054,48.50133444,20.57277778,2.906388889,11.90638889,7.906388889,14.00138889,23.00138889,17,9.35,19.16666667,9.35,23.33333333,13.83333333,4.651388889,4.651388889
2019-07-02,183,-4.336593833,0.388336682,0.51530042,0.086525831,-3.821293413,0.397859395,0.118826074,23.260209,1.886561767,3030.99281,6.312430147,0.167913371,9.993305232,0.07711819,27.3794097,73.33877663,3.680875085,5347.6,2317,1.8,0.002082628,0.001868756,13.49971397,2.971933093,2172.799711,344.6345686,8.829125,0.027731098,8.982705526,0.027953956,90.22312835,0.197147198,10.04086806,0.147336652,54.27172458,1.351821247,178.54322,0.962985,0.278513476,0.000866755,0.206260473,0.000406679,3.101657259,0.000621002,-28.510554,2.037069,1.192,1.165279093,67.36430188,29.54419,46.64643257,17.23916667,23.40583333,0.906111111,21.90583333,12.00138889,18.00138889,17.83333333,9.5,17.83333333,9.5,22.66666667,12.66666667,2.501388889,2.501388889
2019-07-03,184,-5.25806853,0.412894039,0.520407343,0.076607946,-4.737661187,0.419940787,0.0989731,29.37571295,2.110130847,2457.495861,6.374989947,0.147207657,9.375431165,0.059019441,5.325691376,73.26197309,3.000441218,13374.1,10917,5.4,0.0025941,0.000701015,5.722170678,3.477652147,1933.468512,291.7515962,8.903604167,0.01812585,9.087470382,0.018492162,90.32157288,0.168150667,9.742972222,0.112765996,51.90028458,0.919332095,196.971598,0.625779,0.295249777,0.000546634,0.21426754,0.000238621,3.1112189,0.000599778,-21.308637,1.252137,0.83,0.801172436,52.24188192,15.90841,30.84977537,23.32194444,16.40555556,21.90527778,8.905555556,15.00138889,0.001388889,15.66666667,12,15.66666667,12,23,13.16666667,3.001388889,3.001388889
2019-07-04,185,-4.843145507,0.454062467,0.364799507,0.086883666,-4.478346,0.462300222,0.075322847,28.79270847,2.427380239,2657.920921,4.46879396,0.238168267,9.427901293,0.05635692,5.9146196,73.17688655,4.959107333,11718.4,9061,4.4,0.001681312,0.000804537,6.128573855,4.004653813,2278.874836,361.8761774,8.930055556,0.03659429,9.124993093,0.03835435,90.56719537,0.175002808,9.853201389,0.203433362,52.27082208,0.770262075,176.755135,0.50556,0.27707266,0.000469886,0.205764981,0.000236036,3.098487445,0.000144747,-28.496606,1.019978,1.32,1.382403536,36.48968883,13.33935,18.53640898,20.73833333,7.738611111,0.905277778,10.905,13.00138889,23.00138889,17.33333333,8.833333333,19.66666667,9.333333333,23.66666667,14.5,4.168055556,3.668055556
2019-07-05,186,-5.113947255,0.43292777,0.499356916,0.087179886,-4.614590339,0.441618372,0.097646083,30.22134721,2.340599064,2376.374322,6.117122222,0.174584316,9.441910632,0.058953423,6.443236427,73.08351255,3.32478841,8138.2,5762,3.4,0.002574141,0.001160201,8.447389738,4.519108596,2535.798254,383.653648,8.790527778,0.035549496,8.992695681,0.037130958,90.6115413,0.183049769,10.69138889,0.203719527,53.79002583,0.806844212,164.114175,0.470962,0.265224812,0.000449561,0.199720482,0.000237204,3.096429795,7.56E-05,-34.800138,1.288161,1.277,1.341829098,39.53507599,12.05482,19.8294661,19.32138889,13.98805556,12.90472222,22.90444444,13.00138889,22.00138889,17.16666667,8.666666667,18.83333333,9.333333333,23.16666667,14.5,4.334722222,3.668055556
2019-07-06,187,-5.019463258,0.395752481,0.585359421,0.077840025,-4.434103838,0.403334968,0.116617931,29.46228142,2.16097379,2333.365509,7.170652902,0.132978171,9.503082664,0.062056339,8.833160181,72.98184624,2.332429762,7349.5,5016,3.1,0.003073095,0.001293025,9.198568582,4.110892389,2340.86261,361.1224753,8.7408125,0.021309238,8.92934165,0.021921079,90.44595783,0.18095587,10.67279861,0.126314966,54.4652275,0.951277532,159.500403,0.397124,0.260821136,0.000382988,0.197398112,0.000205624,3.096650836,8.38E-05,-36.701131,1.882193,0.859,0.908981481,31.89476796,14.12983,32.40553298,16.7375,10.07111111,12.90416667,9.904444444,13.00138889,1.001388889,15.83333333,9.166666667,18.83333333,9.166666667,23.83333333,13.66666667,3.834722222,3.834722222
2019-07-07,188,-5.562503855,0.389154261,0.691035028,0.07902645,-4.871468827,0.397097241,0.12423093,33.36793811,2.146096978,2026.041832,8.465179098,0.114359543,9.440583139,0.076868731,7.7671393,72.87188248,0.975404041,10735.6,8710,5.3,0.004178186,0.000879369,6.377751221,3.329380886,2235.554968,328.4967626,8.804354167,0.023142805,9.009871999,0.023263827,90.69403388,0.184837257,10.30573611,0.125666196,50.6610425,1.048902886,162.979198,0.424229,0.264155976,0.000406382,0.199170097,0.000215729,3.096307136,6.64E-05,-24.944258,1.48688,0.935,0.96334148,33.67764632,14.72269,25.72329038,23.07027778,14.57055556,22.90361111,20.90388889,17.00138889,0.001388889,15.83333333,9,15.83333333,9.666666667,22.66666667,14.5,8.001388889,7.334722222
2019-07-08,189,-5.139605733,0.419158143,0.62755351,0.087541788,-4.512052223,0.428202188,0.122101488,29.20478258,2.193757122,2344.452618,7.687530499,0.13949693,9.472549324,0.071948731,7.820321229,72.75361588,1.785018825,8544.2,6200,3.6,0.00327903,0.001108654,8.063856364,3.988054954,2100.950784,321.2786111,8.915861111,0.026669157,9.105744645,0.028133792,90.40686093,0.190930551,9.714222222,0.154763216,54.35818333,0.96492776,164.722766,0.444326,0.265814379,0.000421518,0.200038936,0.000220007,3.096294243,5.36E-05,-19.863782,1.789535,1.076,1.069909039,33.26230198,14.92031,31.64002617,4.486944444,23.32,1.903611111,15.90333333,11.00138889,19.00138889,18.51666667,9.166666667,18.51666667,9.666666667,23.68333333,14.35,1.834722222,1.334722222
2019-07-09,190,-5.096637708,0.443053289,0.531339299,0.091284379,-4.565298409,0.452359431,0.104252907,30.56787054,2.409191008,2253.970781,6.508906414,0.17180054,9.404650362,0.06327766,6.448257251,72.62704085,2.895743948,9799.6,7546,4.3,0.002887751,0.000959695,7.05926637,4.167609685,2600.739701,395.6496586,8.791652778,0.030355741,8.99106204,0.032015716,90.66741762,0.183894171,10.660125,0.185816506,53.77767458,0.834136775,165.921779,0.603927,0.266891093,0.000578343,0.200545867,0.000306782,3.097065831,0.000102408,-32.736719,0.514284,1.153,1.186463921,41.67488864,13.63578,39.06116773,22.90305556,0.57,18.81972222,8.903055556,13.00138889,23.00138889,17.51666667,9.35,18.85,9.35,22.68333333,14.68333333,3.651388889,3.651388889
2019-07-10,191,-5.2208061,0.431857164,0.822604768,0.099313052,-4.398201332,0.443129431,0.157562789,31.48409197,2.432375765,2197.242067,10.07690841,0.120729974,9.476672557,0.050378764,9.899966838,72.49215167,0.600235853,9013.1,6816,4.1,0.004586162,0.00105143,7.338635677,3.208467047,1802.200994,276.4297747,8.796222222,0.026909916,8.999070569,0.027184015,91.09226973,0.208047029,10.80447222,0.151141827,52.18436333,1.178352993,153.707176,0.384121,0.255185401,0.00037789,0.194330907,0.000209357,3.098230282,0.000167081,-34.386836,0.308159,0.968,0.941800386,40.93849575,17.09413,37.40680583,21.90333333,13.73638889,21.90333333,13.73638889,13.00138889,22.00138889,21.68333333,8.85,21.85,10.68333333,23.35,14.51666667,4.151388889,2.318055556
2019-07-11,192,-4.746521453,0.399503829,0.476132924,0.084031643,-4.27038853,0.408245792,0.100311971,29.07249215,2.213183843,2275.142275,5.832628315,0.176487781,9.342130865,0.067552355,4.009095891,72.34894256,3.50950255,8467.6,6192,3.7,0.002563632,0.001103284,7.668038677,3.703367886,2335.193833,352.6886855,8.587402778,0.035156693,8.774447688,0.036542618,90.55537424,0.195902313,11.64022222,0.207045509,54.1935,1.009281797,148.969405,0.397525,0.250500221,0.0003961,0.191715988,0.000223585,3.100455179,0.000229924,-34.18368,0.316217,1.299,1.319191904,35.27939565,17.09413,36.13200741,20.90361111,14.65361111,4.986666667,14.65361111,12.00138889,22.00138889,19.01666667,9.35,19.01666667,9.35,23.01666667,14.68333333,2.651388889,2.651388889
2019-07-12,193,-4.344544832,0.396303488,0.435123463,0.085215262,-3.909421369,0.405361684,0.100153982,26.92754396,2.182864932,2411.27291,5.330262422,0.195841569,9.388301801,0.065977974,9.535795045,72.19740776,4.058039379,9674.5,7263,4,0.00221056,0.000970421,6.630407645,2.798607586,2525.38613,390.4559264,8.499444444,0.032364668,8.672198095,0.032976429,90.47719149,0.206643308,11.94480556,0.18397352,54.55168625,1.229855528,145.949194,0.417909,0.247475432,0.000419677,0.189996869,0.000239488,3.102340105,0.000281361,-31.334093,0.325912,1.226,1.232421631,34.89839477,18.08223,29.04560533,20.90416667,12.23722222,1.570277778,13.15388889,13.00138889,2.001388889,19.01666667,9.35,19.18333333,9.35,22.68333333,13.68333333,3.651388889,3.651388889
2019-07-13,194,-4.706580539,0.381604202,0.51804534,0.077994122,-4.188535199,0.389493068,0.110068304,28.70959172,2.148557493,2234.292727,6.346055409,0.150554625,9.423815365,0.070467949,10.85617209,72.03754155,3.077759956,9766.1,7532,4.4,0.002840297,0.000964952,6.489451843,2.711776029,2585.782238,369.0826295,8.538277778,0.027922558,8.721554256,0.029095897,90.42010191,0.188925688,11.59364583,0.171816705,48.27313417,1.40556148,142.981314,0.34338,0.244508485,0.000346679,0.18831452,0.000199285,3.104125844,0.000252853,-32.321945,0.349536,1.144,1.161037663,34.30631411,20.84891,33.10036665,18.98777778,13.32111111,1.820833333,13.32111111,12.00138889,0.001388889,17.18333333,9.183333333,17.18333333,9.183333333,23.68333333,14.51666667,2.818055556,2.818055556
2019-07-14,195,-4.787953196,0.396270484,0.344809593,0.067363697,-4.443143603,0.401955425,0.072016074,28.04823475,2.122878593,2259.557504,4.223917517,0.195364916,9.682061351,0.061635854,27.34318563,71.86933841,5.458143834,9798.6,7539,4.3,0.001869356,0.000988108,7.178010874,2.445659308,2506.75935,340.3192233,8.427486111,0.021407462,8.602255072,0.022657756,90.208733,0.173314461,12.13480556,0.152449221,43.28734625,1.68214604,171.204014,1.386165,0.271351766,0.001282549,0.202341119,0.000637917,3.103927893,0.000650338,-28.186356,0.449398,0.842,0.86289146,91.01087753,30.33467,36.55098648,3.237777778,9.488055556,7.904722222,12.57138889,13.00138889,6.001388889,17.85,9.183333333,18.68333333,9.183333333,23.51666667,13.68333333,3.818055556,3.818055556
2019-07-15,196,-4.465751342,0.38002982,0.522589155,0.078261207,-3.943162188,0.388004485,0.117021552,26.8877055,2.112324987,2615.856445,6.401717146,0.149756662,9.292285075,0.067839609,4.28623807,71.69279303,2.890567929,5315.4,2700,2,0.002447274,0.001748171,12.22841108,4.238563248,2399.699794,339.1656731,8.697305556,0.022708142,8.863192071,0.023735023,90.47358422,0.18804311,10.93205556,0.141748487,43.71140583,1.078183803,149.230271,0.367494,0.250768854,0.000366941,0.191874767,0.000207744,3.100202099,0.000220474,-31.397212,0.367107,1.052,1.042397943,30.193264,19.46557,33.52603311,18.82194444,12.98833333,22.90527778,12.57166667,10.00138889,18.00138889,17.18333333,9.516666667,17.18333333,9.516666667,22.35,14.01666667,0.484722222,0.484722222
2019-07-16,197,-5.084907768,0.431987818,0.670432721,0.091752839,-4.414475048,0.44162434,0.131847568,31.65635136,2.46435934,2053.27791,8.212800832,0.136856147,9.30838585,0.066613187,9.144992383,71.50790045,1.095585018,9678.6,7625,4.7,0.003999849,0.000961752,6.577327482,3.390044423,2579.125333,352.5133059,8.641604167,0.024612575,8.836231896,0.024872852,90.67164629,0.197666054,11.206375,0.141492378,43.81021583,1.159564249,144.112532,0.486482,0.24559852,0.000494709,0.18890184,0.000287032,3.103945172,0.00040555,-34.963892,0.325098,0.948,0.953115869,44.25599214,17.58818,31.40515162,20.23888889,7.155277778,20.23888889,7.155277778,10.00138889,22.00138889,17.35,9.85,19.51666667,10.51666667,22.85,14.35,0.151388889,-0.515277778
2019-07-17,198,-4.918490159,0.409319052,0.693097462,0.087021085,-4.225392697,0.41846715,0.140916712,30.31106,2.363937263,2100.194991,8.490443911,0.125553894,9.198535834,0.05995131,7.954567835,71.3146561,0.708091923,7297.3,5197,3.5,0.004042693,0.001260537,8.497918786,4.385007652,1513.547173,211.7126635,8.838708333,0.022157478,9.031333729,0.021910939,90.57771988,0.194914314,10.09176389,0.114433226,48.26078292,0.892000344,137.832137,0.372903,0.23924383,0.000384387,0.185239253,0.000226901,3.108658003,0.000371567,-32.830037,0.325363,0.894,0.870948377,38.57052784,12.45006,35.19806065,21.32277778,11.15583333,21.32277778,11.15583333,12.00138889,2.001388889,19.35,8.85,19.35,10.01666667,23.68333333,12.01666667,3.151388889,1.984722222
2019-07-18,199,-4.786306028,0.406323265,0.569655188,0.076587572,-4.21665084,0.413478236,0.119017711,30.68180957,2.423502041,2021.132443,6.978276059,0.134445492,9.193857329,0.065607246,7.999182762,71.11305593,2.21558127,9356.1,7335,4.6,0.003452656,0.000982659,6.57982336,3.127998509,2633.715186,371.8004333,8.742763889,0.016499244,8.936210491,0.016777701,90.49875369,0.171273287,10.43925694,0.106580858,48.55721292,1.154589535,136.152586,0.389193,0.237505859,0.00040323,0.184208818,0.000239494,3.110390441,0.000411802,-31.606876,0.313653,0.729,0.710068714,30.45540885,19.56438,32.04308491,19.90638889,13.40638889,3.406111111,9.239444444,11.00138889,23.00138889,19.51666667,9.35,19.51666667,9.35,23.51666667,14.51666667,1.651388889,1.651388889
2019-07-19,200,-5.138707064,0.403336956,0.488940775,0.079496548,-4.64976629,0.411096584,0.095148598,33.88772203,2.39159143,1816.631953,5.989524491,0.16258932,9.161866647,0.056273412,8.210089523,70.90309649,3.172342156,5579.8,3763,3.1,0.003297049,0.00164197,10.77247464,4.504980065,2589.636902,345.4349583,8.892243056,0.029777019,9.099326898,0.031449599,90.37664121,0.181330146,9.871347222,0.181281035,48.56956417,0.907889224,130.763885,0.353742,0.231899168,0.000370814,0.180862698,0.000223267,3.116322989,0.000426372,-32.214336,0.296419,1.198,1.249696188,31.82907366,14.42626,27.38387652,21.24027778,12.57333333,11.57333333,12.57333333,15.00138889,0.001388889,18.15,9.35,18.15,9.35,22.98333333,14.81666667,5.651388889,5.651388889
2019-07-20,201,-4.505640524,0.387139645,0.287635546,0.073163376,-4.218004978,0.393992366,0.063838991,30.26012979,2.31299517,1986.384882,3.523535439,0.254361386,9.151824164,0.052666164,8.819110696,70.68477502,5.628288725,9197.8,7211,4.6,0.001773843,0.000994999,6.55276021,3.233222082,2733.704978,388.7278724,9.0151875,0.03788752,9.221046135,0.039786015,90.37235813,0.177571173,9.496513889,0.207339832,48.16609,1.118002464,131.398854,0.453288,0.232527424,0.000473969,0.181215272,0.000284515,3.11602069,0.000534237,-29.268139,0.289393,1.387,1.421340221,38.33446011,16.89651,28.42557856,23.90722222,10.49027778,20.07388889,12.32388889,15.00138889,0.001388889,19.31666667,9.483333333,19.31666667,9.483333333,23.98333333,14.65,5.518055556,5.518055556
2019-07-21,202,-4.531307225,0.370595845,0.263175324,0.072667499,-4.268131902,0.377653076,0.058079338,30.12526104,2.190870263,2000.683354,3.223897714,0.276118208,9.043498956,0.057779692,7.973545426,70.45808957,5.819601242,12077.2,10076,6,0.001611398,0.000748809,4.908781665,2.719862903,2688.551237,382.100492,8.890715278,0.045162714,9.110628355,0.046806133,90.28505775,0.181386351,10.14526389,0.234637602,48.12080208,1.225752311,127.800363,0.464464,0.228720056,0.000493334,0.178900875,0.000301327,3.120757577,0.000639828,-27.613061,0.338535,1.59,1.629720863,33.30029244,18.87271,26.93084886,21.90777778,12.99083333,3.073888889,17.6575,14.00138889,0.001388889,18.31666667,9.483333333,19.15,9.483333333,23.65,13.81666667,4.518055556,4.518055556
2019-07-22,203,-4.672323739,0.358445063,0.579350443,0.070348866,-4.092973296,0.365283213,0.123996212,29.95005563,2.195169891,1979.436675,7.097042924,0.121427138,9.001929316,0.064634119,6.866391685,70.2230391,1.904886392,9995.2,8016,5,0.003585385,0.000900624,5.845506244,2.873448195,2331.329855,342.440892,8.823451389,0.022481443,9.025466073,0.022080374,90.47878619,0.173717559,10.40265278,0.117373801,46.34633917,1.189888182,124.646272,0.308925,0.225413085,0.000331621,0.176909261,0.000204843,3.124539654,0.000467364,-27.801544,0.287298,0.926,0.884623558,30.69073174,16.89651,26.29327086,20.99138889,10.15777778,20.99138889,10.15777778,12.00138889,23.00138889,21.98333333,9.15,22.31666667,9.65,23.81666667,11.98333333,2.851388889,2.351388889
2019-07-23,204,-4.009765491,0.377280792,0.478079232,0.078213987,-3.53168626,0.385302769,0.119228726,25.95878564,2.26425279,2250.762899,5.856470586,0.163600469,9.025888993,0.054278362,9.20599297,69.97962355,3.169418407,8706.4,6456,3.9,0.002601994,0.001036693,6.718474453,3.424790576,2422.172616,341.184935,8.603319444,0.025267327,8.772058774,0.026677551,90.48918407,0.20286994,11.45877778,0.16974241,46.25576333,1.1317399,124.929324,0.42662,0.225670905,0.000459598,0.177039834,0.000284875,3.124677239,0.000666491,-24.40619,0.313183,0.943,0.992900414,35.34140589,17.09413,29.26281498,22.24166667,11.74166667,22.24166667,12.49166667,16.00138889,22.00138889,17.98333333,8.983333333,20.65,8.983333333,23.15,13.98333333,7.018055556,7.018055556
2019-07-24,205,-4.346771671,0.390566752,0.426297805,0.078122782,-3.920473867,0.398303348,0.098072279,30.00629077,2.396699196,1949.387848,5.222148106,0.183258701,9.108936798,0.052556776,16.06265985,69.72784403,3.886788692,8896.7,6947,4.6,0.002678866,0.001023854,6.387722697,2.71348121,2678.674219,388.6803729,8.5885625,0.025418513,8.762140609,0.026038349,90.36411028,0.19793056,11.51293056,0.173142743,46.35869042,1.482191518,119.017649,0.454757,0.21925049,0.00049881,0.173029876,0.00031459,3.134486914,0.000819568,-18.487354,0.518041,1.029,1.028443822,38.73498677,25.88822,49.57488979,21.32555556,13.65861111,6.158611111,13.65861111,13.00138889,23.00138889,17.65,9.316666667,17.65,9.316666667,23.65,14.81666667,3.684722222,3.684722222
2019-07-25,206,-4.198730608,0.365628308,0.227644039,0.069080874,-3.971086569,0.372097066,0.054217348,29.75774785,2.302026192,1909.745566,2.788639476,0.30346006,9.127606358,0.057953122,11.85293502,69.46770283,6.338966882,7901.7,5992,4.1,0.001460215,0.001155146,6.964940732,2.445064744,2693.088332,390.3026543,8.8584375,0.040682209,9.061976654,0.042203247,90.1552403,0.182117891,10.23325694,0.216566964,49.88291375,1.543654192,112.752262,0.428761,0.21232564,0.000479623,0.168633504,0.000307834,3.1463565,0.000886839,-19.249904,0.307085,1.469,1.504530151,37.2204186,32.31087,34.03003807,18.90916667,16.07583333,18.90916667,16.07583333,14.00138889,23.00138889,18.81666667,9.65,19.15,9.65,23.31666667,14.65,4.351388889,4.351388889
2019-07-26,207,-4.224938438,0.372460636,0.441965782,0.078311171,-3.782972656,0.38060421,0.10460881,29.25090995,2.370086479,1881.473294,5.414080832,0.177188313,9.000148824,0.06599334,10.6658826,69.19920362,3.586067992,11069.4,9188,5.9,0.002877575,0.000813063,4.907939009,1.917357272,2664.148629,387.1484634,8.8064375,0.0364287,9.012081979,0.037456947,90.51031531,0.201846681,10.56890278,0.20097468,46.25164625,1.765823129,110.325905,0.421946,0.209599252,0.000476208,0.166877553,0.000307936,3.151499878,0.000923366,-20.096705,0.328978,1.285,1.310229843,31.82247525,27.96323,28.31474709,22.57638889,12.49277778,4.742777778,18.57638889,13.00138889,3.001388889,19.81666667,9.983333333,20.81666667,9.983333333,23.48333333,14.65,3.018055556,3.018055556
2019-07-27,208,-4.57071154,0.366424273,0.477854572,0.076648082,-4.092856969,0.374355014,0.104547086,31.7615962,2.299829689,1710.49735,5.853718503,0.160400437,9.056664683,0.056448549,15.24137145,68.92235152,3.20294618,6076.8,4366,3.6,0.003422232,0.00149036,8.894389427,3.162603374,2634.955431,386.8223689,8.585194444,0.032691065,8.790556582,0.033637949,90.33446139,0.201749273,11.52797917,0.186723472,45.1276825,1.497763396,109.380603,0.428295,0.208525047,0.000486435,0.166179523,0.00031615,3.153650826,0.000976185,-16.38315,0.320397,1.27,1.279833972,38.64768819,26.28346,33.66779168,21.41,11.66,2.493055556,11.66,10.00138889,23.00138889,18.81666667,9.483333333,18.98333333,9.65,23.31666667,13.81666667,0.518055556,0.351388889
2019-07-28,209,-3.975871887,0.355847362,0.368915064,0.073260061,-3.606956823,0.36331031,0.092788469,28.32677421,2.268414959,1908.077912,4.519209533,0.198582461,9.316507668,0.087599015,19.61672565,68.63715321,4.797298135,7704.1,5796,4,0.002368462,0.001209285,6.901413144,2.119460323,2634.289498,387.8691538,8.686354167,0.028917856,8.860336239,0.030013638,90.22800058,0.202082434,11.03038194,0.172308795,45.28413167,1.814258229,106.393014,0.40679,0.205129161,0.000465544,0.16397129,0.000304419,3.160459841,0.00096912,-16.336048,0.280925,1.168,1.182845443,30.50704789,30.92753,23.77428123,19.24361111,13.49361111,19.24361111,17.66027778,14.00138889,23.00138889,18.81666667,9.65,19.31666667,9.65,22.15,13.81666667,4.351388889,4.351388889
2019-07-29,210,-4.448922832,0.376268737,0.423011748,0.076641662,-4.025911084,0.38399493,0.095081835,31.64567734,2.422945624,1680.149803,5.181893909,0.18118093,9.062964685,0.066795856,16.65717937,68.34361709,3.881070776,5757.8,4078,3.4,0.003084186,0.001574041,9.157492446,3.123614879,2606.911827,392.1880169,8.6925,0.037610962,8.910873758,0.039232742,90.31351989,0.199828357,10.87070833,0.209902778,47.57734708,1.367981632,104.920251,0.433537,0.203421024,0.000497502,0.162842987,0.000325965,3.164234001,0.001051324,-17.383454,0.327671,1.333,1.391830041,38.2684159,26.48108,31.18166626,22.0775,10.66055556,4.827222222,15.74416667,13.00138889,23.00138889,17.81666667,9.316666667,18.98333333,9.816666667,22.65,14.65,3.684722222,3.184722222
2019-07-30,211,-4.778869537,0.384174561,0.591907931,0.079208592,-4.186961606,0.392255139,0.123859404,33.47833542,2.498401462,1574.950748,7.25087216,0.133819109,8.789414926,0.052273957,9.36774598,68.04175335,1.538542766,7751,6176,4.9,0.004603872,0.001133979,6.794770126,2.499995524,2459.547,355.8658547,8.692201389,0.025808561,8.906311834,0.026120003,90.38538061,0.194369136,10.79799306,0.143517387,47.07506292,1.487492332,104.688933,0.369056,0.203186459,0.000425657,0.162705131,0.000280013,3.164413836,0.00091902,-14.94701,0.32137,0.943,0.978410471,30.57770194,24.20845,31.21831454,0.160833333,16.07777778,7.327777778,16.07777778,15.00138889,5.001388889,20.81666667,9.816666667,21.48333333,10.48333333,23.98333333,14.15,5.184722222,4.518055556
2019-07-31,212,-4.976769577,0.3696899,0.569032197,0.076889858,-4.40773738,0.377601208,0.114337662,33.93471039,2.331721762,1551.978183,6.970644415,0.135123914,9.070292244,0.067002352,23.25765016,67.73157413,2.099647829,5757.4,4205,3.7,0.004491458,0.001575427,9.030088363,2.70469825,2595.611122,388.8754022,8.505319444,0.035804596,8.744842053,0.037260208,90.06182394,0.208361744,11.69603472,0.203196045,47.76655391,1.54434236,102.455595,0.411493,0.200576461,0.000479406,0.160971971,0.000317697,3.170378702,0.001085446,-13.6115,0.353086,1.296,1.294346198,39.34826618,21.44177,31.29167521,19.82833333,12.24472222,10.91138889,12.24472222,10.00138889,22.00138889,18.96666667,9.483333333,18.96666667,9.483333333,22.96666667,14.63333333,0.518055556,0.518055556
2019-08-01,213,-4.221890152,0.374995879,0.417318593,0.075459802,-3.804571559,0.382512864,0.098846388,29.73740208,2.386706414,1748.283813,5.112152763,0.180820609,8.724477192,0.050323757,11.55835933,67.41309362,3.612324429,7624.4,5876,4.4,0.002924098,0.001144284,6.87447293,2.818438358,2537.426189,380.7175019,8.475416667,0.029525019,8.664291032,0.030442743,90.10325003,0.205351533,11.88404167,0.177471087,47.09564833,1.366612842,103.904596,0.483395,0.202213414,0.00056356,0.162032272,0.000373612,3.167199648,0.001280104,-13.224601,0.344472,1.137,1.130362046,37.82319263,20.84891,28.51442752,23.32861111,12.24527778,19.16194444,14.07861111,13.00138889,1.001388889,19.13333333,9.966666667,19.13333333,10.13333333,22.8,14.8,3.034722222,2.868055556
2019-08-02,214,-4.357650439,0.348853834,0.469051248,0.070261467,-3.888599191,0.355859061,0.107638567,29.27747229,2.144627806,1790.240509,5.745877782,0.149794861,9.176684548,0.124802035,34.15809275,67.08632819,3.430806766,5006.9,3217,2.8,0.003209556,0.00183279,10.3437011,2.229084071,2295.296903,374.372542,8.526541667,0.027067391,8.722056003,0.02761278,89.83916351,0.18995078,11.5530625,0.156504144,48.44193458,1.863527078,101.802512,0.417497,0.199808551,0.00048825,0.160459927,0.000324437,3.172180308,0.00112435,-13.858868,0.368743,1.135,1.148927316,43.49394581,29.34657,38.16237213,20.24583333,22.9125,20.24583333,14.41222222,14.00138889,21.00138889,17.8,9.8,17.96666667,9.8,22.46666667,14.13333333,4.201388889,4.201388889
2019-08-03,215,-4.181857933,0.379471851,0.327569616,0.071327541,-3.854288316,0.386117215,0.07833112,28.73657149,2.344925107,1802.246188,4.012727801,0.217747732,8.444398757,0.060950824,7.193640038,66.7512965,4.431670956,10025.9,8224,5.6,0.002226515,0.000842256,5.418276091,2.726292826,2721.335168,365.4105611,8.495611111,0.030990007,8.682947784,0.032018456,89.92525267,0.189857933,11.81828472,0.182445758,44.63774958,1.226177915,110.355138,0.509874,0.209580557,0.000579113,0.166838748,0.000376347,3.152069087,0.001163325,-12.978745,0.342207,1.181,1.196235861,40.69118483,18.08223,29.16810676,21.82944444,4.4125,5.1625,12.41277778,13.00138889,23.00138889,18.13333333,9.966666667,18.96666667,10.13333333,22.13333333,13.46666667,3.034722222,2.868055556
2019-08-04,216,-4.330334146,0.358365982,0.31264876,0.066832547,-4.017685387,0.364544602,0.072199685,31.18017815,2.330352175,1742.237652,3.829947304,0.213762392,8.476155959,0.053689824,7.474159229,66.40801965,4.646208655,6813.9,5072,3.9,0.002198292,0.001243944,7.541732235,3.19438492,2724.83908,368.0624775,8.504784722,0.033829162,8.715577855,0.035127408,89.97999268,0.181813998,11.74770833,0.195614281,52.10613875,1.25503178,100.507169,0.468594,0.198259549,0.000552364,0.159415075,0.000369066,3.176070959,0.001315678,-13.087415,0.335818,1.227,1.255372475,42.97055057,23.12154,31.732553,21.24666667,12.16305556,21.24666667,12.16305556,12.00138889,23.00138889,17.63333333,9.966666667,19.13333333,9.966666667,23.46666667,13.96666667,2.034722222,2.034722222
2019-08-05,217,-4.217313841,0.350117595,0.290176048,0.063546601,-3.927137793,0.355837745,0.068805894,31.19174143,2.335636052,1647.515424,3.554656583,0.218993268,8.625830474,0.054831941,12.91054647,66.05652127,5.071173891,9685.6,8038,5.9,0.002157586,0.000890582,5.212320688,1.81078921,2713.914874,369.3353813,8.465618056,0.031542762,8.666047267,0.032651681,89.98117337,0.181836776,11.93281944,0.187398545,51.04393125,2.017383071,97.54862,0.458926,0.194770384,0.000545399,0.157083371,0.000366465,3.184360281,0.001341705,-10.659102,0.357616,1.195,1.20651421,36.20050778,28.16085,29.41657497,20.16361111,12.99694444,4.746666667,11.66361111,12.00138889,0.001388889,18.8,8.966666667,18.96666667,9.133333333,21.8,13.46666667,3.034722222,2.868055556
2019-08-06,218,-4.188538806,0.368216955,0.331326112,0.067078769,-3.857212693,0.374277019,0.07910303,30.54581564,2.46652419,1652.746292,4.058744877,0.202455425,8.512312691,0.076653413,11.13026818,65.69682766,4.453567814,5131.1,3478,3.1,0.002455758,0.001658979,9.87340182,3.216097826,2692.121823,367.2889393,8.566076389,0.031599838,8.770886937,0.032783419,90.06248122,0.182831317,11.39973611,0.181407806,54.10292417,1.21931324,98.119945,0.455513,0.195451281,0.000539745,0.15754155,0.000361943,3.182672522,0.001311957,-7.049236,0.378663,1.178,1.18677577,39.17439591,23.12154,34.36166663,22.83083333,12.49722222,4.413888889,15.99722222,15.00138889,22.00138889,18.96666667,9.8,18.96666667,9.966666667,22.46666667,14.3,5.201388889,5.034722222
2019-08-07,219,-4.334048654,0.376426541,0.357198481,0.068517459,-3.976850173,0.38261153,0.082416814,32.18951059,2.574583181,1573.834802,4.375681398,0.19181901,8.472744824,0.057744938,13.01901681,65.32896792,4.097063426,6808,5234,4.3,0.002780267,0.00124453,7.316533012,2.374900938,2548.21939,374.3702367,8.4365,0.030825205,8.651162194,0.031847512,90.08739053,0.183207539,11.97686111,0.180302268,59.10106333,1.752469277,95.397539,0.49867,0.192171538,0.000601056,0.155319271,0.000407599,3.191146081,0.001561924,-8.801579,0.362373,1.142,1.162144942,40.58909223,31.42158,37.96196953,21.33111111,11.7475,21.33111111,11.7475,12.00138889,22.00138889,17.96666667,8.8,18.63333333,9.3,22.13333333,13.63333333,3.201388889,2.701388889
2019-08-08,220,-4.225533006,0.336512927,0.524268561,0.069316427,-3.701264445,0.343577818,0.124071581,30.69292668,2.296891202,1622.877582,6.422289873,0.132215494,8.342004953,0.04931825,10.5121245,64.95297404,1.91971508,8966.4,7343,5.5,0.003957347,0.000930367,5.470867161,1.850852834,2579.799067,355.7996055,8.380347222,0.022702502,8.582273939,0.023935491,90.26219893,0.203460115,12.26894444,0.156581187,65.30550792,1.830962542,92.936543,0.431437,0.18925071,0.000523303,0.153358501,0.000356326,3.198267311,0.00138985,-9.280876,0.326627,0.9,0.914371881,31.95156818,28.06204,30.25353805,21.08138889,13.58138889,23.665,11.99805556,13.00138889,4.001388889,20.46666667,9.8,20.46666667,9.8,21.96666667,14.13333333,3.201388889,3.201388889
2019-08-09,221,-4.308307303,0.328064646,0.375309815,0.052247773,-3.932997488,0.3321991,0.087113056,28.71251857,2.092777991,1708.445879,4.597545237,0.139212381,8.111571792,0.046723501,7.700122713,64.56888105,3.514026555,9795.4,8087,5.7,0.002691069,0.0008281,5.346564375,1.682392119,2098.774539,306.299726,8.472347222,0.014897309,8.659315725,0.014233539,89.41935449,0.151528148,11.39423611,0.074176744,56.68021833,2.213766749,103.859116,0.636829,0.202051479,0.000735793,0.161870671,0.000484458,3.168653276,0.001607208,-11.452168,0.250385,0.74,0.658034358,47.59646526,36.75732,23.56482961,0.331666667,16.24861111,13.08166667,16.24861111,17.00138889,0.001388889,19.8,13.8,19.8,13.8,21.8,14.13333333,3.201388889,3.201388889
2019-08-10,222,-4.380327843,0.379312459,0.426402292,0.069528786,-3.953925551,0.3856322,0.097344835,30.382612,2.432313822,1723.74065,5.223428075,0.163059128,8.553118533,0.081643135,17.5537518,64.17672713,3.329690458,4369,2645,2.5,0.003030287,0.001957683,11.99401146,3.306189995,2391.176235,375.4217999,8.488256944,0.023490889,8.685908843,0.024236843,89.94149732,0.178432944,11.60995833,0.145868163,46.94331625,1.288555577,103.796516,0.337905,0.202167621,0.000393772,0.162040549,0.000261011,3.166502347,0.000892502,-8.931896,0.323002,0.978,0.958296207,33.76802551,21.54058,29.65504203,18.33222222,13.49888889,18.33222222,11.49888889,11.00138889,7.001388889,18.13333333,9.3,18.3,9.3,22.63333333,13.63333333,1.701388889,1.701388889
2019-08-11,223,-4.476406535,0.338937606,0.548274888,0.05884936,-3.928131647,0.344008645,0.122481031,27.07347531,1.986049175,1935.541956,6.716367376,0.107335501,7.394879765,0.130526377,1.234339989,63.7765537,0.678512389,6350.6,4415,3.3,0.003470019,0.001164437,8.919941181,2.478943367,1811.535351,261.4368076,8.718090278,0.009182673,8.897176244,0.008748923,89.58881209,0.144226597,10.33990972,0.055075683,50.90395042,1.569985675,118.605744,0.824134,0.218545557,0.000893296,0.172432687,0.0005566,3.138324695,0.001363704,-11.09653,0.291982,0.505,0.491586376,56.73217501,28.75371,29.99987463,1.665833333,20.08277778,14.74916667,4.249166667,21.00138889,6.001388889,15.13333333,9.966666667,23.96666667,13.46666667,22.13333333,14.3,11.03472222,7.534722222
2019-08-12,224,-4.97885741,0.376346673,0.480569128,0.065161827,-4.498288282,0.381946177,0.09652197,33.32985023,2.321124974,1699.587846,5.886971817,0.135593036,7.910486749,0.071970457,6.694273934,63.3684056,2.023514932,11838.8,10139,7,0.003463764,0.000668184,4.699581991,2.655445338,2315.619747,339.3987,8.723701389,0.019639043,8.944869866,0.020642365,89.85184032,0.171806714,10.639625,0.117352789,44.06135792,1.226531272,114.845543,0.452029,0.214650317,0.000499852,0.170115227,0.000317572,3.142255316,0.000865265,-14.362602,0.307289,0.82,1.289077274,40.73604931,18.87271,25.66865723,20.58305556,0.166111111,20.58305556,0.999444444,14.00138889,4.001388889,18.45,10.13333333,18.95,10.13333333,22.45,13.28333333,3.868055556,3.868055556
2019-08-13,225,-4.646522688,0.392918472,0.195432119,0.060344353,-4.451090569,0.397525303,0.042059866,32.59317802,2.528739906,1707.024769,2.394043463,0.308773977,8.086587676,0.04205823,10.25500863,62.95233113,5.692544213,4009.2,2302,2.3,0.001402466,0.002016992,13.18399655,3.548921232,2596.715572,370.6598763,8.727263889,0.03483756,8.966361954,0.036403803,89.62907888,0.146299951,10.62241667,0.189280445,47.01742375,1.180394804,105.324444,0.355194,0.203926243,0.000408172,0.163194995,0.000267768,3.162752101,0.000866323,-14.676666,0.283642,1.276,1.304078911,31.42455036,23.7144,29.30776245,20.33361111,0.833055556,5.5,0.833055556,10.00138889,22.00138889,17.78333333,9.783333333,18.61666667,9.783333333,22.45,13.28333333,0.218055556,0.218055556
2019-08-14,226,-4.332890955,0.358875343,0.306795097,0.062342191,-4.026095857,0.364249998,0.070806097,30.496976,2.327782087,1733.210604,3.758239944,0.203204653,8.506154257,0.125709989,19.46865686,62.52838219,4.747914313,3773.8,2041,2.2,0.002168369,0.002253993,13.70950559,2.721872795,2484.596793,350.2447013,8.709944444,0.030574709,8.931585929,0.03085912,89.83808049,0.168297255,10.74163194,0.155937561,53.32067833,1.536094579,101.593301,0.341613,0.199603168,0.000399176,0.160342082,0.000265128,3.172260114,0.00091388,-12.645269,0.248676,1.172,1.159383361,29.06720168,29.34657,28.75620633,22.58388889,11.41694444,7.666944444,11.41694444,14.00138889,23.00138889,18.78333333,9.95,19.11666667,9.95,21.61666667,13.78333333,4.051388889,4.051388889
2019-08-15,227,-4.125361084,0.3217648,0.244008331,0.050247489,-3.881352754,0.325664546,0.059148357,29.39522644,2.129854994,1760.052478,2.989102051,0.2059253,8.15133289,0.056455335,13.84577474,62.11659602,5.162230839,3070.4,1310,1.7,0.001698303,0.002654783,16.60674803,3.171777552,1717.014023,213.4836215,8.746291667,0.018087075,8.934040764,0.018385771,89.53605837,0.136887651,10.33359722,0.10367107,53.946475,1.248258481,99.099168,0.221655,0.196720317,0.00026124,0.158442275,0.000174587,3.178530583,0.000619611,-14.037517,0.244412,0.859,0.846335315,20.27623205,21.83701,26.47741368,0.083888889,11.6675,22.25111111,11.6675,13.00138889,2.001388889,15.28333333,9.783333333,15.28333333,9.783333333,21.78333333,13.28333333,3.218055556,3.218055556
2019-08-16,228,-4.585010232,0.36295323,0.387019087,0.063315487,-4.197991145,0.368434388,0.084409645,32.52971072,2.413939423,1567.487231,4.740983814,0.16359784,8.079716899,0.060221999,12.70175487,61.70764515,3.338733085,3696,2129,2.4,0.003024576,0.002186059,13.85912901,2.595859389,2530.060446,367.3843398,8.732340278,0.029568332,8.980139355,0.030582969,89.93174135,0.167337838,10.41738889,0.160299749,51.83852833,1.444592555,99.897252,0.324668,0.197621969,0.000381678,0.159026679,0.000254597,3.176779038,0.000896791,-13.093947,0.264988,1.038,1.075392799,28.98506488,31.6192,25.33923834,21.91805556,13.33444444,4.667777778,11.58444444,12.00138889,7.001388889,16.78333333,9.95,20.95,9.95,21.61666667,13.28333333,2.051388889,2.051388889
2019-08-17,229,-3.7895046,0.315996945,0.288855488,0.049637462,-3.500649112,0.319871766,0.076225132,26.91268047,2.114684506,1903.326368,3.53847973,0.171841851,7.26163346,0.072531957,4.566291179,61.29121872,3.72315373,5702.4,3799,3,0.001859103,0.001273433,8.961139395,2.992490975,1974.046828,321.4762348,8.769909722,0.013328699,8.936927298,0.0132983,89.57799953,0.140814624,9.881854167,0.070659141,59.44278125,1.229905863,99.458353,0.216953,0.197145283,0.000255349,0.158727018,0.000170488,3.177507545,0.000602253,-11.401528,0.19741,0.62,0.549264871,20.63334125,24.30726,17.7528551,1.418055556,15.25166667,1.418055556,15.25166667,19.00138889,10.00138889,20.78333333,14.28333333,23.95,14.28333333,22.45,15.95,4.718055556,4.718055556
2019-08-18,230,-4.403486194,0.375062736,0.129183217,0.05466305,-4.274302976,0.379025204,0.029336578,32.77371422,2.557470981,1559.178096,1.582494413,0.423143584,7.65127522,0.049722054,8.360905368,60.86737516,6.068780807,4688.4,3129,3,0.001014954,0.001631968,10.75247537,2.851735828,2503.630206,370.7368972,8.637423611,0.032573087,8.881806445,0.034329424,89.55556912,0.136616478,10.57349306,0.180146723,59.52512292,1.488764095,97.26435,0.360191,0.194489245,0.00042932,0.156920261,0.000289079,3.184494076,0.001066556,-9.633217,0.249054,1.177,1.215142983,25.69950227,30.13705,19.92357476,21.83555556,12.91861111,6.418611111,11.83527778,15.00138889,23.00138889,17.11666667,9.95,18.78333333,9.95,21.78333333,13.11666667,5.051388889,5.051388889
2019-08-19,231,-4.241060772,0.34708922,0.132136894,0.052214002,-4.108923878,0.350994627,0.031156567,32.47748112,2.448351211,1552.202036,1.618676948,0.395150818,8.166854956,0.108543339,17.45412315,60.43617716,6.548178008,3684.3,2132,2.4,0.001042826,0.002216659,13.19626654,2.344643977,2487.233082,371.0958324,8.611611111,0.032849615,8.84139951,0.034201628,89.58860602,0.139385513,10.80640972,0.182951465,63.0616975,1.796698842,91.513116,0.340217,0.187573774,0.000414604,0.152237869,0.000283161,3.202233659,0.001118934,-9.500971,0.218708,1.196,1.221584972,27.02725408,32.70611,19.36818994,21.66916667,10.66916667,3.668888889,10.66916667,10.00138889,23.00138889,18.45,9.616666667,18.61666667,9.616666667,21.78333333,14.28333333,0.384722222,0.384722222
2019-08-20,232,-4.826182728,0.33504265,0.27304288,0.054316877,-4.553139848,0.339417001,0.05657533,36.65058853,2.347421982,1326.557749,3.344775284,0.198931672,8.142745108,0.138616416,22.82890995,60.02308234,4.797969824,5037.5,3711,3.8,0.002521394,0.00161644,9.425960636,2.233326284,2384.460273,352.0023557,8.609638889,0.032176129,8.869147746,0.034316766,89.64897656,0.154601282,11.01527778,0.174504387,68.71857,1.823402569,87.940895,0.330326,0.183190058,0.000407111,0.149231549,0.000279946,3.214334187,0.001142089,-8.063282,0.276653,1.211,1.648197909,26.00342047,29.84062,24.43496145,19.58638889,12.33611111,5.669444444,12.33611111,12.00138889,6.001388889,17.86666667,10.2,18.86666667,10.2,21.53333333,13.36666667,1.801388889,1.801388889
2019-08-21,233,-4.222268472,0.331919141,0.169510286,0.050859575,-4.052758186,0.33579311,0.040146733,32.45496786,2.380169728,1463.038362,2.076501003,0.300038283,7.551666227,0.036495911,10.47029922,59.62047356,5.475165224,5413.5,3950,3.7,0.001419307,0.001394978,8.804566308,2.78644232,2430.800362,368.0838188,8.490298611,0.033479896,8.740679299,0.034502595,89.69882349,0.148597476,11.47270833,0.177032273,69.32789833,1.303158179,88.565102,0.451194,0.183885871,0.000557969,0.149680211,0.000384418,3.213079331,0.001584856,-4.354497,0.330942,1.192,1.218145994,37.00679018,20.94772,29.41469306,19.83666667,12.75333333,22.00333333,12.75333333,13.00138889,22.00138889,18.7,10.2,18.7,10.2,21.86666667,13.36666667,2.801388889,2.801388889
2019-08-22,234,-4.510743833,0.362399818,0.530149782,0.064026976,-3.980594051,0.368012339,0.117530457,33.26284412,2.544877273,1432.926709,6.494334828,0.120771485,7.00356104,0.053231276,4.307510056,59.2113404,0.509226212,10969.9,9537,7.7,0.004532217,0.000638434,4.345290733,2.218703421,1103.745431,178.970073,8.528402778,0.013372518,8.722232904,0.01302315,89.94763509,0.17045302,11.34131944,0.085221746,71.96283167,1.289788369,88.492171,0.265295,0.183902221,0.000327012,0.149734634,0.000224897,3.212030181,0.00091766,-5.613765,0.202886,0.578,0.53136338,25.3404754,22.33106,19.13164721,0.086666667,15.92027778,18.00361111,15.92027778,15.00138889,8.001388889,19.7,11.03333333,23.86666667,11.03333333,23.7,14.7,3.968055556,3.968055556
2019-08-23,235,-4.299332792,0.347977811,0.288856427,0.054907704,-4.010476365,0.352283144,0.067186338,31.35333341,2.358635427,1520.331349,3.538491232,0.19008649,7.358751985,0.042599068,9.68842073,58.79574559,3.820260753,6887.7,5367,4.5,0.002327447,0.001068384,7.0739114,2.554321109,2351.583047,361.1378535,8.560763889,0.025407162,8.779941717,0.026409226,89.68782324,0.147545342,11.14513889,0.144747346,66.70119917,1.449265203,91.83588121,0.326279174,0.187975508,0.000395582,0.15251339,0.000268379,3.201071184,0.001047886,-4.220025,0.335093,0.975,1.006349263,25.70387558,23.02273,22.05954038,19.25416667,14.42083333,19.25416667,14.42083333,15.00138889,23.00138889,17.2,9.2,19.03333333,9.2,21.53333333,15.03333333,5.801388889,5.801388889
2019-08-24,236,-4.517236761,0.373696091,0.295190367,0.056237191,-4.222046394,0.377903943,0.065347553,33.23533064,2.561734537,1466.007731,3.616081997,0.190511605,7.31041703,0.043554368,9.010884543,58.37375597,3.694335033,6033.6,4568,4.1,0.002466619,0.001211627,7.968505982,2.721379421,1925.310372,283.0116015,8.595534722,0.021745745,8.819034691,0.022224762,89.90318257,0.14633086,10.93139583,0.122139839,69.70667,1.373446637,89.79167605,0.298147088,0.185487636,0.000367044,0.150818262,0.000252235,3.207742078,0.001025465,-9.750212,0.130393,0.813,0.82729347,24.79974258,21.7382,16.96581954,20.58777778,11.00444444,20.58777778,10.33777778,17.00138889,22.00138889,18.2,10.36666667,18.2,10.7,22.03333333,13.03333333,6.634722222,6.301388889
2019-08-25,237,-4.240146411,0.353204965,0.283486656,0.050031426,-3.956659755,0.356730838,0.066857752,32.73767452,2.578560936,1468.59531,3.472711536,0.176485999,7.127883574,0.048718458,6.336735899,57.94544255,3.655172038,6865.7,5397,4.7,0.002364648,0.001038187,6.805459673,2.746108945,2291.664798,357.6072765,8.812729167,0.012835858,9.006379449,0.013265631,89.7815348,0.127104696,9.946652778,0.069226262,70.56302333,1.414552187,85.56943656,0.275590286,0.180263302,0.000345133,0.147217688,0.000239549,3.222570246,0.001019472,-7.348584,0.217938,0.635,0.569103363,24.24163314,21.24415,23.84597967,18.005,9.338055556,18.005,9.338055556,10.00138889,23.00138889,20.03333333,9.866666667,20.86666667,10.36666667,21.53333333,11.53333333,0.134722222,-0.365277778
2019-08-26,238,-3.998869233,0.327123209,0.255960991,0.053005668,-3.742908242,0.331389793,0.064008342,32.72692675,2.483583348,1427.700445,3.135522144,0.207084947,7.047345432,0.060661652,7.685865948,57.51088062,3.911823288,5694,4266,4,0.002196205,0.001237672,8.143136331,2.853570068,1971.113551,299.6213795,8.827611111,0.022287802,9.050419265,0.023118535,89.89103006,0.147567594,10.16370833,0.130393186,70.46421333,1.398670672,84.47451623,0.282361357,0.178886201,0.000355113,0.146259648,0.000247063,3.22668879,0.001063099,-14.779258,0.294469,0.893,0.871465067,22.44226818,20.65129,20.47017035,19.42194444,11.50527778,18.17194444,11.25527778,14.00138889,22.00138889,19.7,9.533333333,19.7,9.866666667,23.7,13.7,4.468055556,4.134722222
2019-08-27,239,-4.068141524,0.330554424,0.05726292,0.046933669,-4.010878603,0.33386973,0.014075941,33.3540665,2.467808487,1390.15443,0.701470775,0.819617096,7.064680925,0.037725477,8.734534247,57.07014977,6.36321015,4801.1,3411,3.5,0.000504599,0.001471474,9.665394616,3.121052367,2359.953293,375.6060012,8.859729167,0.03441891,9.105769125,0.035853007,89.46317533,0.121242603,9.853791667,0.175782124,76.00992458,1.265622722,84.59030731,0.287987672,0.179029506,0.000361085,0.14635838,0.000250786,3.226281737,0.001070835,-22.862002,0.137802,1.268,1.294451336,24.13224189,21.93582,18.11111174,20.75583333,11.17222222,17.50583333,11.25555556,14.00138889,22.00138889,18.03333333,10.03333333,18.03333333,10.03333333,22.7,13.2,3.968055556,3.968055556
2019-08-28,240,-4.42956003,0.338454209,0.056263997,0.045257163,-4.373296033,0.341466634,0.012701938,35.79358153,2.513892292,1296.446066,0.689233958,0.804371629,7.034939751,0.0515648,8.916280788,56.62333397,6.345705793,7844.3,6548,6.1,0.000531633,0.000896824,5.927043651,2.113167338,2357.601719,378.5883871,8.758638889,0.03515923,9.026336856,0.037104616,89.57090698,0.123716571,10.20291667,0.185176491,79.19654708,1.644542059,84.89856661,0.369223632,0.179372651,0.000462939,0.146636887,0.000321837,3.225667874,0.001373231,-22.322054,0.185633,1.254,1.293363302,25.71240982,24.50488,,19.50611111,13.50611111,1.1725,13.50611111,14.00138889,23.00138889,17.86666667,10.03333333,17.86666667,10.2,22.2,10.86666667,3.968055556,3.801388889
2019-08-29,241,-4.126184271,0.323619141,0.265744805,0.046910744,-3.860439466,0.327001478,0.064404493,32.50135778,2.470957046,1430.506118,3.25537386,0.176525537,6.926622367,0.039844363,8.487972184,56.17052165,3.671248507,4883.1,3453,3.4,0.00227568,0.001418477,9.329900726,2.334605555,1697.977324,277.8141493,8.902520833,0.019542726,9.1357494,0.019229078,89.78345835,0.121397687,9.595965278,0.092046932,76.90333167,1.607582657,81.98937914,0.220015247,0.175768523,0.000279563,0.144093722,0.00019561,3.235939591,0.000863073,-17.392825,0.137156,0.799,0.754776471,19.44575197,24.30726,14.25655809,0.422777778,10.17305556,3.256388889,10.00638889,11.00138889,4.001388889,21.53333333,9.033333333,21.53333333,9.033333333,21.53333333,11.86666667,1.968055556,1.968055556
2019-08-30,242,-4.016844227,0.351924483,0.150651702,0.049978755,-3.866192525,0.355455648,0.03750499,32.56989547,2.611823071,1398.813245,1.845483351,0.331750353,7.259143343,0.064552182,14.12555127,55.71180572,5.413659992,3461.4,2063,2.5,0.001319321,0.002097172,13.25834104,2.384916156,2184.364465,365.9989954,8.660902778,0.025065261,8.885808526,0.025806411,89.73176789,0.132082594,10.79909722,0.140155246,76.57808208,1.634611935,83.04246616,0.327831881,0.177053909,0.000416783,0.144973012,0.000291699,3.232457226,0.001289276,-1.271164,0.329306,1.015,1.013743741,22.19005029,23.51678,,18.59027778,13.50694444,18.42361111,9.09,5.001388889,22.00138889,17.36666667,9.533333333,17.7,10.53333333,22.03333333,12.86666667,-4.531944444,-5.531944444
2019-08-31,243,-4.053939158,0.337320773,0.040743103,0.044831374,-4.013196055,0.340286873,0.01005025,33.23931833,2.549497666,1380.665294,0.499103013,1.100342645,7.151588304,0.087866402,15.56471741,55.24728359,6.652485291,3716.4,2336,2.7,0.000361495,0.001924308,12.22614414,2.892668165,2224.309505,362.1931415,8.631465278,0.032346863,8.876170605,0.033809848,89.56867134,0.120759455,10.87744444,0.172286776,73.95138292,1.393829215,81.68860258,0.381546586,0.175300175,0.00048701,0.143733336,0.000341583,3.238173773,0.001525108,-4.601199,0.166027,1.161,1.194781586,29.66092114,28.45728,22.27963715,21.34083333,13.00722222,19.00722222,11.50722222,15.00138889,21.00138889,17.36666667,10.03333333,17.86666667,10.03333333,22.53333333,13.53333333,4.968055556,4.968055556
2019-09-01,244,-3.922786735,0.32434112,0.085327342,0.046255261,-3.837459393,0.327622819,0.021751716,33.25468011,2.522037878,1366.358215,1.045259937,0.542091905,6.906154298,0.070539697,11.24454475,54.77705728,5.860894361,7405.7,6039,5.4,0.000764997,0.000932543,5.98687267,1.807890739,2222.561197,368.9184429,8.574368056,0.029536024,8.805201174,0.030546363,89.77087633,0.13194577,11.14160417,0.159338396,78.1302225,1.957659996,78.40417182,0.411808779,0.171053705,0.000536073,0.140735101,0.000379919,3.251943539,0.001773638,-2.38936,0.249629,1.094,1.099329946,28.21414053,31.81682,21.98874917,20.34111111,11.0075,20.34111111,11.7575,13.00138889,22.00138889,18.36666667,10.2,18.36666667,10.2,21.7,12.86666667,2.801388889,2.801388889
2019-09-02,245,-3.833413721,0.332808683,0.090985695,0.045795576,-3.742428025,0.335944719,0.023734901,33.35862062,2.644944189,1329.105326,1.114574768,0.503327203,7.505154713,0.179401314,22.89500151,54.30123336,6.390579945,3426.6,2097,2.6,0.00083859,0.002190281,12.54855724,2.178204126,2378.443625,356.4250879,8.620604167,0.025329354,8.832000462,0.026254108,89.68860747,0.125997826,10.94199306,0.150538122,77.20387875,1.920812614,74.41233433,0.324743499,0.165889364,0.000430184,0.137087206,0.000307594,3.26871898,0.001489356,-2.191096,0.254166,0.951,0.991586113,24.52220644,35.76922,,22.675,12.42472222,18.67472222,13.25805556,12.00138889,21.00138889,16.7,9.866666667,18.53333333,10.36666667,21.7,13.36666667,2.134722222,1.634722222
2019-09-03,246,-3.976579655,0.329795606,0.09064807,0.045029411,-3.885931585,0.332855509,0.022795487,34.15472062,2.650606746,1258.933534,1.110438854,0.496749808,6.423548481,0.059912774,6.825450026,53.81992304,5.313109627,5859.7,4601,4.7,0.000882047,0.001096215,7.338334274,2.374711786,2364.372554,356.0954594,8.684763889,0.032423965,8.939007141,0.033802753,89.7381178,0.129038656,10.70249306,0.170526907,77.04742958,1.562589067,74.42281488,0.335286197,0.165898158,0.000440598,0.13709165,0.000313767,3.26873329,0.001494255,-2.820713,0.269811,1.143,1.18248723,26.71397192,29.05014,18.30642812,20.00861111,12.25833333,20.00861111,12.25833333,16.00138889,2.001388889,17.86666667,9.7,18.03333333,10.03333333,21.36666667,13.2,6.301388889,5.968055556
2019-09-04,247,-3.803097588,0.324628115,0.055268527,0.043613449,-3.747829061,0.327544723,0.014532503,33.64133814,2.636355494,1278.213202,0.677039456,0.789119073,6.72530587,0.057372614,10.84119627,53.33324214,6.048266414,9102.4,7824,7.1,0.000529676,0.000738853,4.673294743,1.611921426,2360.253207,360.4149766,8.613284722,0.025446122,8.823032429,0.025887993,89.6549014,0.122288316,10.92532639,0.149685297,80.86808292,2.214851585,73.090617,0.358906,0.164112766,0.000478649,0.135807748,0.000343403,3.275089699,0.001685466,-5.029142,0.204012,0.975,1.008315326,24.74471539,41.10496,20.42445428,19.25888889,12.34222222,18.75888889,11.75888889,12.00138889,22.00138889,17.36666667,10.36666667,17.86666667,10.36666667,22.03333333,13.53333333,1.634722222,1.634722222
2019-09-05,248,-4.427913926,0.329981043,0.204525637,0.048463302,-4.22338829,0.333520884,0.046190066,36.84366812,2.597637363,1154.554666,2.505439051,0.236954655,6.282033037,0.05261602,6.196180496,52.84131111,3.776593986,8880,7725,7.7,0.002170048,0.000707435,4.798727433,2.033699796,2312.316701,359.0305172,8.7655625,0.031044249,9.041626876,0.032808517,89.72283767,0.129925241,10.37063194,0.158195059,84.86577083,1.96709384,73.279118,0.304184,0.164401015,0.000403093,0.136027682,0.000288268,3.273754074,0.001396418,-5.375979,0.204777,1.145,1.59330933,21.47823924,30.13705,20.83857539,1.425833333,15.00916667,20.00944444,10.00916667,15.00138889,2.001388889,18.48333333,10.03333333,18.98333333,9.866666667,21.48333333,12.98333333,4.968055556,5.134722222
2019-09-06,249,-3.508248489,0.327395289,0.363295069,0.052954395,-3.14495342,0.331650182,0.103554543,24.57094387,2.21226103,1734.273755,4.450364597,0.145761391,5.679329212,0.132157577,2.01506548,52.34425505,1.228964615,9402.6,7668,5.4,0.002566126,0.000604015,4.844256925,3.029167528,1295.55498,222.162611,8.657451389,0.015668771,8.854287856,0.013900171,89.22672201,0.140034443,10.5884375,0.061033214,84.9975175,1.27025779,82.098151,0.510155,0.175728268,0.000641246,0.143996646,0.000445934,3.237698683,0.001922006,-5.869593,0.228885,0.685,0.616119877,39.83551734,23.12154,6.256326152,1.676111111,23.50972222,18.92638889,13.84305556,14.00138889,10.00138889,19.81666667,12.81666667,19.81666667,12.81666667,21.81666667,13.65,1.184722222,1.184722222
2019-09-07,250,-3.664878795,0.331346154,0.234123708,0.047339061,-3.430755086,0.334710711,0.06388307,25.68318674,2.189272115,1773.485803,2.868015428,0.202196786,6.115407918,0.04283104,5.761406115,51.84220363,3.24739249,12461.7,10688,7,0.001617163,0.000490738,4.115275393,1.928836506,2311.234545,345.2680965,8.612451389,0.013146586,8.776713378,0.012627547,89.36316882,0.135672101,10.85810417,0.077294404,75.12475167,1.843417379,100.178333,0.503693,0.197851779,0.000590531,0.159132647,0.000393081,3.177236684,0.001372479,-11.439238,0.293662,0.658,0.611866455,35.28175487,27.37037,8.784852618,22.84361111,0.926388889,13.34333333,0.010277778,11.00138889,2.001388889,18.81666667,10.98333333,18.81666667,10.98333333,21.48333333,12.15,0.018055556,0.018055556
2019-09-08,251,-2.06512099,0.274696921,0.190525193,0.054695468,-1.874595797,0.280089259,0.09225861,13.40128196,1.643747854,3826.736969,2.333933608,0.287077355,5.916010025,0.044933794,3.923965984,51.33529118,3.582076417,6708.5,2882,1.8,0.000609902,0.00088187,7.557731048,3.209188575,2007.682207,283.5806666,8.626597222,0.022012776,8.749654512,0.020810401,89.43149637,0.160163669,10.42414583,0.090464258,71.29998125,1.272790344,99.113347,1.439661,0.195605399,0.001529377,0.15707853,0.000927558,3.192348652,0.002083512,-15.112329,0.0668,0.816,0.78332091,,19.762,17.14525816,17.01055556,23.92722222,0.260277778,23.67722222,13.00138889,6.001388889,20.81666667,10.15,20.81666667,10.15,21.98333333,12.65,2.851388889,2.851388889
2019-09-09,252,-2.247508233,0.289915115,0.075201494,0.041354502,-2.17230674,0.292849737,0.033459941,13.69939786,1.575185145,3700.959701,0.921218296,0.549915965,5.942904289,0.043299355,5.201138777,50.82365656,5.021685993,10801,7100,2.9,0.000248913,0.00055022,6.383550988,2.933041366,1723.582047,218.0722871,8.662777778,0.009268708,8.717684515,0.009338922,89.3508258,0.119423145,10.29080556,0.060422704,63.86864583,1.286400144,,2.660779,0.26600471,0.002466837,0.197908446,0.001226133,3.125283835,0.001456434,-13.170393,0.111414,0.499,0.468159717,,26.08584,17.4897061,21.59444444,2.927222222,22.09444444,10.9275,15.00138889,1.001388889,16.31666667,11.15,16.31666667,11.15,23.65,12.48333333,3.851388889,3.851388889
2019-09-10,253,-4.622663734,0.363914615,0.23712004,0.049846262,-4.385543694,0.367312533,0.051295109,32.53386682,2.416411709,2119.281462,2.904720486,0.210215309,5.516929223,0.073749897,2.541984641,50.3074432,2.612208737,19452.4,17333,9.2,0.001370616,0.000283612,2.740605708,2.183656152,2154.788228,332.703882,8.848472222,0.023213095,9.083241001,0.023846176,89.67728788,0.123847506,9.666138889,0.120140782,63.432235,0.882000533,106.846834,0.350101,0.205676263,0.000400168,0.164343117,0.00026143,3.159042729,0.000827753,-2.314604,0.226556,0.908,0.932700096,29.16514392,16.20484,13.83855006,21.84472222,0.594444444,23.67805556,11.34444444,18.00138889,9.001388889,19.31666667,10.15,20.48333333,10.15,21.15,14.65,7.851388889,7.851388889
2019-09-11,254,-4.533871001,0.368513489,0.275325027,0.04861179,-4.258545974,0.371705929,0.060726259,33.1642904,2.542107088,1607.490669,3.37273158,0.176561466,5.581858464,0.081315958,3.609346684,49.786799,2.209126884,11044.7,9437,6.9,0.002098134,0.000505387,4.557914851,3.203141605,1734.542067,314.9457045,8.855118056,0.014156559,9.067587466,0.013759653,89.66055846,0.117469366,9.838104167,0.085864606,60.43499833,0.860083631,96.984951,0.21546,0.194216248,0.000256805,0.156763329,0.000172934,3.184584868,0.000637464,,0.280819,0.544,0.51734754,19.91818332,12.54887,14.42978281,23.42861111,8.261666667,0.011944444,10.845,13.00138889,23.00138889,19.81666667,11.15,20.65,11.15,21.98333333,13.81666667,1.851388889,1.851388889
2019-09-12,255,-4.340611771,0.36607121,0.070556729,0.044963085,-4.270055042,0.368822193,0.016255019,33.07851378,2.565724195,1521.859532,0.864319928,0.637261468,5.628295265,0.063516878,4.309895915,49.26187631,4.763975337,11198.9,9677,7.4,0.000567937,0.000502577,4.331296956,2.729686584,2384.380075,331.6711545,8.979618056,0.029434366,9.218373097,0.030375192,89.41529438,0.110418162,9.384486111,0.147757305,63.02876083,0.981362905,91.109993,0.213333,0.187135976,0.000259467,0.151961281,0.000177008,3.202902405,0.00069484,-4.502464,0.163119,1.101,1.131426734,21.01045315,16.89651,8.546266409,19.84555556,13.76194444,7.928611111,11.09527778,13.00138889,7.001388889,17.81666667,9.483333333,18.15,9.983333333,21.81666667,13.31666667,3.518055556,3.018055556
2019-09-13,256,-4.735981969,0.359409689,0.297830826,0.050622049,-4.438151143,0.362957183,0.062886816,35.20385511,2.546442654,1377.850375,3.648427621,0.169969138,5.552286309,0.033338319,5.043615243,48.73283189,1.903858688,12381.7,11004,9,0.002647913,0.000448428,3.882921783,2.168952077,1946.30137,242.7542018,8.951368056,0.026572168,9.240879134,0.028156339,89.70476725,0.131044372,9.424131944,0.134978201,62.44198696,1.446024487,89.757085,0.205672,0.185482541,0.000250916,0.150829988,0.000171495,3.207401828,0.000679413,-13.059113,0.205861,0.948,1.08339458,24.22442304,21.93582,17.30827352,3.512222222,12.2625,12.59583333,13.17916667,14.00138889,5.001388889,19.95,9.65,19.95,9.65,20.95,13.95,4.351388889,4.351388889
2019-09-14,257,-4.455416465,0.378171095,0.225076802,0.049883211,-4.230339663,0.381446867,0.050517568,33.57413151,2.68450431,1431.967782,2.757190826,0.221627507,5.452406958,0.060874765,4.735969265,48.19982679,2.695216132,9523.6,8092,6.7,0.001925456,0.000572516,5.063054854,3.062562234,1700.946862,283.8373389,8.745756944,0.022066572,8.981952909,0.022341514,89.54706843,0.124140659,10.17268056,0.111633552,59.36043958,1.050069629,90.203729,0.211577,0.186028029,0.00025871,0.151203116,0.000177072,3.205920949,0.000705747,-19.467612,0.117431,0.892,0.89800897,16.66744308,13.04292,18.65410548,23.26305556,15.01277778,12.84611111,9.929444444,13.00138889,22.00138889,18.11666667,9.283333333,19.78333333,9.283333333,20.95,13.78333333,3.718055556,3.718055556
2019-09-15,258,-4.187051502,0.343630803,0.123275749,0.046591149,-4.063775754,0.346774947,0.029442138,32.30052091,2.450428336,1492.807663,1.510127921,0.377942539,5.473092688,0.037705019,5.343585147,47.66302631,3.962964767,10617.9,9125,7.1,0.001011602,0.000515461,4.502985232,2.706825968,2314.190981,329.3009432,8.711548611,0.02982926,8.950155246,0.030799524,89.44669896,0.129438998,9.985534722,0.150101985,61.74834792,1.161104777,88.937073,0.243279,0.184460136,0.000298833,0.150122155,0.000205094,3.210376843,0.000828372,-11.976446,0.226339,1.103,1.109736819,21.46727014,18.18104,18.49993618,20.76333333,15.26333333,20.76333333,15.26333333,15.00138889,22.00138889,17.95,10.45,18.28333333,10.45,20.61666667,13.28333333,4.551388889,4.551388889
2019-09-16,259,-4.351548591,0.349024573,0.361366818,0.054176077,-3.990181773,0.35320419,0.083043268,33.88539023,2.565686529,1410.993556,4.426743516,0.149919899,5.279048422,0.06053172,4.382573512,47.12259993,0.852304906,9760.2,8349,6.9,0.003137324,0.000540874,4.856408069,2.960839611,2215.814832,322.7862364,8.810972222,0.023793167,9.035628661,0.02350151,89.97706775,0.156176559,9.6495,0.112535814,62.3700275,1.015383848,87.63689,0.198299,0.182868727,0.000245004,0.149032329,0.000168736,3.21473044,0.000692407,-7.211105,0.194356,0.947,0.894587684,16.52414276,16.60008,15.12223302,0.346666667,11.09694444,7.096944444,11.09694444,15.00138889,23.00138889,19.95,10.45,20.45,10.45,22.28333333,13.61666667,4.551388889,4.551388889
2019-09-17,260,-4.485919095,0.348484105,0.371947954,0.046300493,-4.113971141,0.351546451,0.082914548,32.80896133,2.469524232,1444.714253,4.556362439,0.124481107,5.201622411,0.031022431,4.785936814,46.57872116,0.645259972,11791.4,10347,8.2,0.003153816,0.000441136,4.151411625,2.45404264,1244.593085,242.0874113,8.971513889,0.01022865,9.162112188,0.008113096,89.5607004,0.122722407,8.924840278,0.058738961,63.37047875,1.201800532,92.545744,0.286586,0.18885447,0.000349789,0.153122035,0.000239133,3.198570588,0.000948586,-5.233296,0.197922,0.513,0.415861956,22.84546977,19.16914,18.56108825,2.263888889,16.43083333,2.263888889,16.43083333,14.00138889,7.001388889,19.95,13.45,19.95,13.45,21.61666667,13.45,0.551388889,0.551388889
2019-09-18,261,-4.43862597,0.353325817,0.364503986,0.047589655,-4.074121984,0.356516351,0.082120906,31.43703403,2.472661404,1557.115044,4.465173825,0.13056004,5.279386409,0.034491688,6.162550332,46.03156749,0.814212584,6752.9,5196,4.3,0.002867594,0.000781799,7.446914156,3.115159431,1418.469029,229.1375561,9.074097222,0.013965135,9.332077442,0.012839021,89.68841982,0.11851887,8.541527778,0.059426787,59.36455667,1.211757593,96.809863,0.19942,0.194012493,0.000237892,0.156628338,0.000160293,3.185041937,0.000592189,-5.763626,0.157188,0.566,0.504082209,14.9135541,16.7977,14.55939391,0.930833333,11.34777778,0.930833333,11.34777778,17.00138889,6.001388889,20.78333333,10.28333333,20.78333333,10.28333333,23.78333333,12.28333333,6.718055556,6.718055556
2019-09-19,262,-4.633411519,0.372553991,0.498648821,0.059773538,-4.134762698,0.377318635,0.107620232,33.62678388,2.593557235,1495.475701,6.10844806,0.119871011,5.148490932,0.064876323,4.856718352,45.50339284,0.959957128,13757.5,12262,9.2,0.004084619,0.000374231,3.627675128,2.205375759,1756.487919,260.2222645,8.965166667,0.015198643,9.180451883,0.01358204,89.97387394,0.164823635,9.207902778,0.079447236,55.65506458,1.153570361,95.587207,0.22119,0.19254537,0.000266351,0.155636123,0.000180567,3.188776,0.000687493,-2.402083,0.189742,0.657,0.572051079,17.45252503,17.68699,15.90506776,22.68166667,3.598055556,22.68166667,10.76472222,16.00138889,8.001388889,19.95,12.11666667,19.95,12.11666667,22.78333333,13.45,3.884722222,3.884722222
2019-09-20,263,-4.614729342,0.367582497,0.478192198,0.056970861,-4.136537144,0.371971196,0.103623021,33.23779955,2.550171415,1501.53622,5.857854422,0.119137999,5.092369864,0.035538182,5.56438798,45.00235868,0.765484558,9240.6,7739,6.2,0.003901241,0.000551088,5.30086313,3.078218348,1431.979452,245.1580449,9.072854167,0.018355655,9.326907495,0.016834853,89.84654448,0.160078735,8.704083333,0.077775443,55.7497575,1.145697305,92.61822,0.190113,0.188977843,0.000230074,0.153220932,0.00015647,3.19790342,0.000604925,-0.246418,0.170956,0.716,0.675726294,16.55270729,16.99532,18.42406349,0.765,11.68194444,7.431944444,11.34861111,15.00138889,0.001388889,19.61666667,10.28333333,20.28333333,12.28333333,22.78333333,12.28333333,4.718055556,2.718055556
2019-09-21,264,-4.600966435,0.357686069,0.517134309,0.057697034,-4.083832125,0.362309635,0.112396888,33.00902544,2.496942019,1483.929206,6.334895289,0.111570694,5.0593935,0.034607478,5.849962728,44.49858661,1.275501789,10056.3,8572,6.8,0.004269001,0.000503104,4.870374993,2.75259854,1649.698482,258.8504352,8.949604167,0.014738768,9.192046381,0.012941027,89.88610835,0.1666141,9.407847222,0.067833775,53.20128292,1.224142332,92.597909,0.167634,0.188959083,0.000203619,0.153210702,0.000138801,3.197896727,0.00054246,-3.052095,0.167762,0.65,0.559260512,15.58211535,20.05843,16.26127571,21.76583333,12.18222222,4.182222222,12.18222222,12.00138889,23.00138889,19.95,12.28333333,19.95,12.28333333,21.11666667,13.61666667,-0.281944444,-0.281944444
2019-09-22,265,-4.344392854,0.34718154,0.149342203,0.044792929,-4.195050652,0.350059178,0.034375851,32.94462956,2.455026178,1486.682199,1.829441986,0.299934835,4.888029902,0.029361748,4.818933326,43.99224232,3.058587916,4170.7,2684,2.8,0.001230554,0.001172004,11.42262524,4.000370923,2140.015734,329.8531951,8.839736111,0.026122208,9.083547147,0.026519453,89.28718902,0.125301387,9.538645833,0.124610988,55.31334667,1.080637623,88.382627,0.183882,0.183795849,0.000226765,0.149673158,0.000156003,3.212057668,0.000636887,-3.876753,0.188689,1.029,1.032847726,36.2602276,19.95962,,22.26611111,10.68277778,22.26611111,10.76611111,14.00138889,23.00138889,18.11666667,10.61666667,19.11666667,10.61666667,21.78333333,13.11666667,3.384722222,3.384722222
2019-09-23,266,-4.426768643,0.348586615,0.429821026,0.050567531,-3.996947616,0.352235296,0.097095887,32.49628967,2.497415638,1466.009952,5.26530757,0.117647877,5.114782326,0.044239473,8.875082284,43.48349484,0.150525244,5637.7,4172,3.8,0.003591591,0.000907242,8.428060472,3.110315408,1722.126509,238.4650289,8.937513889,0.013579373,9.170549793,0.011650012,89.69827919,0.140999182,9.351416667,0.053354907,61.40251292,1.294439957,87.983423,0.135917,0.183314408,0.000168187,0.149346379,0.000115939,3.213306466,0.000477649,-5.278607,0.168775,0.56,0.487461139,13.2609318,25.19655,15.69024608,2.849722222,14.34972222,2.849722222,12.18305556,11.00138889,21.00138889,20.45,10.95,20.45,14.61666667,22.11666667,14.95,0.051388889,-3.615277778
2019-09-24,267,-4.441158865,0.357468127,0.48792451,0.056865391,-3.953234355,0.361962891,0.109864232,33.53624973,2.569190085,1416.827908,5.977075244,0.116545469,5.043642087,0.074194943,7.865572731,42.97251651,0.933433157,7949,6532,5.6,0.004218632,0.000634499,5.853257362,2.107130038,1591.61681,215.1546906,8.938652778,0.013287389,9.150374326,0.01188718,89.83521743,0.173132717,9.478236111,0.082029473,60.43911542,1.797365468,84.939099,0.194736,0.179504825,0.000244739,0.146703407,0.00017021,3.22452111,0.000730609,-7.56895,0.167233,0.646,0.563426413,15.86219828,25.88822,14.67895089,23.51694444,10.26666667,18.26694444,10.26666667,15.00138889,7.001388889,19.61666667,10.78333333,19.95,11.28333333,23.78333333,12.45,4.218055556,3.718055556
2019-09-25,268,-4.25566229,0.361599474,0.312801443,0.053967964,-3.942860847,0.365604596,0.073502412,32.71550338,2.580476939,1422.18966,3.831817675,0.17253106,4.609985622,0.05468752,3.915046633,42.45948278,0.778167947,6614,5192,4.7,0.002694308,0.000697003,6.99140432,3.271023307,2084.331006,327.8947922,9.155659722,0.022074462,9.374251124,0.021865635,89.5812997,0.157547478,8.427416667,0.109676435,52.99542875,1.192403544,84.064042,0.209499,0.178399678,0.00026331,0.145932703,0.000183132,3.227868618,0.000786273,-5.170388,0.14843,0.895,0.873631913,18.94783157,21.14534,17.69153213,3.433611111,12.93388889,3.433611111,11.26722222,14.00138889,0.001388889,17.78333333,10.78333333,19.11666667,11.61666667,21.28333333,13.11666667,3.218055556,2.384722222
2019-09-26,269,-3.924139611,0.331337802,0.304460945,0.043161331,-3.619678666,0.334137157,0.077586675,27.59130463,2.305699724,1675.933674,3.729646582,0.141763112,4.654022874,0.03374991,5.320523329,41.94457214,0.924376292,5302.6,3627,3.2,0.002225414,0.00087768,9.03630785,3.157968687,723.7414096,96.2861982,9.195618056,0.015166695,9.439680455,0.013303541,89.14862338,0.111673821,7.670583333,0.057082399,59.55805958,1.230138334,89.319174,0.388106,0.184862238,0.000470103,0.150369632,0.000319797,3.209900532,0.001245402,-7.604373,0.173283,0.529,0.510946034,35.90951138,21.44177,17.41492088,2.2675,23.76777778,4.5175,11.93416667,15.00138889,5.001388889,23.28333333,8.45,23.28333333,13.61666667,23.28333333,14.45,6.551388889,1.384722222
2019-09-27,270,-4.418031518,0.352388124,0.377022875,0.05075276,-4.041008642,0.356024202,0.085337299,29.49124692,2.253127231,1624.763179,4.618530225,0.134614539,4.763707874,0.048412151,7.573964258,41.42796594,0.145177649,3259.6,1635,2,0.002842587,0.001461447,16.48001099,3.454157682,1712.170012,263.4935131,8.981118056,0.0145796,9.202982023,0.014002643,89.44997928,0.156568982,8.707618056,0.077901385,44.08606042,1.164580363,108.25978,0.437807,0.207245198,0.000500765,0.165344671,0.000327298,3.156276919,0.001039375,-7.930964,0.176191,0.663,0.594918725,31.37131187,21.7382,18.86896451,21.51805556,4.601111111,21.51805556,10.93472222,14.00138889,0.001388889,19.78333333,11.45,19.78333333,11.61666667,20.61666667,14.45,2.551388889,2.384722222
2019-09-28,271,-4.264530324,0.35970407,0.427413321,0.052448206,-3.837117004,0.363507678,0.10022518,31.29363887,2.499867971,1716.577466,5.235813178,0.122710742,4.769485273,0.082770878,7.682976634,40.90984831,0.466327905,5765.4,4049,3.4,0.003050147,0.000827263,8.549145502,2.991819665,1626.146969,261.1415123,9.391347222,0.015283155,9.542317347,0.016165326,89.57822367,0.153263486,6.904923611,0.07575027,48.79600375,1.362440885,93.59309,0.185932,0.190158486,0.000224659,0.154024237,0.000152637,3.194793259,0.000587194,-4.490987,0.209599,0.84,0.737828112,16.85324943,32.90373,16.33663325,17.76861111,9.101666667,6.851666667,12.185,13.00138889,22.00138889,16.28333333,11.78333333,16.28333333,11.78333333,21.45,11.95,1.218055556,1.218055556
2019-09-29,272,-4.701966892,0.348660424,0.373559376,0.04120554,-4.328407516,0.351086866,0.079447471,32.96277851,2.397180678,1495.295051,4.576102362,0.110305196,4.387331294,0.032995177,4.732996523,40.41235187,0.188771068,3530.5,2035,2.4,0.003060334,0.0012427,14.36111985,3.898978905,1396.592053,229.1832842,9.871673611,0.012547822,10.11341833,0.011997531,89.32430505,0.10673319,4.942319444,0.022413211,50.6116375,1.00002575,98.168392,0.255097,0.195608396,0.000302777,0.157692471,0.000203318,3.18131247,0.000738975,-5.32633,0.21695,0.633,0.549211988,19.65110475,19.26795,14.48095011,0.851944444,16.10222222,0.518611111,20.68555556,9.001388889,0.001388889,20.61666667,13.11666667,20.61666667,13.11666667,22.61666667,13.61666667,-4.115277778,-4.115277778
2019-09-30,273,-4.630382746,0.391449276,0.40666444,0.057625026,-4.223718306,0.395668016,0.087825232,33.1476272,2.65268332,1529.572417,4.981639389,0.14170166,4.432468558,0.043906565,6.183031312,39.92612952,0.549170831,8403,6873,5.5,0.003256884,0.000527488,6.062422341,3.412831875,1639.562236,281.1545439,9.889868056,0.01625118,10.13269843,0.015296761,89.70256454,0.150837213,5.261458333,0.079381639,49.82527458,1.118065414,98.927903,0.147098,0.196537146,0.000173664,0.15832851,0.000116202,3.178780087,0.000414637,-7.08431,0.164853,0.754,0.695674608,14.27700012,19.16914,19.04715297,6.6025,13.26916667,20.60277778,16.18583333,12.00138889,22.00138889,19.28333333,10.28333333,19.28333333,10.95,22.95,12.61666667,1.718055556,1.051388889
2019-10-01,274,-4.639468431,0.376026462,0.266197356,0.049689599,-4.373271075,0.379295342,0.057376693,33.12990975,2.538932191,1537.656716,3.260917614,0.18666451,4.327457236,0.06007638,5.435339446,39.43901509,1.066539622,6321.6,4784,4.1,0.002120706,0.000684555,8.010218605,2.507807396,1320.66644,208.5122306,9.8956875,0.026834976,10.17596184,0.027804852,89.41501529,0.140231187,5.192479167,0.11747016,51.48445917,1.555412449,97.942486,0.197439,0.195359305,0.00023341,0.157533765,0.000156319,3.181733177,0.000560423,-4.507611,0.166417,0.957,0.956903685,16.41359457,31.81682,20.2604789,22.18638889,14.51972222,22.18638889,11.18638889,15.00138889,4.001388889,17.61666667,11.78333333,19.28333333,11.78333333,23.11666667,12.45,3.218055556,3.218055556
2019-10-02,275,-4.294936338,0.373025007,0.228753964,0.051906954,-4.066182374,0.376619155,0.053261317,30.77178367,2.490950454,1645.570254,2.802236058,0.226911715,4.333652456,0.047319733,6.084159306,38.9511981,1.531416398,2787.9,1142,1.7,0.001702897,0.001554474,17.99713977,4.853054822,1931.700592,328.2127936,10.00325694,0.029274197,10.25429254,0.028799149,89.31725519,0.148326288,4.78675,0.106864313,49.79233792,0.837438124,96.451041,0.24583,0.193570526,0.000291594,0.156324173,0.000195726,3.186277396,0.000709848,-5.976937,0.200466,1.162,1.115532784,17.50536205,13.8334,19.5292035,2.52,14.85333333,2.52,12.68666667,8.001388889,3.001388889,19.11666667,10.28333333,19.11666667,10.28333333,23.78333333,13.61666667,-2.281944444,-2.281944444
2019-10-03,276,-4.776647264,0.385162249,0.333154242,0.054887075,-4.443493022,0.389053401,0.069746461,33.4972269,2.585627585,1497.839821,4.081139459,0.164749742,4.162492638,0.030613928,5.210649636,38.46286991,0.081353179,6200.4,4703,4.1,0.002724684,0.000671324,8.131238836,4.474836042,1420.00835,235.5623396,9.759479167,0.038526041,10.09359288,0.037978132,89.52035714,0.159825351,5.728048611,0.144100707,50.15875833,0.881773229,97.245036,0.26182,0.194510545,0.00030986,0.156954279,0.000207665,3.184008421,0.000747526,-7.736254,0.224779,1.327,1.30704123,22.04154348,14.32745,23.1841965,0.853611111,12.77055556,7.270277778,12.77055556,10.00138889,2.001388889,19.45,9.95,19.61666667,11.61666667,20.61666667,12.61666667,0.051388889,-1.615277778
2019-10-04,277,-4.688632379,0.351177749,0.374267183,0.046404295,-4.314365196,0.354230391,0.079824382,33.82522781,2.446630466,1490.518661,4.584772986,0.123987079,4.038659525,0.035796646,4.669305607,37.97422353,0.546113461,7898.3,6408,5.3,0.003075958,0.000511335,6.280681997,3.996166329,1658.083254,306.1076914,9.64625,0.015387161,9.892606879,0.015016755,89.51621203,0.138330406,6.150895833,0.06118221,50.23698292,0.865839193,94.611407,0.194701,0.191383097,0.00023365,0.154853665,0.00015805,3.191650392,0.000595206,-9.346119,0.241565,0.774,0.676056277,16.62692804,17.09413,16.41798313,23.10444444,11.52083333,3.937222222,11.10416667,15.00138889,20.00138889,19.78333333,11.45,0.283333333,11.45,20.95,11.45,3.551388889,3.551388889
2019-10-05,278,-4.770397526,0.355099132,0.429779848,0.048422159,-4.340617678,0.358385406,0.090093089,33.53798388,2.418526013,1479.113918,5.264803135,0.112667355,3.7247302,0.033808141,3.146434112,37.48545346,1.540072935,4403.9,2925,3,0.00355943,0.000845776,11.1621789,4.948815836,732.342152,118.4184362,9.614194444,0.013977286,9.884518352,0.012294475,89.39829593,0.13872237,6.483222222,0.050214205,50.12170458,0.827494564,93.163783,0.142974,0.189650207,0.000172962,0.153683397,0.000117605,3.19602029,0.000453974,-9.058859,0.249003,0.621,0.547625092,13.7397399,13.93221,15.33872471,0.854444444,15.93805556,22.10472222,15.93805556,21.00138889,22.00138889,18.95,11.61666667,20.11666667,11.61666667,21.61666667,14.95,9.384722222,9.384722222
2019-10-06,279,-4.275613561,0.367770042,0.148369863,0.046438895,-4.127243698,0.370690403,0.03470142,31.34959234,2.485989274,1568.037412,1.817530822,0.312994122,3.883817404,0.03025062,4.032267547,36.99675554,2.066286582,6664,5096,4.2,0.001159112,0.00058281,7.258209887,3.859367138,1837.158346,329.9199091,9.709319444,0.028212649,9.943701842,0.028179305,89.05334598,0.135485261,6.130659722,0.113252117,54.0699875,1.000414786,90.679677,0.225172,0.186606332,0.000274076,0.151597326,0.000187063,3.204379329,0.000735772,-10.97137,0.196229,1.179,1.13923384,20.47285237,18.18104,18.73275746,21.18833333,12.77166667,21.18833333,12.77166667,2.001388889,23.00138889,17.45,11.45,17.61666667,11.45,19.61666667,12.45,-9.448611111,-9.448611111
2019-10-07,280,-4.618862353,0.366831549,0.35865785,0.055591483,-4.260204503,0.371019943,0.07765069,32.98612583,2.536395128,1466.324403,4.393558657,0.15499865,3.710150328,0.029980187,3.564030681,36.50832671,0.683408329,17602.1,16136,12,0.002996307,0.000210778,2.7289353,2.311219688,1744.219087,284.9000982,9.589666667,0.037430378,9.913871565,0.036396267,89.42742887,0.165647517,6.381673611,0.135078328,53.70356708,1.084180497,89.627688,0.213846,0.185320555,0.000261704,0.150717604,0.000179211,3.207879262,0.000716128,-10.794931,0.182242,1.326,1.291046991,19.53952576,17.7858,17.35678649,1.438611111,11.77194444,5.271944444,11.77194444,16.00138889,0.001388889,19.95,9.95,19.95,10.78333333,20.45,13.95,6.051388889,5.218055556
2019-10-08,281,-4.364952311,0.342432347,0.272863454,0.038152441,-4.092088857,0.344551188,0.062512356,31.24460119,2.373839721,1537.388413,3.342577311,0.139822467,3.474450964,0.041481128,2.363590953,36.02036488,0.131873653,13456.3,11919,8.8,0.002174192,0.000258202,3.556595947,3.282330482,1115.871062,192.5664703,9.277743056,0.008946941,9.505996419,0.005085747,88.67531048,0.102460141,6.891944444,0.049847262,51.95792375,0.752063416,89.062223,0.161004,0.184640245,0.000198298,0.150256628,0.000136317,3.209628041,0.000554436,-13.380394,0.192179,0.324,0.252026557,14.50002729,13.63578,16.79854848,1.188888889,12.2725,18.85583333,5.938888889,13.00138889,4.001388889,7.95,12.45,7.95,12.45,20.95,13.11666667,-10.61527778,0.551388889
2019-10-09,282,-4.374614288,0.36063079,0.375640443,0.050855791,-3.998973844,0.364198955,0.085868243,32.72768628,2.549961579,1462.332262,4.601595433,0.135384227,3.935625436,0.050279562,7.230316926,35.53306873,0.665969997,6683.5,5221,4.6,0.003146751,0.000588854,7.034550933,3.16640058,929.6452148,160.5280357,10.0336875,0.017419326,10.22424883,0.020770624,89.3803346,0.148856329,4.672902778,0.057637089,48.79600375,1.267477736,86.432615,0.140419,0.181387664,0.000174861,0.14801511,0.000120982,3.218849153,0.000506983,-14.074653,0.165769,1.145,1.039933921,13.43432467,28.75371,13.96627594,3.606111111,13.02277778,9.106111111,13.02277778,14.00138889,22.00138889,19.28333333,11.45,19.28333333,11.95,23.28333333,12.95,2.551388889,2.051388889
2019-10-10,283,-4.287537681,0.35566731,0.17020181,0.044737695,-4.11733587,0.358469938,0.039696866,31.781782,2.435716943,1479.328079,2.084972178,0.262850877,3.462221675,0.037563569,2.896831664,35.04663752,1.377249497,2505.8,1026,1.7,0.001409405,0.001381673,18.9824014,4.933342084,1599.485956,249.2124461,10.34321528,0.024558264,10.58473485,0.024135717,88.9640733,0.131559311,3.701909722,0.085585772,53.0324825,0.833209009,88.152757,0.18135,0.18351256,0.000223454,0.149478335,0.000153649,3.212851017,0.000625797,-14.159485,0.192395,1.094,1.022798335,16.6037257,19.26795,20.65560939,5.439722222,12.85666667,23.44,11.35666667,1.001388889,21.00138889,17.45,11.61666667,17.45,11.61666667,23.28333333,13.61666667,-10.61527778,-10.61527778
2019-10-11,284,-3.362370056,0.364969892,0.034175164,0.042995599,-3.328194892,0.367493733,0.01016401,24.50497932,2.449446137,1941.093479,0.418645757,1.258094888,3.537202449,0.048608426,4.829436559,34.56127092,3.118556692,11615.4,9674,6,0.000215675,0.000304527,4.133582168,2.361969169,1897.592027,312.1819912,10.37202083,0.030895773,10.60515925,0.031203176,88.72791523,0.118100803,3.429986111,0.108280137,60.2456125,1.358832763,89.668535,0.47399,0.185236331,0.000572697,0.150603074,0.00038894,3.209386116,0.001503339,-15.806042,0.138431,1.229,1.166578666,42.70727485,26.97513,24.92237619,8.440277778,11.85694444,3.606944444,12.77361111,13.00138889,23.00138889,17.78333333,12.28333333,17.78333333,12.28333333,20.11666667,13.11666667,0.718055556,0.718055556
2019-10-12,285,-4.159635118,0.358676559,0.043715363,0.040871356,-4.115919755,0.360997704,0.010509422,30.20459176,2.442271236,1589.601256,0.535513192,0.934942634,3.342836807,0.032847367,3.393361566,34.07716884,2.807323615,3135.6,1546,2,0.000336885,0.001066101,15.51904944,3.887988613,1873.050237,311.4013326,10.18857639,0.036264721,10.49422199,0.037271217,88.77527971,0.114815568,3.842152778,0.129965217,68.5456525,0.997954238,91.656427,0.369347,0.18773571,0.000443267,0.152342312,0.000299784,3.199524143,0.152829464,-15.956553,0.20522,1.336,1.288327676,37.73713001,15.61198,27.01358217,7.273888889,11.69055556,4.773888889,11.85722222,7.001388889,9.001388889,18.11666667,11.95,18.11666667,12.28333333,22.45,13.11666667,-4.948611111,-5.281944444
2019-10-13,286,-4.766467978,0.370449174,0.366140106,0.054090294,-4.400327872,0.374377283,0.076815812,33.96943583,2.565774304,1432.496444,4.485216303,0.147731136,3.071080898,0.037159208,2.434622882,33.59453121,1.414135405,3671.1,2239,2.6,0.003131049,,13.30270872,4.479091012,1693.514533,277.1067776,9.8814375,0.038868571,10.23946475,0.037915821,89.48135816,0.165030891,5.08225,0.142199487,67.92809,0.908085645,92.160922,0.228713,0.188410809,0.000276657,0.152829464,0.047028726,3.202571471,0.000143486,-14.406539,,1.369,1.30059656,21.7496285,17.48937,19.13501241,0.524166667,12.69111111,20.52444444,11.69111111,2.001388889,7.001388889,19.61666667,10.78333333,19.61666667,10.78333333,21.11666667,13.78333333,-8.781944444,-8.781944444
2019-10-14,287,,,,,,,,,,,,,,,,,,,,,,,,,1197.560243,212.0771506,9.680223881,0.022134849,,,89.81213419,0.230447834,5.995761194,0.072116928,68.49977643,1.101625886,91.129461,0.171805,0.187181505,0.0002098,0.152001576,0.002114039,0.152001576,0.000143486,-7.737771,0.23897,,,,,,,,,,,,,,,,,,,
