siteID,eventID,collectDate_UTC,peakMaxVelocity_mPerSec,wettedWidth_m,meanDepth_m,meanQ_lps,meanTemp_c,k600.normClean_mPerDay,K600.normClean_perDay,k600.normCorr_mPerDay,K600.normCorr_perDay,k600.stanClean_mPerDay,K600.stanClean_perDay,k600.stanSaltCorr_mPerDay,K600.stanSaltCorr_perDay,best_k600_mPerDay,best_K600_perDay,best_unpooled_k600_mPerDay,best_unpooled_K600_perDay
BIGC,BIGC.20170620,6/20/17 16:46,0.18556701,4.256666667,0.159109371,125.68,16,2.451972561,15.41061061,4.446974169,27.94916567,1.994399242,12.32932009,NA,NA,1.994399242,12.32932009,2.451972561,15.41061061
BIGC,BIGC.20170627,6/27/17 17:54,0.209302326,4.206666667,0.117426572,103.39,16.8,2.616023656,22.27795303,4.033264355,34.34711825,2.945700999,24.56221229,NA,NA,2.945700999,24.56221229,2.616023656,22.27795303
BIGC,BIGC.20170712,7/12/17 17:39,0.163636364,4.063333333,0.134093519,89.16,16.2,1.4529747,10.83553263,4.230336606,31.54765896,1.33428671,9.565093966,NA,NA,1.33428671,9.565093966,1.4529747,10.83553263
BIGC,BIGC.20170808,8/8/17 17:31,0.136363636,3.900666667,0.112406426,59.79,16.1,2.284242861,20.3212836,2.976792687,26.48240668,2.347490593,20.61911805,NA,NA,2.347490593,20.61911805,2.284242861,20.3212836
BIGC,BIGC.20170905,9/5/17 17:59,0.079646018,3.745,0.091325323,27.24,17.5,1.913361491,20.95105091,3.734358093,40.89071871,1.776286166,19.32702451,NA,NA,1.776286166,19.32702451,1.913361491,20.95105091
BIGC,BIGC.20171003,10/3/17 17:08,0.101694915,3.953333333,0.103150506,41.47,10.2,4.465282078,43.28899829,-17.23909072,-167.125605,4.12860604,39.90892239,NA,NA,4.12860604,39.90892239,4.465282078,43.28899829
BIGC,BIGC.20180227,2/27/18 18:42,0.097297297,4.186666667,0.098268976,40.03,4,0.333293768,3.391647916,-19.24371011,-195.826912,0.670392296,6.18609056,NA,NA,0.670392296,6.18609056,0.333293768,3.391647916
BIGC,BIGC.20180409,4/9/18 19:35,0.240641711,4.2,0.175967989,177.85,11.6,1.338234483,7.604988219,9.878916157,56.14041629,1.697681596,9.379747618,NA,NA,1.697681596,9.379747618,1.338234483,7.604988219
BIGC,BIGC.20180620,6/20/18 18:33,0.081447964,3.956666667,0.187735187,60.5,16.7,3.33563279,17.76775491,-21.46201466,-114.3206823,3.24843423,17.35650225,NA,NA,3.24843423,17.35650225,3.33563279,17.76775491
BIGC,BIGC.20181023,10/23/18 17:00,0.04137931,3.836666667,0.115326021,18.309,9.9,2.55949422,22.19355352,0.533567729,4.626603125,2.399735219,20.80938461,NA,NA,2.399735219,20.80938461,2.55949422,22.19355352
BIGC,BIGC.20181217,12/17/18 19:13,0.070038911,3.891666667,0.178194004,48.57,7.8,1.350520183,7.578931683,-2.491189932,-13.98021188,1.585208718,9.032167683,NA,NA,1.585208718,9.032167683,1.350520183,7.578931683
BIGC,BIGC.20190508,5/8/19 17:30,0.243243243,4.105666667,0.195919461,195.66,12.7,2.588598506,13.21256445,28.13240834,143.5916993,2.493528353,12.95839331,NA,NA,2.493528353,12.95839331,2.588598506,13.21256445
BIGC,BIGC.20190619,6/19/19 18:46,0.202247191,4.018,0.174310741,141.65,17.9,1.452946075,8.335378914,4.557639993,26.14663885,1.49258539,8.42571221,NA,NA,1.49258539,8.42571221,1.452946075,8.335378914
BIGC,BIGC.20190813,8/13/19 17:09,0.117647059,3.891666667,0.149101285,68.265,17.2,0.815539685,5.469702594,5.842845986,39.18709343,1.257959306,8.309975245,NA,NA,1.257959306,8.309975245,0.815539685,5.469702594
BIGC,BIGC.20190909,9/9/19 18:58,0.074074074,3.945666667,0.171292726,50.064,16,2.644010023,15.43562348,3.235522537,18.88884959,2.804088026,16.4048932,NA,NA,2.804088026,16.4048932,2.644010023,15.43562348
BIGC,BIGC.20191118,11/18/19 19:24,0.06870229,3.994,0.138777054,38.08,10.3,2.160472087,15.5679345,6.386422943,46.01930045,2.197532616,15.84960055,NA,NA,2.197532616,15.84960055,2.160472087,15.5679345
BIGC,BIGC.20191211,12/11/19 16:49,0.15,4.026,0.150587846,90.94,6.6,3.818567357,25.35773941,11.128877,73.90288986,3.517051297,23.26773796,NA,NA,3.517051297,23.26773796,3.818567357,25.35773941
BIGC,BIGC.20200226,2/26/20 18:26,0.094736842,3.885,0.141990562,52.26,8.3,2.297012801,16.1772217,4.628463429,32.59697943,2.06601493,14.5084909,NA,NA,2.06601493,14.5084909,2.297012801,16.1772217
BIGC,BIGC.20201104,11/4/20 17:47,0.047244094,3.404,0.10073443,16.2,10.2,1.172333826,11.63786628,2.340135395,23.23074042,1.080086742,10.67656942,NA,NA,1.080086742,10.67656942,1.172333826,11.63786628
BIGC,BIGC.20210224,2/24/21 18:37,0.071146245,3.644666667,0.160274983,41.56,6.5,2.65802548,16.58415699,3.344575114,20.86773027,2.261981796,14.21553869,NA,NA,2.261981796,14.21553869,2.65802548,16.58415699
BIGC,BIGC.20210408,4/8/21 18:13,0.072874494,3.831666667,0.110374656,30.82,12,2.20305576,19.95979729,2.024111608,18.33855417,2.470322813,22.30509606,NA,NA,2.470322813,22.30509606,2.20305576,19.95979729
BIGC,BIGC.20220223,2/23/22 18:38,0.076156584,3.576666667,0.146850041,40,3.7,0.929401492,6.328915444,-1.701560159,-11.58705948,1.050874141,7.161805868,NA,NA,1.050874141,7.161805868,0.929401492,6.328915444
BLDE,BLDE.20180626,6/26/18 16:08,0.650877193,3.904333333,0.281264096,714.76,11.7,21.90222273,77.8706668,23.37293749,83.09961276,23.35615291,83.06169588,NA,NA,23.35615291,83.06169588,21.90222273,77.8706668
BLDE,BLDE.20180815,8/15/18 15:03,0.234810127,3.145,0.124770161,92.14,13.1,1.684827203,13.50344657,1.139752882,9.134819355,1.735272144,13.99421448,NA,NA,1.735272144,13.99421448,1.684827203,13.50344657
BLDE,BLDE.20180829,8/29/18 15:43,0.229721362,3.305333333,0.134754689,102.32,9.1,5.297349618,39.31105974,-61.68599895,-457.76514,5.933005235,44.07617781,NA,NA,5.933005235,44.07617781,5.297349618,39.31105974
BLDE,BLDE.20190423,4/23/19 15:58,0.527536232,3.295,0.21489653,373.54,3.5,9.684044404,45.06375422,30.18234171,140.4505774,9.381646512,43.7688306,NA,NA,9.381646512,43.7688306,9.684044404,45.06375422
BLDE,BLDE.20190606,6/6/19 15:43,0.859504132,4.776666667,0.303782812,1247.2,8.3,8.656692871,28.49632216,12.36062704,40.68902705,5.154049712,17.65696507,NA,NA,5.154049712,17.65696507,8.656692871,28.49632216
BLDE,BLDE.20190709,7/9/19 14:38,0.408988764,3.756666667,0.159870145,245.63,10.6,2.144689609,13.41519771,3.148732974,19.69556584,1.914628714,12.05264394,NA,NA,1.914628714,12.05264394,2.144689609,13.41519771
BLDE,BLDE.20190801,8/1/19 15:35,0.277862595,2.892,0.144901813,116.44,15.5,3.176493581,21.92169656,3.092548357,21.34237169,3.257541327,22.53340951,NA,NA,3.257541327,22.53340951,3.176493581,21.92169656
BLDE,BLDE.20190820,8/20/19 15:16,0.204494382,3.043333333,0.115273762,71.74,13.8,3.916943573,33.97948928,3.333015513,28.91391279,3.961599077,34.34252639,NA,NA,3.961599077,34.34252639,3.916943573,33.97948928
BLDE,BLDE.20200817,8/17/20 14:57,0.187628866,2.953333333,0.129716717,71.88,13.8,3.720856947,28.68448294,3.687082004,28.4241083,3.50742829,27.13233603,NA,NA,3.50742829,27.13233603,3.720856947,28.68448294
BLDE,BLDE.20200910,9/10/20 15:55,0.183375315,3.112333333,0.113758795,64.925,7,3.458949977,30.4060006,3.304702038,29.05007959,3.204524841,28.1989065,NA,NA,3.204524841,28.1989065,3.458949977,30.4060006
BLDE,BLDE.20201019,10/19/20 15:12,0.185714286,3.03,0.108154354,60.86,4.1,3.933038983,36.36505458,3.572220185,33.02890782,3.894224102,36.01447767,NA,NA,3.894224102,36.01447767,3.933038983,36.36505458
CARI,CARI.20170720,7/20/17 20:23,0.290283749,2.576666667,0.242912611,181.69,6.9,7.523961245,30.97394247,3.173251591,13.06334642,7.876795369,32.47561926,NA,NA,7.876795369,32.47561926,7.523961245,30.97394247
CARI,CARI.20170915,9/15/17 18:31,0.302508961,2.956666667,0.216733077,193.85,2.7,4.737871924,21.86040077,9.818384188,45.30173392,4.495442528,20.54459436,NA,NA,4.495442528,20.54459436,4.737871924,21.86040077
CARI,CARI.20170921,9/21/17 18:31,0.28634436,2.92,0.243767225,203.82,2.2,6.55443794,26.88810174,-1.936285242,-7.943173017,6.110197237,24.97977311,NA,NA,6.110197237,24.97977311,6.55443794,26.88810174
CARI,CARI.20180525,5/25/18 20:53,0.59020979,3.77,0.452570273,1007.01,3.5,10.86105587,23.99860644,88.91323398,196.4628242,14.41855505,31.37404165,NA,NA,14.41855505,31.37404165,10.86105587,23.99860644
CARI,CARI.20180620,6/20/18 20:41,0.394853801,3.386333333,0.252446591,337.548,6.1,38.58992264,152.8637107,89.02920722,352.6655159,35.58603481,140.9391408,NA,NA,35.58603481,140.9391408,38.58992264,152.8637107
CARI,CARI.20180628,6/28/18 20:42,0.432820513,3.28,0.315964917,448.56,5.1,21.95674022,69.49107009,25.74030743,81.46571348,20.36844559,64.35591787,NA,NA,20.36844559,64.35591787,21.95674022,69.49107009
CARI,CARI.20180719,7/19/18 18:51,0.398113208,3.074333333,0.302315641,370.014,5.7,7.434892491,24.59314532,10.35716639,34.25944603,6.437050847,21.00793691,NA,NA,6.437050847,21.00793691,7.434892491,24.59314532
CARI,CARI.20190530,5/30/19 18:37,0.372626932,2.885333333,0.221112735,237.73,4.8,9.779624143,44.22913104,20.97395598,94.85639061,10.58741939,47.7468489,NA,NA,10.58741939,47.7468489,9.779624143,44.22913104
CARI,CARI.20190809,8/9/19 18:50,0.493567251,2.78,0.44777524,614.4,4.4,7.920744425,17.68910767,10.84296305,24.21519122,6.74039638,15.05518467,NA,NA,6.74039638,15.05518467,7.920744425,17.68910767
CARI,CARI.20190913,9/13/19 20:46,0.358006363,1.78,0.541575963,345.12,4.6,13.02496905,24.05012399,13.38729931,24.71915342,11.78594173,22.63925951,NA,NA,11.78594173,22.63925951,13.02496905,24.05012399
CARI,CARI.20200729,7/29/20 19:00,0.53081761,3.21,0.540874895,921.61,4.5,0,0,86.3524496,159.6532774,3.360410209,6.103585636,NA,NA,3.360410209,6.103585636,0,0
CARI,CARI.20210521,5/21/21 20:02,0.442463958,3.026666667,0.306155004,410,2.6,4.632195134,15.13022837,6.044643799,19.7437367,3.890576388,12.13237786,NA,NA,3.890576388,12.13237786,4.632195134,15.13022837
CARI,CARI.20210702,7/2/21 21:22,0.346730572,2.716666667,0.222941442,210,7.7,5.346849472,23.9832013,3.594130201,16.12140917,5.043571362,22.54678449,NA,NA,5.043571362,22.54678449,5.346849472,23.9832013
CARI,CARI.20210806,8/6/21 19:46,0.367755991,2.826666667,0.230874989,240,5.4,4.62152005,20.01741321,6.288104729,27.23597199,3.802031365,16.04912862,NA,NA,3.802031365,16.04912862,4.62152005,20.01741321
CARI,CARI.20210811,8/11/21 19:48,0.443626807,3.13,0.24485941,340,5.2,2.549877692,10.41363979,-59.19521917,-241.7518658,3.560622579,13.67463211,NA,NA,3.560622579,13.67463211,2.549877692,10.41363979
CARI,CARI.20210818,8/18/21 19:43,0.660665362,2.776666667,0.56147696,1030,3,9.904194424,17.63953843,-223.7021508,-398.4173289,8.727801501,15.54555758,NA,NA,8.727801501,15.54555758,9.904194424,17.63953843
COMO,COMO.20170620,6/20/17 17:10,0.287197232,2.976,0.294770453,251.94,8.8,200.6958601,680.8547405,70.76137689,240.055868,200.1837086,681.9117775,72.85915865,253.7069805,72.85915865,253.7069805,70.76137689,240.055868
COMO,COMO.20170627,6/27/17 16:27,0.276666667,2.383333333,0.28749347,189.57,8.7,165.4523725,575.4995836,105.0382568,365.3587562,156.9333229,561.6070051,94.82986896,339.3681626,94.82986896,339.3681626,105.0382568,365.3587562
COMO,COMO.20170706,7/6/17 16:45,0.218421053,2.268333333,0.212533307,105.3,10.36,89.88905006,422.9410024,66.40032488,312.4231477,89.71074424,431.0721534,64.64434557,307.9912723,64.64434557,307.9912723,66.40032488,312.4231477
COMO,COMO.20170717,7/17/17 18:00,0.145614035,2.073333333,0.117188626,35.38,10.2,29.64815439,252.9951535,20.81204031,177.594371,28.81120305,249.2395305,18.83891179,160.7243667,18.83891179,160.7243667,20.81204031,177.594371
COMO,COMO.20170725,7/25/17 16:04,0.116901408,1.903333333,0.083055304,18.48,9.6,16.68480746,200.8879235,11.96911889,144.11023,17.40266391,208.0521729,12.19507101,144.8917576,12.19507101,144.8917576,11.96911889,144.11023
COMO,COMO.20170802,8/2/17 16:02,0.096511628,1.833333333,0.057421249,10.16,8.8,9.686473696,168.6914501,7.250806364,126.2739236,9.983461672,168.3190573,7.242939195,122.2507606,7.242939195,122.2507606,7.250806364,126.2739236
COMO,COMO.20170808,8/8/17 16:40,0.138333333,1.97,0.131441502,35.82,8.1,32.2852014,245.6241058,20.91841429,159.1461903,31.53102527,248.0814052,20.50848245,159.5620994,20.50848245,159.5620994,20.91841429,159.1461903
COMO,COMO.20170822,8/22/17 16:07,0.054605263,1.633333333,0.058751906,5.24,7.9,6.537585952,111.2744495,5.990987782,101.9709527,6.572049986,115.1063237,5.927158464,101.8191297,5.927158464,101.8191297,5.990987782,101.9709527
COMO,COMO.20171019,10/19/17 16:04,0.045108696,1.646666667,0.037022584,2.75,1.4,4.384919785,118.4390521,3.921293608,105.9162586,4.284742565,113.2036014,4.006055913,107.323271,4.006055913,107.323271,3.921293608,105.9162586
COMO,COMO.20180619,6/19/18 16:15,0.248,2.146666667,0.248509818,132.3,8.1,127.9020899,514.6762053,105.1590377,423.1584841,116.1515544,485.552709,91.86383363,377.3355014,91.86383363,377.3355014,105.1590377,423.1584841
COMO,COMO.20180712,7/12/18 16:02,0.079047619,1.636666667,0.060367335,7.81,9.6,8.753728973,145.0077096,7.989311827,132.3449484,8.608381437,142.9719929,7.981113467,131.4846402,7.981113467,131.4846402,7.989311827,132.3449484
COMO,COMO.20200812,8/12/20 16:09,0.045604396,1.818,0.0406712,3.372,10.3,5.432756814,133.5774912,5.671880599,139.4569289,5.40024052,131.0360558,5.509672416,135.0209418,5.509672416,135.0209418,5.671880599,139.4569289
COMO,COMO.20200825,8/25/20 15:04,0.03952381,1.423333333,0.043195734,2.43,10.2,5.239259456,121.2911323,4.138824487,95.81558472,5.216963971,120.6817142,4.189679342,97.43490852,4.189679342,97.43490852,4.138824487,95.81558472
COMO,COMO.20201015,10/15/20 15:36,0.020493827,1.29,0.040851779,1.08,0.9,2.882682953,70.56444072,2.632691942,64.44497627,2.798411237,71.06952393,2.663050753,66.58343062,2.663050753,66.58343062,2.632691942,64.44497627
COMO,COMO.20210715,7/15/21 17:03,0.153136531,1.785,0.071063076,19.425,10.2,20.88256977,293.8596384,17.85921584,251.314985,20.90332157,276.9265034,17.88725592,243.5910552,17.88725592,243.5910552,17.85921584,251.314985
COMO,COMO.20210726,7/26/21 16:23,0.10479798,1.981666667,0.061345952,12.74,10.5,12.75643537,207.9425762,12.46504735,203.1926618,14.17356116,222.1868274,14.01479642,224.6271493,14.01479642,224.6271493,12.46504735,203.1926618
COMO,COMO.20210823,8/23/21 15:26,0.053444945,1.506666667,0.079603876,6.41,7.8,10.80723582,135.762684,10.07766093,126.5976166,10.82761186,140.8037646,10.38158076,132.6638689,10.38158076,132.6638689,10.07766093,126.5976166
CUPE,CUPE.20170609,6/9/17 12:19,0.149659864,4.53,0.082925346,56.22,24.2,8.615698632,103.8970477,7.955194047,95.93199704,8.161558953,100.3088524,7.139096592,88.3137405,7.139096592,88.3137405,7.955194047,95.93199704
CUPE,CUPE.20170823,8/23/17 11:38,0.239090909,5.33,0.093459077,119.1,23.7,9.59283032,102.64204,9.351934608,100.0644871,10.15574942,105.0094092,9.597094121,101.9650807,9.597094121,101.9650807,9.351934608,100.0644871
CUPE,CUPE.20170911,9/11/17 12:24,0.305813953,5.626666667,0.115632287,198.97,24.4,14.58527538,126.1349728,13.00041147,112.4289055,15.34674655,129.7465474,13.39271655,115.3807094,13.39271655,115.3807094,13.00041147,112.4289055
CUPE,CUPE.20171103,11/3/17 12:00,0.417460317,5.6,0.133896388,313.02,22.5,20.75486637,155.0069175,16.24344068,121.313509,21.05595244,151.2108793,15.82105436,111.5786022,15.82105436,111.5786022,16.24344068,121.313509
CUPE,CUPE.20171215,12/15/17 12:19,0.196268657,4.62,0.095615031,86.7,22.2,8.477236145,88.6600784,5.759979505,60.24136002,8.659659034,89.94999075,6.110377543,59.6084882,6.110377543,59.6084882,5.759979505,60.24136002
CUPE,CUPE.20180308,3/8/18 12:04,0.166455696,4.177666667,0.054645091,38,22,5.784251245,105.851251,4.059308196,74.28495628,5.679369425,102.9819638,4.218820965,74.5530796,4.218820965,74.5530796,4.059308196,74.28495628
CUPE,CUPE.20180405,4/5/18 12:19,0.144505495,4.555,0.08969611,59.04,22.7,8.640449107,96.33025453,6.904774787,76.9796459,8.415104261,95.73411912,6.702661797,76.00641705,6.702661797,76.00641705,6.904774787,76.9796459
CUPE,CUPE.20180503,5/3/18 11:46,0.174172185,4.141,0.067589881,48.749,23.2,8.197587387,121.2842406,6.214944041,91.95080608,7.938446703,118.9864581,6.094407075,90.88753363,6.094407075,90.88753363,6.214944041,91.95080608
CUPE,CUPE.20180905,9/5/18 12:14,0.149431818,5.039333333,0.116634415,87.83,24.1,9.248023132,79.29068905,7.361994876,63.12026237,9.282838855,80.88684071,7.399462671,63.79284638,7.399462671,63.79284638,7.361994876,63.12026237
CUPE,CUPE.20190319,3/19/19 11:51,0.126442308,4.506666667,0.059508628,33.91,21.8,5.92053709,99.4903981,2.965468421,49.83257926,5.899046245,99.9308986,3.061878192,47.30926601,3.061878192,47.30926601,2.965468421,49.83257926
CUPE,CUPE.20190422,4/22/19 11:39,0.103137255,4.476666667,0.064109352,29.6,22.7,5.660699366,88.29756018,4.258373946,66.42359988,5.773101046,91.30930107,4.395233023,69.09219921,4.395233023,69.09219921,4.258373946,66.42359988
CUPE,CUPE.20190509,5/9/19 12:00,0.085113269,4.126666667,0.076174269,26.755,23.7,7.928904847,104.0890179,6.405110779,84.08496548,7.41053765,99.29992131,5.957962338,80.11586626,5.957962338,80.11586626,6.405110779,84.08496548
CUPE,CUPE.20190801,8/1/19 11:57,0.13626943,4.27,0.060357076,35.12,25,7.569530377,125.4124765,6.111295481,101.252345,7.406539936,124.4288732,5.876248755,98.8329331,5.876248755,98.8329331,6.111295481,101.252345
CUPE,CUPE.20190911,9/11/19 11:30,0.213821138,5.39,0.091965617,105.99,24.5,12.40008257,134.8338975,10.79202369,117.3484618,11.65989725,127.0162278,9.921037581,108.9673656,9.921037581,108.9673656,10.79202369,117.3484618
CUPE,CUPE.20200728,7/28/20 12:16,0.2232,5.306666667,0.047296293,56.02,24.4,7.239887894,153.0751658,6.049715404,127.9109846,7.217944347,149.7622736,5.85952105,120.7777734,5.85952105,120.7777734,6.049715404,127.9109846
CUPE,CUPE.20200819,8/19/20 12:26,0.219685039,5.2,0.038718018,44.23,24.7,6.059573208,156.5052531,5.288945889,136.6016692,5.910663178,148.8387071,5.138763131,129.8567326,5.138763131,129.8567326,5.288945889,136.6016692
CUPE,CUPE.20200916,9/16/20 11:41,0.306593407,5.465,0.036603279,61.33,24,6.663184522,182.0379131,6.533923317,178.5065026,6.687850536,172.7875725,6.305134857,166.3798468,6.305134857,166.3798468,6.533923317,178.5065026
CUPE,CUPE.20201222,12/22/20 12:30,0.188513514,4.559333333,0.029400953,25.27,22.3,4.147797265,141.0769666,3.405939976,115.8445434,4.03942745,133.5095427,3.337778024,109.6481557,3.337778024,109.6481557,3.405939976,115.8445434
CUPE,CUPE.20210310,3/10/21 12:03,0.124553571,4.858,0.047679547,28.85,22.2,6.130529843,128.5777703,5.145934628,107.9275067,6.159563798,129.8610271,5.184281715,109.456783,5.184281715,109.456783,5.145934628,107.9275067
CUPE,CUPE.20210518,5/18/21 11:58,0.129767442,3.986666667,0.033846244,17.51,23.9,4.602885875,135.9939931,3.685593066,108.8922324,4.378770981,129.6553227,3.514578583,103.9544261,3.514578583,103.9544261,3.685593066,108.8922324
CUPE,CUPE.20210817,8/17/21 11:39,0.228688525,4.849666667,0.07574862,84.01,24.4,12.36187015,163.1959784,10.39685774,137.2547478,12.85490267,171.8677129,10.6230322,142.8832592,10.6230322,142.8832592,10.39685774,137.2547478
CUPE,CUPE.20210916,9/16/21 13:23,0.199285714,4.475,0.03522076,31.41,25.1,4.686608713,133.0638156,4.044149807,114.8229001,5.126608415,143.0789501,4.4267228,123.6910679,4.4267228,123.6910679,4.044149807,114.8229001
CUPE,CUPE.20211006,10/6/21 12:06,0.172222222,4.64,0.044549499,35.6,24.3,5.843962317,131.1790805,5.196725004,116.6505824,5.777145479,128.7487941,5.130519493,114.7740044,5.130519493,114.7740044,5.196725004,116.6505824
CUPE,CUPE.20211101,11/1/21 12:01,0.192413793,4.452333333,0.030372701,26.02,23.6,5.017511813,165.1980775,4.286054592,141.1153586,5.249776092,171.5499664,4.53940657,148.7199583,4.53940657,148.7199583,4.286054592,141.1153586
CUPE,CUPE.20220309,3/9/22 12:04,0.137438424,5.233333333,0.06688809,48.11,21.7,5.134469126,76.76208315,5.008520462,74.87910721,5.328368366,78.02162961,5.169212516,76.50104324,5.169212516,76.50104324,5.008520462,74.87910721
CUPE,CUPE.20220411,4/11/22 13:41,0.236440678,4.313666667,0.019344536,19.73,23.2,3.443230951,177.9950137,3.313777502,171.3030234,3.911131608,197.3371009,3.724750231,190.1173915,3.724750231,190.1173915,3.313777502,171.3030234
GUIL,GUIL.20161104,11/4/16 11:20,0.175776398,5.813636364,0.356894001,364.71,21.2,15.82475642,44.34021408,15.52279612,43.49413571,15.62441037,44.08584233,12.76549152,35.99741608,12.76549152,35.99741608,15.52279612,43.49413571
GUIL,GUIL.20170313,3/13/17 12:05,0.109958506,5.575666667,0.16772361,102.83,20.5,6.302211379,37.57498044,4.812753444,28.69454953,5.986398051,35.58962891,4.654574116,27.6236765,4.654574116,27.6236765,4.812753444,28.69454953
GUIL,GUIL.20170607,6/7/17 11:39,0.118257261,4.78,0.202487411,114.46,22.7,6.436765001,31.78847006,6.325652061,31.23973007,6.484812396,32.19863288,5.872366272,29.10603674,5.872366272,29.10603674,6.325652061,31.23973007
GUIL,GUIL.20171024,10/24/17 12:00,0.174846626,7.926666667,0.268025364,371.47,22.2,9.118631519,34.02152461,4.03254461,15.04538432,8.497199821,31.61340122,4.135992203,15.50129049,4.135992203,15.50129049,4.03254461,15.04538432
GUIL,GUIL.20180313,3/13/18 12:36,0.098492462,6.905,0.138349244,94.09,22.3,6.70713672,48.47974966,5.072340609,36.66330555,6.917303378,49.68740067,5.293806037,38.07350948,5.293806037,38.07350948,5.072340609,36.66330555
GUIL,GUIL.20180402,4/2/18 12:00,0.098492462,6.687,0.228113641,150.24,21.8,6.955495253,30.49136044,5.764078906,25.26845338,6.092016121,26.98469671,4.879265304,21.67162399,4.879265304,21.67162399,5.764078906,25.26845338
GUIL,GUIL.20180814,8/14/18 11:59,0.058160237,5.718333333,0.242077368,80.51,25.3,4.915176659,20.30415608,3.262496809,13.47708313,5.044079049,21.16359324,3.562130229,15.03327459,3.562130229,15.03327459,3.262496809,13.47708313
GUIL,GUIL.20180913,9/13/18 11:28,0.1225,6.046666667,0.205827689,152.46,23.5,9.650801302,46.88776972,4.944097806,24.02056701,10.26514531,49.67253172,4.172733103,20.38260345,4.172733103,20.38260345,4.944097806,24.02056701
GUIL,GUIL.20190411,4/11/19 12:49,0.071532847,5.11,0.172515276,63.06,23.8,8.007358592,46.41535967,5.543764198,32.13491768,8.775987818,50.87953179,5.935636455,34.45179554,5.935636455,34.45179554,5.543764198,32.13491768
GUIL,GUIL.20191010,10/10/19 11:35,0.138028169,5.613333333,0.32892439,254.85,21.7,21.48016868,65.3042745,14.61348468,44.42809687,21.75527969,66.46351677,13.36355171,40.75405676,13.36355171,40.75405676,14.61348468,44.42809687
GUIL,GUIL.20200812,8/12/20 12:32,0.112643678,5.656666667,0.282020492,179.7,23.2,24.81004191,87.97247925,21.7061844,76.96669212,26.69267449,94.55999362,22.351335,79.31634873,22.351335,79.31634873,21.7061844,76.96669212
GUIL,GUIL.20210303,3/3/21 12:51,0.076264591,5.084666667,0.17027695,66.03,20.9,13.09446874,76.90100604,11.49034869,67.48035305,12.7220618,74.67250261,10.98945362,64.51696988,10.98945362,64.51696988,11.49034869,67.48035305
GUIL,GUIL.20210825,8/25/21 13:10,0.091588785,4.308333333,0.20659156,81.52,24.1,5.767310679,27.91648733,5.645525932,27.32699206,6.980264703,34.05418286,6.918653124,33.6490484,6.918653124,33.6490484,5.645525932,27.32699206
GUIL,GUIL.20211118,11/18/21 13:24,0.138028169,5.096666667,0.322921544,227.17,21.5,22.23107045,68.84356545,15.7598208,48.8038692,22.50151686,69.73294745,18.05198531,55.91591339,18.05198531,55.91591339,15.7598208,48.8038692
GUIL,GUIL.20220322,3/22/22 13:18,0.089908257,4.881666667,0.202869824,89.04,20.7,18.54999036,91.43789848,17.59051734,86.70839751,17.34839243,85.42068909,16.87519878,83.13190521,16.87519878,83.13190521,17.59051734,86.70839751
HOPB,HOPB.20160414,4/14/16 10:30,0.330097087,5.936666667,0.143089953,280.41,7.4,20.09294987,140.4218077,59.04068321,412.6123601,20.46228462,141.8973143,NA,NA,20.46228462,141.8973143,20.09294987,140.4218077
HOPB,HOPB.20170607,6/7/17 13:00,0.702083333,6.52,0.190041325,869.93,14.1,35.22376749,185.3479368,-49.99802684,-263.0902875,40.24344506,209.4049941,NA,NA,40.24344506,209.4049941,35.22376749,185.3479368
HOPB,HOPB.20170621,6/21/17 09:36,0.298230088,6.47,0.083029779,160.21,18.8,6.937412602,83.55330684,7.451355271,89.74316637,7.39372086,87.39040207,NA,NA,7.39372086,87.39040207,6.937412602,83.55330684
HOPB,HOPB.20170818,8/18/17 20:15,0.127651515,4.383333333,0.032526768,18.2,18.3,1.536889295,47.24998486,1.531858548,47.09532001,1.578791393,47.1698808,NA,NA,1.578791393,47.1698808,1.536889295,47.24998486
HOPB,HOPB.20171116,11/16/17 15:00,0.237323944,5.156666667,0.083404119,102.07,4.8,6.326792761,75.85707801,6.480871612,77.704455,6.645507728,77.96400771,NA,NA,6.645507728,77.96400771,6.326792761,75.85707801
HOPB,HOPB.20190618,6/18/19 13:30,0.242727273,5.49,0.105465163,140.54,15.9,10.24873843,97.17652865,10.08269287,95.60211714,9.987768808,94.21492737,NA,NA,9.987768808,94.21492737,10.24873843,97.17652865
HOPB,HOPB.20190729,7/29/19 16:52,0.11695138,4.621666667,0.081793077,44.21,23,5.298335175,64.77730598,5.060743641,61.87251814,5.184896615,63.26072689,NA,NA,5.184896615,63.26072689,5.298335175,64.77730598
HOPB,HOPB.20190916,9/16/19 13:54,0.031541642,3.696666667,0.118182896,13.78,16,3.601558945,30.47445161,3.563004923,30.14822825,3.456922789,29.50852451,NA,NA,3.456922789,29.50852451,3.601558945,30.47445161
HOPB,HOPB.20191015,10/15/19 14:51,0.034961372,3.55,0.086614707,10.75,10.6,2.908759644,33.58274529,2.728739686,31.50434587,2.754315608,32.04993621,NA,NA,2.754315608,32.04993621,2.908759644,33.58274529
HOPB,HOPB.20191106,11/6/19 14:46,0.118930958,4.886666667,0.105183293,61.13,6.3,5.194431549,49.3845686,2.757436139,26.21553348,4.5658084,45.33115054,NA,NA,4.5658084,45.33115054,5.194431549,49.3845686
HOPB,HOPB.20200909,9/9/20 14:56,0.031785714,3.53,0.046656269,5.235,19.4,1.928454369,41.33323154,1.848051165,39.60992177,1.869428933,40.01949709,NA,NA,1.869428933,40.01949709,1.928454369,41.33323154
HOPB,HOPB.20200915,9/15/20 13:20,0.030217863,3.478333333,0.044478145,4.675,13.7,1.821470694,40.95203823,1.755786565,39.4752651,1.68993599,37.91905367,NA,NA,1.68993599,37.91905367,1.821470694,40.95203823
HOPB,HOPB.20201014,10/14/20 17:02,0.125548589,5.496666667,0.133792447,92.33,11.5,12.42704747,92.88302703,11.23055438,83.94012245,12.72426886,95.29140805,NA,NA,12.72426886,95.29140805,12.42704747,92.88302703
HOPB,HOPB.20201021,10/21/20 13:22,0.071010638,4.316666667,0.062016919,19.01,13.5,3.866992953,62.35383852,2.772826322,44.71080419,3.612893891,57.93077074,NA,NA,3.612893891,57.93077074,3.866992953,62.35383852
HOPB,HOPB.20201112,11/12/20 15:50,0.064213564,4.39,0.127883341,36.05,11.8,4.628129084,36.1902422,4.781473245,37.38933631,4.339934178,35.06483932,NA,NA,4.339934178,35.06483932,4.628129084,36.1902422
HOPB,HOPB.20210428,4/28/21 13:40,0.251886792,5.503333333,0.144681535,200.56,11.8,15.68717873,108.4255758,16.16636719,111.737598,15.08358746,105.0033418,NA,NA,15.08358746,105.0033418,15.68717873,108.4255758
HOPB,HOPB.20210531,5/31/21 15:55,0.423809524,5.72,0.3359967,814.52,10.9,104.9931051,312.4825484,87.05778255,259.1030881,123.5772961,367.5937802,NA,NA,123.5772961,367.5937802,104.9931051,312.4825484
HOPB,HOPB.20210927,9/27/21 15:55,0.125352113,5.35,0.137877035,92.465,14.7,7.975891244,57.84785874,5.535545029,40.14841941,7.756688141,57.61530269,NA,NA,7.756688141,57.61530269,7.975891244,57.84785874
HOPB,HOPB.20211109,11/9/21 16:35,0.259223301,5.29,0.132572127,181.795,7.4,12.90214257,97.32168341,10.26547014,77.43309529,12.92421276,98.0386326,NA,NA,12.92421276,98.0386326,12.90214257,97.32168341
KING,KING.20170425,4/25/17 17:25,0.176470588,4.623333333,0.157645278,128.62,14.9,5.857879488,37.15861064,25.34454426,160.769448,2.931176616,12.20334251,NA,NA,2.931176616,12.20334251,5.857879488,37.15861064
KING,KING.20170622,6/22/17 14:49,0.042247191,3.795,0.070075057,11.235,18.1,4.401113872,62.80571255,6.697659091,95.57836127,4.345924289,62.37201187,NA,NA,4.345924289,62.37201187,4.401113872,62.80571255
KING,KING.20190321,3/21/19 14:38,0.291176471,4.721666667,0.101910171,140.11,9.7,13.31998009,130.7031469,54.48308909,534.6187571,7.194376882,50.14719889,NA,NA,7.194376882,50.14719889,13.31998009,130.7031469
KING,KING.20190621,6/21/19 16:14,0.211111111,4.915,0.121606254,126.18,17.9,6.740341334,55.42758805,5.565836284,45.76932613,2.828942847,13.32755507,NA,NA,2.828942847,13.32755507,6.740341334,55.42758805
LECO,LECO.20170410,4/10/17 16:28,0.179738562,7.816666667,0.17581684,247.015,12.1,44.62904972,253.838311,50.04577998,284.6472498,45.7471424,260.0388248,NA,NA,45.7471424,260.0388248,44.62904972,253.838311
LECO,LECO.20170605,6/5/17 15:22,0.152777778,7.406666667,0.123951231,140.26,16.7,24.64455115,198.8245776,24.6758036,199.0767127,25.09460199,201.486968,NA,NA,25.09460199,201.486968,24.64455115,198.8245776
LECO,LECO.20171207,12/7/17 17:18,0.150767544,6.723333333,0.144639163,146.615,7.6,35.1527791,243.0377663,30.67929247,212.1091677,35.62550802,245.7259914,NA,NA,35.62550802,245.7259914,35.1527791,243.0377663
LECO,LECO.20180226,2/26/18 17:15,0.206146927,6.993333333,0.1968624,283.8075,11.02,59.2828784,301.1386552,58.6687379,298.0190118,59.55911096,302.2964634,NA,NA,59.55911096,302.2964634,59.2828784,301.1386552
LECO,LECO.20180618,6/18/18 16:25,0.233050847,6.84,0.188398511,300.32,17.8,57.22727022,303.7564889,54.45652078,289.0496347,58.80387557,311.2535983,NA,NA,58.80387557,311.2535983,57.22727022,303.7564889
LECO,LECO.20190214,2/14/19 16:27,0.213013168,7.46,0.221763783,352.4,6.5,68.64866504,309.5576028,64.80748451,292.2365574,71.2303284,321.1290717,NA,NA,71.2303284,321.1290717,68.64866504,309.5576028
LECO,LECO.20190425,4/25/19 15:20,0.231871838,6.216666667,0.295597565,426.095,13.4,151.4806916,512.4558166,149.1237342,504.4822822,142.1817902,481.4485769,NA,NA,142.1817902,481.4485769,151.4806916,512.4558166
LECO,LECO.20200618,6/18/20 15:39,0.139381652,6.42,0.1509616,135.085,15.2,47.42571845,314.1574974,46.29910653,306.6945934,46.9748785,310.1405139,NA,NA,46.9748785,310.1405139,47.42571845,314.1574974
LECO,LECO.20210628,6/28/21 15:52,0.113636364,6.396666667,0.128024179,93.06,18.4,20.61534955,161.0270006,18.88595923,147.5186904,21.40972034,167.538364,NA,NA,21.40972034,167.538364,20.61534955,161.0270006
LECO,LECO.20210826,8/26/21 15:29,0.144736842,6.96,0.166364159,167.59,18.9,25.14772392,151.1607071,23.35509347,140.3853667,25.66236489,156.0238188,NA,NA,25.66236489,156.0238188,25.14772392,151.1607071
LEWI,LEWI.20160825,8/25/16 08:15,0.099574468,2.888666667,0.092164634,26.51,19,1.894813687,20.55901061,-0.037588184,-0.407837395,1.54500006,16.37356736,NA,NA,1.54500006,16.37356736,1.894813687,20.55901061
LEWI,LEWI.20160920,9/20/16 08:33,0.090697674,3.043,0.083516604,23.05,17.5,1.903630983,22.7934434,1.83516531,21.97365822,1.653085893,19.20720988,NA,NA,1.653085893,19.20720988,1.903630983,22.7934434
LEWI,LEWI.20161011,10/11/16 08:11,0.092125984,3.261666667,0.090414056,27.168,10.4,1.752076896,19.3783685,5.523668907,61.09303297,1.372960856,14.81296697,NA,NA,1.372960856,14.81296697,1.752076896,19.3783685
LEWI,LEWI.20170119,1/19/17 08:21,0.083274021,3.309,0.057375379,15.81,8.5,1.33441363,23.25760037,1.531921378,26.69997849,1.097325234,17.54734881,NA,NA,1.097325234,17.54734881,1.33441363,23.25760037
LEWI,LEWI.20170615,6/15/17 06:46,0.15704698,3.111,0.124740787,60.945,17.1,1.927567349,15.45258282,1.18476478,9.497813858,1.682811091,12.70312284,NA,NA,1.682811091,12.70312284,1.927567349,15.45258282
LEWI,LEWI.20171004,10/4/17 12:14,0.066666667,3.266,0.119641764,26.05,12.9,1.90206259,15.89798187,3.683451921,30.78734222,1.468370743,12.96200438,NA,NA,1.468370743,12.96200438,1.90206259,15.89798187
LEWI,LEWI.20180516,5/16/18 12:20,0.201724138,3.658333333,0.147112201,108.565,16.3,4.900109048,33.30865151,22.7928058,154.9348428,3.425075005,20.08483237,NA,NA,3.425075005,20.08483237,4.900109048,33.30865151
LEWI,LEWI.20190523,5/23/19 12:12,0.26,3.718333333,0.164951902,159.47,14.4,4.791414367,29.04734242,6.069034108,36.7927502,3.195189164,15.83798641,NA,NA,3.195189164,15.83798641,4.791414367,29.04734242
LEWI,LEWI.20190620,6/20/19 12:15,0.135260116,3.448333333,0.218064344,101.71,17.4,3.450301154,15.82239942,7.124380167,32.67099989,2.462544008,12.60288608,NA,NA,2.462544008,12.60288608,3.450301154,15.82239942
LEWI,LEWI.20190918,9/18/19 12:09,0.087313433,2.966,0.118545798,30.7,15.3,4.08182043,34.43243447,3.74810916,31.61739358,3.470407995,29.46095995,NA,NA,3.470407995,29.46095995,4.08182043,34.43243447
LEWI,LEWI.20191010,10/10/19 12:00,0.081818182,3.201,0.098663612,25.84,13.8,1.560522631,15.81659741,0.629380383,6.379052722,1.288955766,13.1721935,NA,NA,1.288955766,13.1721935,1.560522631,15.81659741
LEWI,LEWI.20191205,12/5/19 13:18,0.050649351,3.366666667,0.134002285,22.85,6.7,3.02505839,22.57467769,1.591166868,11.87417715,2.771630168,21.58008481,NA,NA,2.771630168,21.58008481,3.02505839,22.57467769
LEWI,LEWI.20200203,2/3/20 13:09,0.076973684,3.386,0.170316184,44.39,8.9,3.331744286,19.56211214,40.8403615,239.7914314,2.512862252,16.29006623,NA,NA,2.512862252,16.29006623,3.331744286,19.56211214
LEWI,LEWI.20200803,8/3/20 12:16,0.067630058,2.788,0.110048866,20.75,19,0.94617139,8.597738639,2.224996894,20.21826274,0.91222231,9.05695876,NA,NA,0.91222231,9.05695876,0.94617139,8.597738639
LEWI,LEWI.20201005,10/5/20 12:19,0.050649351,3.263333333,0.098223855,16.235,12.7,1.514052833,15.41430883,1.431891623,14.57783983,1.617955136,16.86585839,NA,NA,1.617955136,16.86585839,1.514052833,15.41430883
LEWI,LEWI.20210506,5/6/21 12:04,0.13,2.926333333,0.150753108,57.35,12.6,4.268382934,28.31373084,2.200825675,14.59887427,4.606197708,30.52672986,NA,NA,4.606197708,30.52672986,4.268382934,28.31373084
LEWI,LEWI.20210826,8/26/21 12:08,0.082105263,2.718,0.110480227,24.655,19.1,3.25848578,29.49383681,3.002913255,27.18054934,2.750219185,25.19819282,NA,NA,2.750219185,25.19819282,3.25848578,29.49383681
LEWI,LEWI.20210921,9/21/21 12:00,0.086807018,3.032666667,0.072267853,19.025,16.5,0.687909351,9.518884568,0.894284928,12.3745883,0.934856895,12.4182648,NA,NA,0.934856895,12.4182648,0.687909351,9.518884568
LEWI,LEWI.20211014,10/14/21 12:08,0.080064725,3.033333333,0.06336906,15.39,15.2,1.561830154,24.64657277,0.794114992,12.5315886,2.015562554,31.10313576,NA,NA,2.015562554,31.10313576,1.561830154,24.64657277
LEWI,LEWI.20211216,12/16/21 13:10,0.059614458,3.265,0.080661235,15.7,7.5,2.160433735,26.78403982,1.11899417,13.87276264,2.787813014,34.45409132,NA,NA,2.787813014,34.45409132,2.160433735,26.78403982
LEWI,LEWI.20220216,2/16/22 13:26,0.093007519,3.091333333,0.110567282,31.79,5.6,2.066340307,18.68853314,3.166019737,28.63432735,2.244895771,20.32171895,NA,NA,2.244895771,20.32171895,2.066340307,18.68853314
MART,MART.20170126,1/26/17 10:00,0.318617021,6.82,0.162524246,353.16,4.5,1.153510516,7.097467268,1.632978899,10.04760175,4.009823304,21.5286455,0.393230157,2.151433429,0.393230157,2.151433429,1.632978899,10.04760175
MART,MART.20170725,7/25/17 18:00,0.066660413,3.503333333,0.083285644,19.45,17,2.86992935,34.45887204,1.194058126,14.33690212,3.048281711,36.56708314,1.225027865,14.66440971,1.225027865,14.66440971,1.194058126,14.33690212
MART,MART.20190912,9/12/19 16:07,0.08108,3.46,0.09437621,26.476,13.6,3.554348255,37.6614854,2.10124068,22.26451645,3.827692475,40.54947492,2.276745248,24.23783218,2.276745248,24.23783218,2.10124068,22.26451645
MART,MART.20191118,11/18/19 18:24,0.086883408,4.163333333,0.095652884,34.6,8.2,4.995436816,52.22463356,3.634774231,37.99963032,4.877884464,50.9388066,3.398710594,35.66776436,3.398710594,35.66776436,3.634774231,37.99963032
MART,MART.20200728,7/28/20 18:17,0.060962406,3.45,0.102748046,21.61,16.5,2.183835185,21.2542746,0.314523218,3.06111143,2.569888512,25.08049163,0.45861488,4.605980821,0.45861488,4.605980821,0.314523218,3.06111143
MART,MART.20210309,3/9/21 18:14,0.435393258,5.57,0.207435409,503.06,5.1,11.24878398,54.2278873,6.85272206,33.03544989,8.495221053,40.73054935,0.724976146,3.362170211,0.724976146,3.362170211,6.85272206,33.03544989
MART,MART.20211004,10/4/21 16:59,0.071100917,3.89,0.082543163,22.83,11.2,1.261242851,15.27979793,0.107754296,1.305429696,1.359446182,16.20086538,0.113854446,1.282135987,0.113854446,1.282135987,0.107754296,1.305429696
MAYF,MAYF.20170828,8/28/17 16:47,0.06,4.01,0.458025769,110.201,22.7,8.895997074,19.42248161,2.191563717,4.784804404,9.73675971,21.55387706,NA,NA,9.73675971,21.55387706,8.895997074,19.42248161
MAYF,MAYF.20170919,9/19/17 14:53,0.083766234,4.063333333,0.253009863,86.117,22.2,5.821778901,23.01008677,4.090205776,16.16619102,5.70179439,22.49378855,NA,NA,5.70179439,22.49378855,5.821778901,23.01008677
MAYF,MAYF.20190516,5/16/19 13:51,0.119444444,4.706666667,0.344174847,193.49,20,10.10766921,29.36783237,7.026026091,20.41411844,11.20502977,32.63485828,NA,NA,11.20502977,32.63485828,10.10766921,29.36783237
MAYF,MAYF.20190702,7/2/19 15:06,0.131632653,4.760666667,0.270035139,169.22,23,38.19794397,141.4554569,44.0060955,162.96433,34.25755537,126.8892359,NA,NA,34.25755537,126.8892359,38.19794397,141.4554569
MAYF,MAYF.20201124,11/24/20 15:58,0.105225806,4.436666667,0.274508939,128.155,10.5,4.735972357,17.25252509,4.958885034,18.06456669,4.236707273,14.88179492,NA,NA,4.236707273,14.88179492,4.735972357,17.25252509
MAYF,MAYF.20210429,4/29/21 14:47,0.146936937,4.633333333,0.281915098,191.93,18.6,2.483807924,8.810482099,0.603765015,2.14165548,2.83572893,9.252684757,NA,NA,2.83572893,9.252684757,2.483807924,8.810482099
MAYF,MAYF.20210621,6/21/21 16:00,0.187471264,4.373333333,0.401826217,329.447,22.2,20.46653096,50.93378703,14.46384372,35.99527137,18.38877595,45.51663567,NA,NA,18.38877595,45.51663567,20.46653096,50.93378703
MCDI,MCDI.20170124,1/24/17 10:00,0.055214724,5.023333333,0.145387635,40.325,7.2,3.210571465,22.08283714,-21.72240929,-149.410294,3.540183903,18.64044399,NA,NA,3.540183903,18.64044399,3.210571465,22.08283714
MCDI,MCDI.20170525,5/25/17 10:56,0.42962963,4.623333333,0.081713883,162.31,16,6.967859225,85.27142475,9.89250289,121.0626949,5.71093298,53.19064294,NA,NA,5.71093298,53.19064294,6.967859225,85.27142475
MCDI,MCDI.20170728,7/28/17 13:45,0.061594203,3.775,0.106550838,24.775,21.3,4.798314323,45.03309794,3.139985809,29.46936756,4.523391583,40.92905192,NA,NA,4.523391583,40.92905192,4.798314323,45.03309794
MCDI,MCDI.20170822,8/22/17 14:24,0.03219697,4.141666667,0.349908581,46.66,22,5.980585139,17.09185045,6.77144732,19.35204704,5.317305067,15.21153219,NA,NA,5.317305067,15.21153219,5.980585139,17.09185045
MCDI,MCDI.20180827,8/27/18 16:20,0.024247788,4.365,0.492811933,52.16,23.2,4.835380837,9.811817679,2.42724241,4.925291471,5.105801057,10.22117699,NA,NA,5.105801057,10.22117699,4.835380837,9.811817679
MCDI,MCDI.20190906,9/6/19 14:53,0.16875,5.83,0.153260911,150.78,21.2,4.488067665,29.28383784,6.110542235,39.87019387,4.524917488,22.58999646,NA,NA,4.524917488,22.58999646,4.488067665,29.28383784
MCRA,MCRA.20161012,10/12/16 14:33,0.09623431,4.23,0.084678076,34.47,8.7,5.644480208,66.65810661,3.524195569,41.61874881,5.86884663,69.48891025,NA,NA,5.86884663,69.48891025,5.644480208,66.65810661
MCRA,MCRA.20161019,10/19/16 12:30,0.605263158,6.503333333,0.190915005,751.485,7,32.92623326,172.4654033,-52.37696593,-274.3470376,32.94513972,170.2233665,NA,NA,32.94513972,170.2233665,32.92623326,172.4654033
MCRA,MCRA.20161026,10/26/16 10:07,0.37704918,6.07,0.142002722,325,7.6,16.41084885,115.5671429,-9.102661185,-64.10201907,15.91350838,111.8708126,NA,NA,15.91350838,111.8708126,16.41084885,115.5671429
MCRA,MCRA.20161116,11/16/16 09:12,0.328571429,5.976666667,0.157816994,309.915,6,10.37010235,65.70966859,2.643791554,16.75226155,10.19825096,67.49771322,NA,NA,10.19825096,67.49771322,10.37010235,65.70966859
MCRA,MCRA.20161202,12/2/16 09:34,0.333333333,5.913333333,0.110648253,218.1,5.1,9.884526949,89.33287895,5.643601754,51.00488823,8.941837644,80.63045448,NA,NA,8.941837644,80.63045448,9.884526949,89.33287895
MCRA,MCRA.20170501,5/1/17 18:00,0.425925926,6.226666667,0.181105623,480.31,4.4,36.17555835,199.7483993,29.7482134,164.2589162,33.93624883,185.8770978,NA,NA,33.93624883,185.8770978,36.17555835,199.7483993
MCRA,MCRA.20170612,6/12/17 21:00,0.219047619,5.533333333,0.141469487,171.47,5.9,16.73973955,118.3275627,-22.48349613,-158.9282372,14.98818787,106.6712194,NA,NA,14.98818787,106.6712194,16.73973955,118.3275627
MCRA,MCRA.20170730,7/30/17 21:23,0.07120743,4.486666667,0.066200497,21.15,12.7,4.495901435,67.91340863,2.336769569,35.29836873,4.208182169,63.69839792,NA,NA,4.208182169,63.69839792,4.495901435,67.91340863
MCRA,MCRA.20171016,10/16/17 19:05,0.091378625,5.783333333,0.062027761,32.78,5.9,5.470398196,88.19274005,5.488637959,88.48679811,5.208035211,83.95166661,NA,NA,5.208035211,83.95166661,5.470398196,88.19274005
MCRA,MCRA.20180327,3/27/18 18:47,0.203539823,6.98,0.141851813,201.53,3.9,6.707079097,47.28229391,0.105831368,0.7460699,6.835417893,50.65401847,NA,NA,6.835417893,50.65401847,6.707079097,47.28229391
MCRA,MCRA.20180610,6/10/18 22:46,0.132183908,5.277,0.088640779,61.83,6.9,12.84362899,144.8952629,11.45432427,129.2218365,12.40223959,139.9274806,NA,NA,12.40223959,139.9274806,12.84362899,144.8952629
MCRA,MCRA.20180809,8/9/18 22:49,0.04315197,4.06,0.050443216,8.8375,14.5,1.22233233,24.2318478,-0.668457152,-13.25167598,1.387799688,27.64376528,NA,NA,1.387799688,27.64376528,1.22233233,24.2318478
MCRA,MCRA.20181112,11/12/18 18:37,0.074433657,4.826666667,0.064548192,23.19,4.7,3.904591487,60.49110503,2.632806379,40.78822784,4.241723183,65.7896574,NA,NA,4.241723183,65.7896574,3.904591487,60.49110503
MCRA,MCRA.20190715,7/15/19 21:09,0.054892601,5.593333333,0.027293517,8.38,11.4,1.126164352,41.26123968,1.448647572,53.07661762,1.174649441,42.9547443,NA,NA,1.174649441,42.9547443,1.126164352,41.26123968
MCRA,MCRA.20190918,9/18/19 15:32,0.124324324,5.236666667,0.080071264,52.13,10,8.520597585,106.4126767,6.754151736,84.35175564,8.534023234,106.6809668,NA,NA,8.534023234,106.6809668,8.520597585,106.4126767
MCRA,MCRA.20210526,5/26/21 15:18,0.272189349,6.673333333,0.09138354,165.99,5.6,2.261557405,24.74797316,-34.45713148,-377.0605882,2.789013294,31.33591824,NA,NA,2.789013294,31.33591824,2.261557405,24.74797316
OKSR,OKSR.20160909,9/9/16 11:20,0.396530359,7.061,0.269770265,755.33,3.4,5.066829635,18.78201675,-3.976139073,-14.73898197,7.036957564,25.71672035,NA,NA,7.036957564,25.71672035,5.066829635,18.78201675
OKSR,OKSR.20170621,6/21/17 20:43,0.260558339,7.123333333,0.223055068,414,13.7,5.165720716,23.15894798,6.112054434,27.40154926,4.664046654,20.73789453,NA,NA,4.664046654,20.73789453,5.165720716,23.15894798
OKSR,OKSR.20170707,7/7/17 20:11,0.168440537,6.513333333,0.195696078,214.7,17.8,3.221695932,16.46275166,1.891317154,9.664563407,3.325644581,16.91169791,NA,NA,3.325644581,16.91169791,3.221695932,16.46275166
OKSR,OKSR.20180615,6/15/18 19:33,0.673780488,8.046666667,0.39872276,2161.75,3.8,26.64309708,66.82110918,22.79677408,57.17449909,29.41136683,73.99023453,NA,NA,29.41136683,73.99023453,26.64309708,66.82110918
OKSR,OKSR.20180625,6/25/18 19:20,0.690625,8.136666667,0.356211552,2001.69,9.6,2.096149088,5.884562352,-2.77627333,-7.793889093,2.790109598,7.181741202,NA,NA,2.790109598,7.181741202,2.096149088,5.884562352
OKSR,OKSR.20180811,8/11/18 19:10,0.619626168,8.41,0.338111886,1761.92,7.1,4.507669607,13.33188744,-23.56885451,-69.70726404,3.969680123,10.91243202,NA,NA,3.969680123,10.91243202,4.507669607,13.33188744
OKSR,OKSR.20180824,8/24/18 17:34,0.510785824,8.03,0.319791483,1311.66,6.5,7.072935255,22.11733467,-90.6897582,-283.5902862,5.077068134,15.28517766,NA,NA,5.077068134,15.28517766,7.072935255,22.11733467
OKSR,OKSR.20190706,7/6/19 18:33,0.319980695,6.283333333,0.331064402,665.62,14.8,0.475143772,1.435200428,-31.69705731,-95.74287394,1.416772082,4.190195019,NA,NA,1.416772082,4.190195019,0.475143772,1.435200428
OKSR,OKSR.20190712,7/12/19 18:25,0.175955414,5.953333333,0.268519617,281.28,13.7,2.284576532,8.508043313,-4.170511541,-15.53149668,1.858575892,6.898710357,NA,NA,1.858575892,6.898710357,2.284576532,8.508043313
OKSR,OKSR.20190718,7/18/19 18:55,0.198621929,6.343333333,0.291684005,367.5,15,4.185165727,14.34828669,-1.072065764,-3.675435558,4.26191872,14.67891745,NA,NA,4.26191872,14.67891745,4.185165727,14.34828669
OKSR,OKSR.20190823,8/23/19 19:17,0.752057613,8.13,0.410964367,2512.73,3.4,4.877835253,11.86924134,-39.08027182,-95.094064,6.034035892,14.62634949,NA,NA,6.034035892,14.62634949,4.877835253,11.86924134
OKSR,OKSR.20190902,9/2/19 18:26,0.593344156,8.236666667,0.373600059,1825.85,6.1,3.990293379,10.68065511,-64.02157684,-171.3639367,3.461184399,8.99355243,NA,NA,3.461184399,8.99355243,3.990293379,10.68065511
OKSR,OKSR.20200721,7/21/20 19:46,0.137543904,5.943333333,0.223115421,182.39,8.2,3.475255751,15.57604461,7.678332945,34.41417411,3.224403947,14.42529975,NA,NA,3.224403947,14.42529975,3.475255751,15.57604461
OKSR,OKSR.20200725,7/25/20 18:58,0.145328032,5.9,0.208178952,178.5,9.9,4.031777872,19.36688524,4.266257737,20.49322324,3.699508882,17.75202963,NA,NA,3.699508882,17.75202963,4.031777872,19.36688524
OKSR,OKSR.20200821,8/21/20 18:56,0.1167856,5.73,0.226754629,151.74,11.2,3.462440941,15.2695491,-17.25051248,-76.0756795,2.815210196,12.44127109,NA,NA,2.815210196,12.44127109,3.462440941,15.2695491
OKSR,OKSR.20200903,9/3/20 19:26,0.126164998,5.383333333,0.238740883,162.15,7.1,2.43756826,10.21009988,1.018886356,4.267749803,2.403127217,10.06062287,NA,NA,2.403127217,10.06062287,2.43756826,10.21009988
OKSR,OKSR.20200922,9/22/20 19:28,0.402976847,7.403333333,0.31642384,944.01,1.5,5.027955408,15.88993866,-93.94324594,-296.8905438,4.313188186,13.31011578,NA,NA,4.313188186,13.31011578,5.027955408,15.88993866
OKSR,OKSR.20210614,6/14/21 16:40,0.653846154,8.28,0.435919295,2360,10.2,0.488190543,1.119910379,4.017335819,9.21577885,2.707490272,6.097764274,NA,NA,2.707490272,6.097764274,0.488190543,1.119910379
OKSR,OKSR.20210802,8/2/21 19:17,0.225896168,6.29,0.267438598,380,14,2.797775333,10.46137451,4.579747926,17.12448375,2.564910425,9.490513656,NA,NA,2.564910425,9.490513656,2.797775333,10.46137451
OKSR,OKSR.20210816,8/16/21 19:26,0.172690763,5.853333333,0.257217778,260,6.6,2.875440898,11.17901305,-2.226904822,-8.657662932,3.037695384,11.79535147,NA,NA,3.037695384,11.79535147,2.875440898,11.17901305
OKSR,OKSR.20210827,8/27/21 18:01,0.382322176,7.573333333,0.310832161,900,4.9,3.365199786,10.82642084,3.574261749,11.49900878,2.763825109,8.539337153,NA,NA,2.763825109,8.539337153,3.365199786,10.82642084
POSE,POSE.20141007,10/7/14 14:07,0.03030303,7.123333333,0.009867571,2.13,13.9,0.922224653,93.46014869,2.110458835,213.8782518,0.906768648,90.79770161,NA,NA,0.906768648,90.79770161,0.922224653,93.46014869
POSE,POSE.20141208,12/8/14 15:18,0.053513514,8.913333333,0.032705514,15.6,3,2.804807558,85.75947036,2.828869918,86.49519829,2.870341213,86.48798954,NA,NA,2.870341213,86.48798954,2.804807558,85.75947036
POSE,POSE.20150615,6/15/15 15:05,0.066891892,7.28,0.018912754,9.21,22,3.06862283,162.2515066,2.775749153,146.7659947,3.086596444,161.7453577,NA,NA,3.086596444,161.7453577,3.06862283,162.2515066
POSE,POSE.20151009,10/9/15 12:45,0.062111801,6.883333333,0.028816271,12.32,16,2.84857239,98.85291508,2.64687057,91.85333417,2.946051765,101.3969841,NA,NA,2.946051765,101.3969841,2.84857239,98.85291508
POSE,POSE.20151207,12/7/15 14:10,0.061349693,7.92,0.033752525,16.4,5.5,2.765780947,81.94293455,1.963290181,58.16720915,3.082849373,90.48397114,NA,NA,3.082849373,90.48397114,2.765780947,81.94293455
POSE,POSE.20160615,6/15/16 13:00,0.074074074,7.675666667,0.026083076,14.83,17.3,2.84852076,109.2095411,3.033651403,116.3072715,2.862271999,107.4713658,NA,NA,2.862271999,107.4713658,2.84852076,109.2095411
POSE,POSE.20160822,8/22/16 13:28,0.044680851,4.684,0.029194624,6.11,20.1,3.191458631,109.3166547,2.38021712,81.52929527,3.210917054,110.3879693,NA,NA,3.210917054,110.3879693,3.191458631,109.3166547
POSE,POSE.20161003,10/3/16 13:06,0.059659091,5.342666667,0.037460159,11.94,17.1,3.503001089,93.51271276,3.715405653,99.18285859,3.506501924,94.53972418,NA,NA,3.506501924,94.53972418,3.503001089,93.51271276
POSE,POSE.20170130,1/30/17 13:48,0.057692308,5.389666667,0.049333911,15.34,2.9,4.503584952,91.28781524,4.415835168,89.50912422,4.615682246,97.19957771,NA,NA,4.615682246,97.19957771,4.503584952,91.28781524
POSE,POSE.20170424,4/24/17 13:36,0.078947368,5.247333333,0.023463346,9.72,11.8,2.998174993,127.7812207,3.088685965,131.6387682,3.147728295,132.1249907,NA,NA,3.147728295,132.1249907,2.998174993,127.7812207
POSE,POSE.20170612,6/12/17 19:00,0.06402439,4.186333333,0.042728834,11.4525,18.7,4.610237066,107.8952228,4.205227765,98.41662811,4.546178767,107.9501446,NA,NA,4.546178767,107.9501446,4.610237066,107.8952228
POSE,POSE.20170828,8/28/17 13:17,0.031343284,4.893333333,0.016854321,2.585,17.3,1.435827968,85.19049615,1.377282184,81.71685965,1.371146356,81.26785201,NA,NA,1.371146356,81.26785201,1.435827968,85.19049615
POSE,POSE.20171002,10/2/17 13:01,0.017213115,4.445666667,0.013917244,1.065,13.5,0.726291074,52.18641518,0.610421844,43.8608279,0.679290566,48.91991242,NA,NA,0.679290566,48.91991242,0.726291074,52.18641518
POSE,POSE.20171204,12/4/17 13:51,0.023230088,5.267,0.022394243,2.74,5.1,1.228741659,54.86864008,1.064031012,47.5135959,1.200559152,54.21725101,NA,NA,1.200559152,54.21725101,1.228741659,54.86864008
POSE,POSE.20181203,12/3/18 14:09,0.112164948,6.850333333,0.066322449,50.96,8.2,9.106575203,137.3075835,7.157120763,107.914,10.36184147,159.3397988,NA,NA,10.36184147,159.3397988,9.106575203,137.3075835
POSE,POSE.20190206,2/6/19 13:28,0.106666667,7.057,0.044516969,33.51,7.8,4.712199465,105.8517588,4.206947924,94.5021195,4.964493438,109.7476752,NA,NA,4.964493438,109.7476752,4.712199465,105.8517588
POSE,POSE.20190506,5/6/19 12:50,0.143157895,7.348666667,0.05477084,57.62,15,9.096492057,166.082756,6.753827278,123.310639,9.569022533,173.3371773,NA,NA,9.569022533,173.3371773,9.096492057,166.082756
POSE,POSE.20190617,6/17/19 13:37,0.084677419,5.554666667,0.036297065,17.0725,19,1.841131704,50.72398289,2.262269177,62.32650427,2.628238465,71.96540199,NA,NA,2.628238465,71.96540199,1.841131704,50.72398289
POSE,POSE.20190917,9/17/19 12:33,0.022340426,4.825,0.026996299,2.91,19.4,2.21448978,82.02938411,2.015660245,74.66431771,2.136581554,79.47139507,NA,NA,2.136581554,79.47139507,2.21448978,82.02938411
POSE,POSE.20191202,12/2/19 13:46,0.043933054,5.759,0.031540198,7.98,5.9,2.890493454,91.64474661,3.715006048,117.7863896,2.833083923,90.70176562,NA,NA,2.833083923,90.70176562,2.890493454,91.64474661
POSE,POSE.20200205,2/5/20 13:28,0.043032787,5.390666667,0.022847249,5.3,7,2.487695669,108.8838165,2.675264229,117.0934947,2.378266414,103.9880325,NA,NA,2.378266414,103.9880325,2.487695669,108.8838165
POSE,POSE.20201119,11/19/20 12:43,0.031378205,5.589666667,0.028393265,4.98,4.2,1.943294192,68.44208273,2.682765772,94.48599069,1.979350704,70.76749445,NA,NA,1.979350704,70.76749445,1.943294192,68.44208273
POSE,POSE.20201130,11/30/20 16:47,0.157903226,7.008333333,0.089722168,99.29,9.9,9.850528952,109.7892435,8.080308027,90.05921509,11.01612935,129.7125138,NA,NA,11.01612935,129.7125138,9.850528952,109.7892435
POSE,POSE.20210419,4/19/21 13:04,0.085877193,6.577333333,0.038860361,21.95,10.6,6.052902788,155.7603335,11.58849441,298.2086144,5.799714434,148.5916081,NA,NA,5.799714434,148.5916081,6.052902788,155.7603335
POSE,POSE.20210426,4/26/21 12:37,0.080245902,6.033333333,0.031188664,15.1,9.4,6.297260282,201.9086256,5.262526261,168.7320195,5.868523217,187.3661733,NA,NA,5.868523217,187.3661733,6.297260282,201.9086256
POSE,POSE.20210614,6/14/21 12:10,0.060807453,5.340666667,0.029160683,9.47,19.4,5.269535293,180.7068543,4.833752171,165.7626528,4.915481241,168.6342037,NA,NA,4.915481241,168.6342037,5.269535293,180.7068543
POSE,POSE.20210927,9/27/21 13:05,0.041659574,5.803,0.028169537,6.81,15.6,2.672975269,94.88886059,2.633645619,93.49268391,2.60376418,92.78224891,NA,NA,2.60376418,92.78224891,2.672975269,94.88886059
POSE,POSE.20211007,10/7/21 13:40,0.039635628,5.799666667,0.023708699,5.45,18.5,2.290562079,96.61272761,2.28184899,96.24522164,2.229035657,94.03674123,NA,NA,2.229035657,94.03674123,2.290562079,96.61272761
POSE,POSE.20220217,2/17/22 13:06,0.048706468,6.735666667,0.030633657,10.05,5.4,3.192520284,104.2161007,2.900105478,94.67056048,3.168453221,103.5171465,NA,NA,3.168453221,103.5171465,3.192520284,104.2161007
PRIN,PRIN.20160407,4/7/16 10:00,0.118258427,4.903333333,0.105232209,61.02,17.5,1.049044445,9.968853211,0.376093469,3.573938743,0.945310347,9.241641205,NA,NA,0.945310347,9.241641205,1.049044445,9.968853211
PRIN,PRIN.20160505,5/5/16 13:02,0.104210526,4.726666667,0.189679232,93.43,24.5,1.203213949,6.343414278,5.624724036,29.65387395,1.016368552,5.668434905,NA,NA,1.016368552,5.668434905,1.203213949,6.343414278
PRIN,PRIN.20160606,6/6/16 10:30,0.166386555,5.593333333,0.183290172,170.58,26.1,1.160957552,6.33398692,0.245178838,1.337654032,1.171180927,5.917064044,NA,NA,1.171180927,5.917064044,1.160957552,6.33398692
PRIN,PRIN.20170419,4/19/17 11:42,0.158385093,4.963333333,0.132085766,103.835,22.6,1.074812876,8.137234683,1.77508791,13.43890386,1.075745515,7.843380239,NA,NA,1.075745515,7.843380239,1.074812876,8.137234683
REDB,REDB.20151119,11/19/15 16:12,0.098188406,2.563333333,0.11178451,28.135,3.6,14.96554025,133.8784797,15.13908431,135.4309672,12.44202979,112.0431081,NA,NA,12.44202979,112.0431081,14.96554025,133.8784797
REDB,REDB.20160331,3/31/16 18:00,0.196376812,2.697916667,0.100828928,53.42,NA,NA,NA,NA,NA,9.033590901,88.8695565,NA,NA,9.033590901,88.8695565,NA,NA
REDB,REDB.20160421,4/21/16 16:45,0.224585635,2.724333333,0.139610264,85.42,10.4,17.92540368,128.3960303,18.11964556,129.7873454,16.48303823,119.4688315,NA,NA,16.48303823,119.4688315,17.92540368,128.3960303
REDB,REDB.20160519,5/19/16 16:57,0.292896175,2.931481481,0.162900989,139.87,NA,NA,NA,NA,NA,17.39683463,110.0348306,NA,NA,17.39683463,110.0348306,NA,NA
REDB,REDB.20160602,6/2/16 17:39,0.23362069,2.877,0.122164463,82.11,NA,NA,NA,NA,NA,13.81543679,112.9535043,NA,NA,13.81543679,112.9535043,NA,NA
REDB,REDB.20160713,7/13/16 15:00,0.151396648,2.516666667,0.080836734,30.8,NA,NA,NA,NA,NA,6.367446261,77.61724192,NA,NA,6.367446261,77.61724192,NA,NA
REDB,REDB.20161027,10/27/16 18:32,0.103956835,2.726666667,0.106260015,30.12,9.4,22.4260006,211.0483478,22.1998031,208.9196308,19.11445642,179.8528808,NA,NA,19.11445642,179.8528808,22.4260006,211.0483478
REDB,REDB.20170518,5/18/17 16:58,0.425,3.229333333,0.160031209,219.6375,NA,NA,NA,NA,NA,23.42769825,146.3191503,NA,NA,23.42769825,146.3191503,NA,NA
REDB,REDB.20170615,6/15/17 17:59,0.304210526,3.04,0.126259732,116.765,NA,NA,NA,NA,NA,11.5357032,89.79600965,NA,NA,11.5357032,89.79600965,NA,NA
REDB,REDB.20170803,8/3/17 16:18,0.188888889,2.368333333,0.110919402,49.62,13.9,11.53718878,104.0141632,-20.55009767,-185.2705415,10.8842744,98.5477853,NA,NA,10.8842744,98.5477853,11.53718878,104.0141632
REDB,REDB.20170919,9/19/17 17:29,0.170501475,2.494,0.096324188,40.96,9.3,9.980727073,103.6160001,9.894435099,102.7201506,9.459094461,97.53646197,NA,NA,9.459094461,97.53646197,9.980727073,103.6160001
REDB,REDB.20171026,10/26/17 17:25,0.146700508,2.698,0.095250615,37.7,7.2,6.7336322,70.69384487,6.76380009,71.01056607,6.877237814,72.7212034,NA,NA,6.877237814,72.7212034,6.7336322,70.69384487
REDB,REDB.20180412,4/12/18 16:24,0.236885246,2.900333333,0.09562676,65.7,3.3,9.625594646,100.6579607,3.790372151,39.63714918,9.977541705,100.1170295,NA,NA,9.977541705,100.1170295,9.625594646,100.6579607
REDB,REDB.20180530,5/30/18 15:45,0.158791209,2.264545455,0.102644704,36.91,11.8,11.87158723,115.6570847,12.01981726,117.1011927,10.68124094,104.1597676,NA,NA,10.68124094,104.1597676,11.87158723,115.6570847
REDB,REDB.20180802,8/2/18 15:33,0.098634812,2.250666667,0.066506277,14.764,14.5,2.745752645,41.28561646,2.668709304,40.12717933,2.986560859,45.14560705,NA,NA,2.986560859,45.14560705,2.745752645,41.28561646
REDB,REDB.20180823,8/23/18 15:33,0.090117253,2.369666667,0.077476781,16.545,13.1,3.386849005,43.71437432,3.396283576,43.8361472,3.709451926,48.73816966,NA,NA,3.709451926,48.73816966,3.386849005,43.71437432
REDB,REDB.20180830,8/30/18 16:07,0.089751553,2.370333333,0.057346701,12.2,12.3,4.451621517,77.6264622,4.27917976,74.61945824,4.474831181,77.33869809,NA,NA,4.474831181,77.33869809,4.451621517,77.6264622
REDB,REDB.20190429,4/29/19 22:45,0.642222222,2.2,0.371758179,525.253,NA,NA,NA,NA,NA,53.93646932,181.3992172,NA,NA,53.93646932,181.3992172,NA,NA
REDB,REDB.20190514,5/14/19 16:57,0.45511811,3.279666667,0.190327754,284.09,10.9,34.1407656,179.3788078,62.77118008,329.8057102,31.26108258,164.2847149,NA,NA,31.26108258,164.2847149,34.1407656,179.3788078
REDB,REDB.20190529,5/29/19 17:36,0.525454545,3.99,0.171800175,360.19,8.5,23.04688901,134.1493919,24.94184582,145.179397,26.79197722,150.1238631,NA,NA,26.79197722,150.1238631,23.04688901,134.1493919
REDB,REDB.20190617,6/17/19 16:20,0.401388889,2.994,0.183095048,220.036,10.2,21.75672414,118.8274854,21.60681465,118.0087331,22.20167174,125.127516,NA,NA,22.20167174,125.127516,21.75672414,118.8274854
REDB,REDB.20190703,7/3/19 22:05,0.317582418,3.099333333,0.139043854,136.86,10.4,16.83413872,121.0707143,16.66797075,119.8756383,16.91091598,120.7858851,NA,NA,16.91091598,120.7858851,16.83413872,121.0707143
REDB,REDB.20201012,10/12/20 14:45,0.097306397,2.784333333,0.085297701,23.11,6.3,4.10935426,48.17661217,4.693316275,55.02277576,4.329084101,51.94138731,NA,NA,4.329084101,51.94138731,4.10935426,48.17661217
REDB,REDB.20210830,8/30/21 15:40,0.103584229,2.046333333,0.097637443,20.696,12.7,5.038339373,51.60253298,4.824185949,49.40917952,5.170724014,54.77037957,NA,NA,5.170724014,54.77037957,5.038339373,51.60253298
REDB,REDB.20210920,9/20/21 15:06,0.086165772,2.012,0.081850179,14.19,8.1,2.701788722,33.00895313,2.407650831,29.41533984,3.324688627,42.38649592,NA,NA,3.324688627,42.38649592,2.701788722,33.00895313
SYCA,SYCA.20170317,3/17/17 12:00,0.525974026,4.275833333,0.158858875,357.27,22.8,1.742891906,10.97132223,-2.75941412,-17.37022322,1.845287038,11.37855801,NA,NA,1.845287038,11.37855801,1.742891906,10.97132223
SYCA,SYCA.20170418,4/18/17 10:24,0.196125908,3.351666667,0.063056338,41.45,23.5,2.589612053,41.0682278,-1.025168822,-16.25798221,2.586395991,41.01749258,NA,NA,2.586395991,41.01749258,2.589612053,41.0682278
SYCA,SYCA.20170425,4/25/17 10:45,0.15547025,3.241666667,0.037253261,18.775,22.6,1.742678175,46.77921148,-15.33342812,-411.5996212,1.540641622,41.30509054,NA,NA,1.540641622,41.30509054,1.742678175,46.77921148
SYCA,SYCA.20170512,5/12/17 08:55,0.119117647,3.005,0.036346008,13.01,24.5,2.477004847,68.15067137,1.628929963,44.81730052,2.346926357,64.55082089,NA,NA,2.346926357,64.55082089,2.477004847,68.15067137
SYCA,SYCA.20190417,4/17/19 14:55,0.193396226,4.995833333,0.128708525,124.355,22.7,0.686937487,5.337156082,-1.279351872,-9.93991557,0.801266579,6.27515758,NA,NA,0.801266579,6.27515758,0.686937487,5.337156082
SYCA,SYCA.20190507,5/7/19 13:04,0.163333333,3.246666667,0.0776935,41.2,18.2,5.144256579,66.21218737,-2.076832888,-26.7311022,4.958959116,63.83630145,NA,NA,4.958959116,63.83630145,5.144256579,66.21218737
SYCA,SYCA.20191218,12/18/19 16:22,0.283055556,6.128125,0.142488196,247.16,12.3,8.168712028,57.32904379,-2.93930892,-20.62843802,8.046137136,56.42433993,NA,NA,8.046137136,56.42433993,8.168712028,57.32904379
SYCA,SYCA.20211117,11/17/21 18:05,0.0525,4.348333333,0.075168373,17.16,20.4,1.089011227,14.48762537,-1.807435078,-24.04515365,1.117603284,14.85344859,NA,NA,1.117603284,14.85344859,1.089011227,14.48762537
SYCA,SYCA.20220310,3/10/22 13:20,0.261904762,3.105,0.087959596,71.53,16.5,1.139845162,12.95873576,0.470042105,5.343841113,1.103578942,12.54946491,NA,NA,1.103578942,12.54946491,1.139845162,12.95873576
SYCA,SYCA.20220411,4/11/22 17:17,0.172774869,2.75,0.069875482,33.2,23.4,0.976535511,13.97536708,1.097900838,15.71224708,0.976126394,13.9700753,NA,NA,0.976126394,13.9700753,0.976535511,13.97536708
SYCA,SYCA.20230510,5/10/23 16:21,0.338461538,2.601666667,0.07315765,64.42,21,0.224562387,3.069568074,-1.095649593,-14.97655532,0.275462684,3.685575418,NA,NA,0.275462684,3.685575418,0.224562387,3.069568074
TECR,TECR.20170607,6/7/17 22:28,0.444444444,2.76,0.219774457,269.59,11.4,12.86928096,58.55676391,14.74307446,67.08274788,16.73813755,75.59435268,NA,NA,16.73813755,75.59435268,12.86928096,58.55676391
TECR,TECR.20170621,6/21/17 17:41,0.3125,2.256666667,0.167922009,118.42,12.2,26.30708431,156.6625154,25.30986327,150.7239191,27.44534086,164.2794997,NA,NA,27.44534086,164.2794997,26.30708431,156.6625154
TECR,TECR.20170719,7/19/17 18:45,0.178571429,2.27,0.100874009,40.89,12.7,4.726540902,46.85588446,3.975568513,39.41122753,5.72750166,55.36165206,NA,NA,5.72750166,55.36165206,4.726540902,46.85588446
TECR,TECR.20170817,8/17/17 19:22,0.112359551,2.206666667,0.097725227,24.23,12.3,9.933310292,101.6453033,19.81561917,202.7687207,9.577982414,97.85201014,NA,NA,9.577982414,97.85201014,9.933310292,101.6453033
TECR,TECR.20170911,9/11/17 18:50,0.09478673,2.08,0.050315385,9.92,12.1,5.018401583,99.73890931,5.932787857,117.9120045,4.981584084,98.56052732,NA,NA,4.981584084,98.56052732,5.018401583,99.73890931
TECR,TECR.20171010,10/10/17 18:08,0.073800738,1.998333333,0.069298249,10.22,6.6,6.590202986,95.09912768,7.578622231,109.3623921,6.57169371,94.63382606,NA,NA,6.57169371,94.63382606,6.590202986,95.09912768
TECR,TECR.20190531,5/31/19 16:45,0.526315789,3.153333333,0.154924313,257.12,8.5,27.73430938,179.0184437,43.65212696,281.7642121,28.70049703,181.8790557,NA,NA,28.70049703,181.8790557,27.73430938,179.0184437
TECR,TECR.20190625,6/25/19 16:01,0.347826087,2.72,0.161372059,152.672,9.9,24.83689622,153.91076,25.98263854,161.0107644,24.36449453,150.8522434,NA,NA,24.36449453,150.8522434,24.83689622,153.91076
TECR,TECR.20190819,8/19/19 20:22,0.099447514,1.874666667,0.152238679,28.382,12.4,11.61486021,76.29375303,10.44951909,68.63905495,11.522607,75.91999558,NA,NA,11.522607,75.91999558,11.61486021,76.29375303
TECR,TECR.20190918,9/18/19 15:58,0.092592593,1.941333333,0.121333104,21.81,8.4,9.656705689,79.58838387,7.910694073,65.19815109,9.457289829,78.03717055,NA,NA,9.457289829,78.03717055,9.656705689,79.58838387
TECR,TECR.20191120,11/20/19 17:14,0.062111801,1.666666667,0.1039416,10.76,3.8,5.39045296,51.86040007,4.499933428,43.29290129,5.376322893,51.77554982,NA,NA,5.376322893,51.77554982,5.39045296,51.86040007
TECR,TECR.20191218,12/18/19 19:54,0.0758602,1.984,0.114679327,17.26,1.1,10.49435565,91.51043946,13.45584806,117.3345567,10.13366899,88.53403079,NA,NA,10.13366899,88.53403079,10.49435565,91.51043946
TECR,TECR.20200312,3/12/20 17:52,0.096153846,2.019,0.120122833,23.32,3.5,11.19638982,93.20784011,11.02221962,91.75790593,11.02220663,91.9223874,NA,NA,11.02220663,91.9223874,11.19638982,93.20784011
TECR,TECR.20210504,5/4/21 18:53,0.070838253,2.036666667,0.089621195,12.93,11,5.612989429,62.63015623,4.919624182,54.8935349,5.742844535,63.97178827,NA,NA,5.742844535,63.97178827,5.612989429,62.63015623
TECR,TECR.20210614,6/14/21 19:22,0.028195489,1.826666667,0.093080584,4.794,14.4,3.272106495,35.15348053,2.757749979,29.62755348,3.157595647,33.94525294,NA,NA,3.157595647,33.94525294,3.272106495,35.15348053
WALK,WALK.20180614,6/14/18 15:06,0.051098901,3.004333333,0.030143019,4.6275,17.8,2.663883732,88.37481514,1.979991374,65.68656492,2.576184771,85.49531786,1.83851981,61.01073128,1.83851981,61.01073128,1.979991374,65.68656492
WALK,WALK.20180711,7/11/18 13:12,0.054069767,3.593333333,0.02321264,4.51,17.8,1.702168019,73.3293593,1.173984915,50.57524328,1.781777022,76.60781089,1.167815413,50.28034266,1.167815413,50.28034266,1.173984915,50.57524328
WALK,WALK.20180820,8/20/18 12:44,0.044668588,3.406666667,0.02332902,3.55,18,0.484353212,20.76183277,0.099699286,4.273616555,0.513927292,22.48239039,0.137634261,6.613589912,0.137634261,6.613589912,0.099699286,4.273616555
WALK,WALK.20181022,10/22/18 14:42,0.04368932,3.481666667,0.043007883,6.542,11.7,3.846070708,89.42711056,3.014102395,70.08255661,3.900813471,90.85124036,2.965352941,69.10452946,2.965352941,69.10452946,3.014102395,70.08255661
WALK,WALK.20190205,2/5/19 14:00,0.073692552,3.883333333,0.021728135,6.218,12.8,2.491772003,114.6795159,1.572815845,72.38614105,2.48624764,113.7793823,1.443822363,66.41315863,1.443822363,66.41315863,1.572815845,72.38614105
WALK,WALK.20190423,4/23/19 12:43,0.117920541,3.593333333,0.044344505,18.79,13.6,6.024613518,135.8593025,3.90628788,88.08955879,6.082656727,137.6633867,3.635598078,82.24738851,3.635598078,82.24738851,3.90628788,88.08955879
WALK,WALK.20190807,8/7/19 15:31,0.046438083,3.13,0.037426592,5.44,18.2,3.079390056,82.27813144,2.356633948,62.96683246,3.094690407,82.63462627,2.334322428,62.35188884,2.334322428,62.35188884,2.356633948,62.96683246
WALK,WALK.20190926,9/26/19 15:43,0.036826822,3.456666667,0.030950986,3.94,18.3,2.630119837,84.97693215,2.324926716,75.11640231,2.631160282,85.01676951,2.449805413,79.21093408,2.449805413,79.21093408,2.324926716,75.11640231
WALK,WALK.20191121,11/21/19 13:50,0.029233026,3.216666667,0.04487791,4.22,10.9,2.742959613,61.12048473,2.551545697,56.85527015,2.731632151,61.02674548,2.791645679,62.27213146,2.791645679,62.27213146,2.551545697,56.85527015
WLOU,WLOU.20160819,8/19/16 08:12,0.124714829,2.1,0.107979675,28.28,6.6,14.54730672,134.7226385,7.782154106,72.07054574,14.43970692,133.3272535,NA,NA,14.43970692,133.3272535,14.54730672,134.7226385
WLOU,WLOU.20170615,6/15/17 16:58,0.520634921,2.549,0.273853089,363.43,4.4,88.08323505,321.6441172,62.81141563,229.3617204,87.7752945,326.5222853,NA,NA,87.7752945,326.5222853,88.08323505,321.6441172
WLOU,WLOU.20170629,6/29/17 14:49,0.324752475,2.48,0.185463833,149.37,6.7,42.4369557,228.8152629,40.4102411,217.8874471,43.55454858,234.0600016,NA,NA,43.55454858,234.0600016,42.4369557,228.8152629
WLOU,WLOU.20170713,7/13/17 16:17,0.207594937,2.6,0.149477486,80.68,8.1,24.49249041,163.854043,23.08486525,154.4370719,25.51909632,169.5281342,NA,NA,25.51909632,169.5281342,24.49249041,163.854043
WLOU,WLOU.20170907,9/7/17 15:45,0.095626822,1.87,0.113408765,20.28,7.2,13.25146735,116.8469417,12.24137059,107.9402513,12.93040008,114.6474176,NA,NA,12.93040008,114.6474176,13.25146735,116.8469417
WLOU,WLOU.20170913,9/13/17 15:05,0.09010989,2.058333333,0.106523107,19.7575,7,11.50558451,108.0102227,11.8966546,111.6814458,11.77579854,110.8401065,NA,NA,11.77579854,110.8401065,11.50558451,108.0102227
WLOU,WLOU.20170926,9/26/17 17:34,0.095072464,2.038333333,0.076835999,14.89,2.9,9.567332721,124.5162794,9.274679686,120.7074783,9.575726864,123.4657481,NA,NA,9.575726864,123.4657481,9.567332721,124.5162794
WLOU,WLOU.20171005,10/5/17 14:26,0.117142857,2.458333333,0.083479124,24.04,2.3,11.09875977,132.9525184,10.18138433,121.9632388,11.36472235,133.5973605,NA,NA,11.36472235,133.5973605,11.09875977,132.9525184
WLOU,WLOU.20180620,6/20/18 14:53,0.341666667,2.51,0.179492761,153.93,5.2,42.65648993,237.6501965,40.62373122,226.3251788,43.68306731,241.1193846,NA,NA,43.68306731,241.1193846,42.65648993,237.6501965
WLOU,WLOU.20180709,7/9/18 16:48,0.196407186,2.336666667,0.157385051,72.23,8.6,26.76398282,170.0541611,25.15965344,159.8605032,27.53415856,175.4808375,NA,NA,27.53415856,175.4808375,26.76398282,170.0541611
WLOU,WLOU.20180730,7/30/18 16:18,0.126640927,1.996666667,0.144507004,36.54,8.8,18.83495436,130.3393873,16.39557665,113.4586988,19.1783235,133.8567973,NA,NA,19.1783235,133.8567973,18.83495436,130.3393873
WLOU,WLOU.20180815,8/15/18 19:30,0.098203593,1.726666667,0.115531006,19.59,9.9,12.64848386,109.4812925,11.05086652,95.65281995,13.18234999,114.817788,NA,NA,13.18234999,114.817788,12.64848386,109.4812925
WLOU,WLOU.20181009,10/9/18 16:39,0.085976409,1.513333333,0.088155521,11.47,2.6,12.02557537,136.4131847,7.100745217,80.54793547,12.25732503,139.3707769,NA,NA,12.25732503,139.3707769,12.02557537,136.4131847
WLOU,WLOU.20181022,10/22/18 16:38,0.085863874,1.812333333,0.111718768,17.385,1.4,9.799197249,87.71308012,32.08632775,287.2062441,10.36876702,93.82813295,NA,NA,10.36876702,93.82813295,9.799197249,87.71308012
WLOU,WLOU.20190619,6/19/19 15:27,0.630769231,3.028666667,0.275011945,525.38,3.3,120.4163153,437.8584912,118.8092946,432.0150333,112.8957311,409.9724764,NA,NA,112.8957311,409.9724764,120.4163153,437.8584912
WLOU,WLOU.20190708,7/8/19 17:22,0.503582395,2.653333333,0.206328234,275.69,5.6,83.71632243,405.7434158,91.08051182,441.435038,80.22081964,384.2679083,NA,NA,80.22081964,384.2679083,83.71632243,405.7434158
WLOU,WLOU.20190729,7/29/19 17:42,0.240645635,2.596666667,0.141708002,88.55,8.3,31.75584408,224.0935136,22.53059159,158.9930792,30.84288545,215.3736875,NA,NA,30.84288545,215.3736875,31.75584408,224.0935136
WLOU,WLOU.20190812,8/12/19 18:14,0.214659686,2.257333333,0.132925137,64.41,7.8,29.68977999,223.3571517,19.16065985,144.1462487,29.91255396,223.9158139,NA,NA,29.91255396,223.9158139,29.68977999,223.3571517
WLOU,WLOU.20190917,9/17/19 16:50,0.111945392,1.918666667,0.105221063,22.6,6.5,16.51241783,156.9307262,8.254205329,78.44632143,16.74239586,159.2750036,NA,NA,16.74239586,159.2750036,16.51241783,156.9307262
WLOU,WLOU.20191007,10/7/19 17:37,0.097560976,1.987666667,0.103600117,20.09,1.7,16.64179415,160.6348973,24.5527309,236.9952044,15.97992909,154.6901431,NA,NA,15.97992909,154.6901431,16.64179415,160.6348973
WLOU,WLOU.20200625,6/25/20 16:10,0.342737722,2.483333333,0.19086346,162.45,6.6,61.91045957,324.3704142,96.53181444,505.7637247,59.01664858,309.3445553,NA,NA,59.01664858,309.3445553,61.91045957,324.3704142
WLOU,WLOU.20200701,7/1/20 14:16,0.292031459,2.415,0.153617983,108.34,5.1,46.67546634,303.8411612,40.0656434,260.8134973,45.66913831,295.3590267,NA,NA,45.66913831,295.3590267,46.67546634,303.8411612
WLOU,WLOU.20200722,7/22/20 17:17,0.168811117,2.013333333,0.154057523,52.36,9.1,38.19685811,247.9389345,33.70118384,218.7571447,35.85954718,234.0253614,NA,NA,35.85954718,234.0253614,38.19685811,247.9389345
WLOU,WLOU.20200804,8/4/20 16:32,0.139812447,2.13,0.121994418,36.33,9.4,25.84631168,211.8647074,24.10817676,197.617048,24.06504985,197.3973435,NA,NA,24.06504985,197.3973435,25.84631168,211.8647074
WLOU,WLOU.20210623,6/23/21 15:57,0.250956389,2.304,0.186629788,107.91,7.4,47.20729337,252.9461876,45.80405828,245.4273713,45.82758105,247.5332828,NA,NA,45.82758105,247.5332828,47.20729337,252.9461876
WLOU,WLOU.20210728,7/28/21 17:14,0.13236481,2.165666667,0.07576274,21.718,10.7,13.73818368,181.3316635,12.76909229,168.5405292,13.78129619,180.2211982,NA,NA,13.78129619,180.2211982,13.73818368,181.3316635
WLOU,WLOU.20210810,8/10/21 16:01,0.116147309,2.046666667,0.099783427,23.72,8.9,18.21818082,182.5772211,16.95022374,169.8701302,19.17146285,191.9174029,NA,NA,19.17146285,191.9174029,18.21818082,182.5772211
WLOU,WLOU.20211004,10/4/21 15:51,0.082654347,1.834333333,0.082379373,12.49,3.7,11.74118819,142.5258261,8.83245078,107.216776,11.54729974,140.0899913,NA,NA,11.54729974,140.0899913,11.74118819,142.5258261