siteID,eventID,collectDate,type,peakMaxVelocity_mPerSec,meanDepth_m,meanQ_lps,meanWettedWidth_m
ARIK,ARIK.20170313,2017-03-13 22:45,model,0.027193828,NA,NA,7.126666667
ARIK,ARIK.20170417,2017-04-17 21:40,model,0.030237581,NA,NA,5.742333333
ARIK,ARIK.20170515,2017-05-15 22:01,model,0.053231939,0.126439008,44.22,6.57
ARIK,ARIK.20171129,2017-11-29 22:38,model,0.04057971,0.105158785,20.54,4.813333333
ARIK,ARIK.20180305,2018-03-05 23:07,model,0.08,0.092038488,36.03,4.893333333
ARIK,ARIK.20180402,2018-04-02 23:37,model,0.073684211,0.091864491,38.82,5.735
ARIK,ARIK.20180430,2018-04-30 23:05,model,0.087306502,0.124595611,63.31,5.82
ARIK,ARIK.20180605,2018-06-05 20:23,model,NA,NA,NA,3.69
ARIK,ARIK.20181105,2018-11-05 23:32,model - slug,NA,NA,NA,3.583333333
ARIK,ARIK.20181114,2018-11-14 22:56,model - slug,0.026603416,0.162014031,18.16,4.213333333
ARIK,ARIK.20190318,2019-03-18 21:43,model - slug,0.067673087,0.089600847,39.11,6.45
ARIK,ARIK.20190401,2019-04-01 23:34,model - slug,0.054447215,0.116143901,40.75,6.444
ARIK,ARIK.20190506,2019-05-06 23:14,model - slug,0.05191458,0.119032944,37.24,6.026333333
ARIK,ARIK.20190604,2019-06-04 23:30,model - slug,0.023135397,0.163482404,23.47,6.205333333
ARIK,ARIK.20191121,2019-11-21 16:32,model - slug,0.013868883,0.117643494,11.73,7.189333333
ARIK,ARIK.20200309,2020-03-09 21:35,model - slug,0.045134443,NA,NA,7.347666667
ARIK,ARIK.20201215,2020-12-15 23:48,model - slug,0.030888031,0.050889205,8.53,5.426666667
ARIK,ARIK.20210309,2021-03-09 21:20,model - slug,0.057494867,0.066573432,23.79,6.215333333
ARIK,ARIK.20210330,2021-03-30 22:12,model - slug,0.082352941,0.080154211,36.71,5.561333333
ARIK,ARIK.20210504,2021-05-04 23:13,model - slug,0.081871345,0.102507776,50.24,5.986333333
ARIK,ARIK.20211130,2021-11-30 21:48,model - slug,0.005645161,NA,NA,3.954
ARIK,ARIK.20211214,2021-12-14 21:56,model - slug,NA,NA,NA,4.55
BIGC,BIGC.20170620,2017-06-20 16:46,NaCl,0.18556701,0.159109371,125.68,4.256666667
BIGC,BIGC.20170627,2017-06-27 17:54,NaCl,0.209302326,0.117426572,103.39,4.206666667
BIGC,BIGC.20170712,2017-07-12 17:39,NaCl,0.163636364,0.134093519,89.16,4.063333333
BIGC,BIGC.20170808,2017-08-08 17:31,NaCl,0.136363636,0.112406426,59.79,3.900666667
BIGC,BIGC.20170905,2017-09-05 17:59,NaCl,0.079646018,0.091325323,27.24,3.745
BIGC,BIGC.20171003,2017-10-03 17:08,NaCl,0.101694915,0.103150506,41.47,3.953333333
BIGC,BIGC.20180227,2018-02-27 18:42,NaCl,0.097297297,0.098268976,40.03,4.186666667
BIGC,BIGC.20180409,2018-04-09 19:35,NaCl,0.240641711,0.175967989,177.85,4.2
BIGC,BIGC.20180620,2018-06-20 18:33,NaCl,0.081447964,0.187735187,60.5,3.956666667
BIGC,BIGC.20180813,2018-08-13 19:04,NaCl,NA,NA,NA,3.661666667
BIGC,BIGC.20181023,2018-10-23 17:00,NaCl,0.04137931,0.115326021,18.309,3.836666667
BIGC,BIGC.20181217,2018-12-17 19:13,NaCl,0.070038911,0.178194004,48.57,3.891666667
BIGC,BIGC.20190410,2019-04-10 17:36,NaCl,0.315789474,0.230308478,320.25,4.403333333
BIGC,BIGC.20190508,2019-05-08 17:30,NaCl,0.243243243,0.195919461,195.66,4.105666667
BIGC,BIGC.20190619,2019-06-19 18:46,NaCl,0.202247191,0.174310741,141.65,4.018
BIGC,BIGC.20190813,2019-08-13 17:09,NaCl,0.117647059,0.149101285,68.265,3.891666667
BIGC,BIGC.20190909,2019-09-09 18:58,NaCl,0.074074074,0.171292726,50.064,3.945666667
BIGC,BIGC.20191118,2019-11-18 19:24,NaCl,0.06870229,0.138777054,38.08,3.994
BIGC,BIGC.20191211,2019-12-11 16:49,NaCl,0.15,0.150587846,90.94,4.026
BIGC,BIGC.20200226,2020-02-26 18:26,NaCl,0.094736842,0.141990562,52.26,3.885
BIGC,BIGC.20201104,2020-11-04 17:47,NaCl,0.047244094,0.10073443,16.2,3.404
BIGC,BIGC.20210224,2021-02-24 18:37,NaCl,0.071146245,0.160274983,41.56,3.644666667
BIGC,BIGC.20210408,2021-04-08 18:13,NaCl,0.072874494,0.110374656,30.82,3.831666667
BIGC,BIGC.20220223,2022-02-23 18:38,NaCl,0.076156584,0.146850041,40,3.576666667
BIGC,BIGC.20220511,2022-05-11 17:49,model - slug,0.066895905,0.091376131,22.5455,3.638333333
BIGC,BIGC.20220614,2022-06-14 19:26,model - slug,0.04841629,0.076548238,13.555,3.537333333
BIGC,BIGC.20220822,2022-08-22 16:30,model - slug,NA,NA,5.11,3.287
BIGC,BIGC.20230220,2023-02-20 21:06,model - slug,NA,NA,198.95,4.385666667
BLDE,BLDE.20180604,2018-06-04 16:17,model,0.862790698,0.304379718,1335.84,5.086666667
BLDE,BLDE.20180626,2018-06-26 16:08,NaBr,0.650877193,0.281264096,714.76,3.904333333
BLDE,BLDE.20180703,2018-07-03 17:00,model,0.562121212,0.251735118,500.93,3.54
BLDE,BLDE.20180815,2018-08-15 15:03,NaBr,0.234810127,0.124770161,92.14,3.145
BLDE,BLDE.20180829,2018-08-29 15:43,NaBr,0.229721362,0.134754689,102.32,3.305333333
BLDE,BLDE.20180925,2018-09-25 15:02,NaBr,0.187373737,0.112579816,65.85,3.121666667
BLDE,BLDE.20181011,2018-10-11 16:31,NaBr,0.196296296,0.12854939,75.92,3.008666667
BLDE,BLDE.20181025,2018-10-25 17:43,NaBr,0.203287671,0.112074474,69.55,3.052666667
BLDE,BLDE.20190423,2019-04-23 15:58,NaBr,0.527536232,0.21489653,373.54,3.295
BLDE,BLDE.20190606,2019-06-06 15:43,NaBr,0.859504132,0.303782812,1247.2,4.776666667
BLDE,BLDE.20190709,2019-07-09 14:38,NaBr,0.408988764,0.159870145,245.63,3.756666667
BLDE,BLDE.20190801,2019-08-01 15:35,NaBr,0.277862595,0.144901813,116.44,2.892
BLDE,BLDE.20190820,2019-08-20 15:16,NaBr,0.204494382,0.115273762,71.74,3.043333333
BLDE,BLDE.20200707,2020-07-07 14:38,NaBr,0.364,0.203759383,223.865,3.018333333
BLDE,BLDE.20200817,2020-08-17 14:57,NaBr,0.187628866,0.129716717,71.88,2.953333333
BLDE,BLDE.20200910,2020-09-10 15:55,NaBr,0.183375315,0.113758795,64.925,3.112333333
BLDE,BLDE.20201019,2020-10-19 15:12,NaBr,0.185714286,0.108154354,60.86,3.03
BLUE,BLUE.20170405,2017-04-05 11:45,model,0.233617021,0.225532227,1135.43,21.55
BLUE,BLUE.20170515,2017-05-15 11:47,model,NA,NA,NA,21.01
BLUE,BLUE.20170614,2017-06-14 11:48,model,NA,NA,NA,22.96666667
BLUE,BLUE.20170718,2017-07-18 13:03,model,NA,NA,NA,23.45333333
BLUE,BLUE.20171128,2017-11-28 17:00,model,NA,NA,NA,21.69
BLUE,BLUE.20180123,2018-01-23 14:25,model,NA,NA,NA,22.29666667
BLUE,BLUE.20180131,2018-01-31 17:35,model,0.184313725,0.188514734,761.05,21.90333333
BLUE,BLUE.20180418,2018-04-18 16:15,model,NA,NA,NA,23.04333333
BLUE,BLUE.20180514,2018-05-14 17:26,model,NA,NA,NA,23.55
BLUE,BLUE.20180613,2018-06-13 17:11,model,NA,NA,NA,22.92333333
BLUE,BLUE.20180718,2018-07-18 20:28,model,NA,NA,NA,22.13666667
BLUE,BLUE.20181126,2018-11-26 19:35,model - slug,NA,NA,NA,23.35666667
BLUE,BLUE.20190411,2019-04-11 17:10,model - slug,0.366666667,0.403178855,3401.62,23.01
BLUE,BLUE.20190530,2019-05-30 16:44,model - slug,0.522222222,0.509143286,6107.4,22.97
BLUE,BLUE.20190612,2019-06-12 13:36,model - slug,0.406666667,0.486477406,4604.26,23.27333333
BLUE,BLUE.20190718,2019-07-18 16:52,model - slug,0.348148148,0.283967038,2381.6,24.09
BLUE,BLUE.20191114,2019-11-14 17:39,model - slug,0.475949367,0.286428337,3240,23.76666667
BLUE,BLUE.20210802,2021-08-02 19:00,model - slug,NA,NA,NA,24.31666667
BLUE,BLUE.20210818,2021-08-18 18:05,model - slug,0.26262069,0.208494781,1330,24.29
BLUE,BLUE.20210831,2021-08-31 16:21,model - slug,0.260821918,0.181249114,1130,23.90333333
BLUE,BLUE.20210907,2021-09-07 18:25,model - slug,0.25557047,0.195557185,1170,23.41
CARI,CARI.20160902,2016-09-02 13:50,NaCl,NA,NA,NA,3.11
CARI,CARI.20170601,2017-06-01 20:03,NaBr,NA,NA,NA,2.686666667
CARI,CARI.20170622,2017-06-22 19:37,NaBr,NA,NA,NA,2.883333333
CARI,CARI.20170706,2017-07-06 19:48,NaBr,0.330656219,0.221571569,224.31,3.061666667
CARI,CARI.20170720,2017-07-20 20:23,NaBr,0.290283749,0.242912611,181.69,2.576666667
CARI,CARI.20170803,2017-08-03 18:57,NaBr,0.274918567,0.195163607,163.18,3.041333333
CARI,CARI.20170810,2017-08-10 18:02,NaBr,0.26375,0.214575878,147.9,2.613333333
CARI,CARI.20170818,2017-08-18 17:49,NaBr,NA,NA,NA,3.098333333
CARI,CARI.20170825,2017-08-25 16:42,NaBr,NA,NA,NA,3.401
CARI,CARI.20170915,2017-09-15 18:31,NaBr,0.302508961,0.216733077,193.85,2.956666667
CARI,CARI.20170921,2017-09-21 18:31,NaBr,0.28634436,0.243767225,203.82,2.92
CARI,CARI.20180525,2018-05-25 20:53,NaBr,0.59020979,0.452570273,1007.01,3.77
CARI,CARI.20180620,2018-06-20 20:41,NaBr,0.394853801,0.252446591,337.548,3.386333333
CARI,CARI.20180628,2018-06-28 20:42,NaBr,0.432820513,0.315964917,448.56,3.28
CARI,CARI.20180719,2018-07-19 18:51,NaBr,0.398113208,0.302315641,370.014,3.074333333
CARI,CARI.20180914,2018-09-14 18:32,NaBr,0.439583333,0.298996441,450.38,3.426666667
CARI,CARI.20181005,2018-10-05 19:46,NaBr,0.48297568,0.389998934,565.08,3
CARI,CARI.20190530,2019-05-30 18:37,NaBr,0.372626932,0.221112735,237.73,2.885333333
CARI,CARI.20190613,2019-06-13 20:39,NaBr,0.326499033,NA,NA,2.203333333
CARI,CARI.20190625,2019-06-25 19:37,NaBr,0.326815102,NA,NA,3.136666667
CARI,CARI.20190718,2019-07-18 20:04,NaBr,0.334257426,NA,NA,2.751666667
CARI,CARI.20190809,2019-08-09 18:50,NaBr,0.493567251,0.44777524,614.4,2.78
CARI,CARI.20190913,2019-09-13 20:46,NaBr,0.358006363,0.541575963,345.12,1.78
CARI,CARI.20200605,2020-06-05 19:43,NaBr,0.443044619,0.342910606,504.39,3.32
CARI,CARI.20200619,2020-06-19 19:22,NaBr,0.445970938,0.355021729,488.71,3.086666667
CARI,CARI.20200710,2020-07-10 19:31,NaBr,0.503880597,0.394518314,644.08,3.24
CARI,CARI.20200729,2020-07-29 19:00,NaBr,0.53081761,0.540874895,921.61,3.21
CARI,CARI.20200814,2020-08-14 19:41,NaBr,0.543639291,0.452400612,859.16,3.493333333
CARI,CARI.20200923,2020-09-23 20:00,NaBr,0.469541029,0.365257634,589,3.434333333
CARI,CARI.20210521,2021-05-21 20:02,NaBr,0.442463958,0.306155004,410,3.026666667
CARI,CARI.20210702,2021-07-02 21:22,NaBr,0.346730572,0.222941442,210,2.716666667
CARI,CARI.20210806,2021-08-06 19:46,NaBr,0.367755991,0.230874989,240,2.826666667
CARI,CARI.20210811,2021-08-11 19:48,NaBr,0.443626807,0.24485941,340,3.13
CARI,CARI.20210818,2021-08-18 19:43,NaBr,0.660665362,0.56147696,1030,2.776666667
CARI,CARI.20220527,2022-05-27 22:02,model - slug,0.597522124,0.414979084,810,3.266666667
CARI,CARI.20220613,2022-06-13 21:58,model - slug,0.396709753,0.284552708,330,2.923333333
CARI,CARI.20220812,2022-08-12 20:13,model - slug,0.445382586,0.305824381,400,2.936666667
CARI,CARI.20221013,2022-10-13 20:36,model - slug,NA,NA,260,3.233333333
COMO,COMO.20151012,2015-10-12 16:50,NaCl,NA,NA,NA,1.76
COMO,COMO.20170620,2017-06-20 17:10,NaCl,0.287197232,0.294770453,251.94,2.976
COMO,COMO.20170627,2017-06-27 16:27,NaCl,0.276666667,0.28749347,189.57,2.383333333
COMO,COMO.20170706,2017-07-06 16:45,NaCl,0.218421053,0.212533307,105.3,2.268333333
COMO,COMO.20170717,2017-07-17 18:00,NaCl,0.145614035,0.117188626,35.38,2.073333333
COMO,COMO.20170725,2017-07-25 16:04,NaCl,0.116901408,0.083055304,18.48,1.903333333
COMO,COMO.20170802,2017-08-02 16:02,NaCl,0.096511628,0.057421249,10.16,1.833333333
COMO,COMO.20170808,2017-08-08 16:40,NaCl,0.138333333,0.131441502,35.82,1.97
COMO,COMO.20170822,2017-08-22 16:07,NaCl,0.054605263,0.058751906,5.24,1.633333333
COMO,COMO.20170925,2017-09-25 17:49,NaCl,NA,NA,NA,1.986666667
COMO,COMO.20171019,2017-10-19 16:04,NaCl,0.045108696,0.037022584,2.75,1.646666667
COMO,COMO.20180619,2018-06-19 16:15,NaCl,0.248,0.248509818,132.3,2.146666667
COMO,COMO.20180712,2018-07-12 16:02,NaCl,0.079047619,0.060367335,7.81,1.636666667
COMO,COMO.20180723,2018-07-23 15:57,NaCl,0.089247312,0.058226957,9.78,1.882
COMO,COMO.20180806,2018-08-06 15:31,NaCl,0.05,0.05019685,4.25,1.693333333
COMO,COMO.20180917,2018-09-17 15:34,NaBr,0.026059655,0.012027513,0.42,1.34
COMO,COMO.20181001,2018-10-01 15:21,NaBr,0.023479491,0.037050152,1.07,1.23
COMO,COMO.20190618,2019-06-18 17:18,NaBr,0.436842105,0.329361313,373.03,2.592666667
COMO,COMO.20190806,2019-08-06 19:56,NaBr,0.093,0.089653208,12.59,1.51
COMO,COMO.20190916,2019-09-16 16:44,NaBr,0.042894057,0.033950132,2.73,1.874666667
COMO,COMO.20190930,2019-09-30 16:29,NaBr,0.033739837,0.05901482,3,1.506666667
COMO,COMO.20191009,2019-10-09 17:18,NaBr,0.027302632,0.062256192,2.34,1.376666667
COMO,COMO.20200715,2020-07-15 15:37,NaBr,0.166545455,0.087199782,27.69,1.906666667
COMO,COMO.20200729,2020-07-29 16:44,NaBr,0.08097561,0.080141248,10.699,1.648666667
COMO,COMO.20200812,2020-08-12 16:09,NaBr,0.045604396,0.0406712,3.372,1.818
COMO,COMO.20200825,2020-08-25 15:04,NaBr,0.03952381,0.043195734,2.43,1.423333333
COMO,COMO.20200909,2020-09-09 17:31,NaBr,0.033363229,NA,NA,1.4
COMO,COMO.20201015,2020-10-15 15:36,NaBr,0.020493827,0.040851779,1.08,1.29
COMO,COMO.20210715,2021-07-15 17:03,NaBr,0.153136531,0.071063076,19.425,1.785
COMO,COMO.20210722,2021-07-22 14:46,NaBr,0.118911175,0.071222465,15.555,1.836666667
COMO,COMO.20210726,2021-07-26 16:23,NaBr,0.10479798,0.061345952,12.74,1.981666667
COMO,COMO.20210809,2021-08-09 15:44,NaBr,0.071061644,0.050068739,6.23,1.751
COMO,COMO.20210823,2021-08-23 15:26,NaBr,0.053444945,0.079603876,6.41,1.506666667
COMO,COMO.20220615,2022-06-15 16:33,model - slug,0.342975207,0.313275844,269.51,2.508333333
COMO,COMO.20220714,2022-07-14 16:36,model - slug,0.100540541,0.107591501,17.25,1.594666667
COMO,COMO.20220725,2022-07-25 15:57,model - slug,0.134304207,0.103991017,26.35,1.886666667
COMO,COMO.20220906,2022-09-06 15:01,model - slug,NA,NA,3.61,1.59
CUPE,CUPE.20150305,2015-03-05 13:25,NaCl,NA,NA,NA,4.918333333
CUPE,CUPE.20150326,2015-03-26 12:30,NaCl,0.165092838,NA,NA,5.26
CUPE,CUPE.20150407,2015-04-07 13:00,NaCl,0.393924051,NA,NA,NA
CUPE,CUPE.20160728,2016-07-28 10:55,NaCl,0.111111111,NA,NA,4.323666667
CUPE,CUPE.20161007,2016-10-07 12:02,NaCl,NA,NA,NA,5.866666667
CUPE,CUPE.20161102,2016-11-02 11:15,NaCl,0.407407407,0.225602479,606.62,6.6
CUPE,CUPE.20170308,2017-03-08 11:50,NaCl,NA,NA,NA,4.483333333
CUPE,CUPE.20170413,2017-04-13 11:28,NaCl,0.152906977,0.10830283,76.95,4.646666667
CUPE,CUPE.20170510,2017-05-10 11:45,NaCl,0.137696335,0.075538415,50.88,4.891666667
CUPE,CUPE.20170609,2017-06-09 12:19,NaCl,0.149659864,0.082925346,56.22,4.53
CUPE,CUPE.20170721,2017-07-21 12:01,NaCl,NA,NA,NA,4.4
CUPE,CUPE.20170823,2017-08-23 11:38,NaCl,0.239090909,0.093459077,119.1,5.33
CUPE,CUPE.20170911,2017-09-11 12:24,NaCl,0.305813953,0.115632287,198.97,5.626666667
CUPE,CUPE.20171019,2017-10-19 12:00,NaCl,NA,NA,NA,5.686666667
CUPE,CUPE.20171103,2017-11-03 12:00,NaCl,0.417460317,0.133896388,313.02,5.6
CUPE,CUPE.20171215,2017-12-15 12:19,NaCl,0.196268657,0.095615031,86.7,4.62
CUPE,CUPE.20180308,2018-03-08 12:04,NaCl,0.166455696,0.054645091,38,4.177666667
CUPE,CUPE.20180405,2018-04-05 12:19,NaCl,0.144505495,0.08969611,59.04,4.555
CUPE,CUPE.20180503,2018-05-03 11:46,NaCl,0.174172185,0.067589881,48.749,4.141
CUPE,CUPE.20180605,2018-06-05 11:45,NaCl,NA,NA,NA,3.847666667
CUPE,CUPE.20180816,2018-08-16 11:58,NaCl,0.109009009,0.135194097,63.13,4.283666667
CUPE,CUPE.20180905,2018-09-05 12:14,NaCl,0.149431818,0.116634415,87.83,5.039333333
CUPE,CUPE.20190319,2019-03-19 11:51,NaCl,0.126442308,0.059508628,33.91,4.506666667
CUPE,CUPE.20190422,2019-04-22 11:39,NaCl,0.103137255,0.064109352,29.6,4.476666667
CUPE,CUPE.20190509,2019-05-09 12:00,NaCl,0.085113269,0.076174269,26.755,4.126666667
CUPE,CUPE.20190801,2019-08-01 11:57,NaCl,0.13626943,0.060357076,35.12,4.27
CUPE,CUPE.20190911,2019-09-11 11:30,NaCl,0.213821138,0.091965617,105.99,5.39
CUPE,CUPE.20191017,2019-10-17 12:20,NaCl,0.392537313,0.243448269,674.99,7.063333333
CUPE,CUPE.20200617,2020-06-17 12:23,NaCl,NA,NA,NA,4.913333333
CUPE,CUPE.20200728,2020-07-28 12:16,NaCl,0.2232,0.047296293,56.02,5.306666667
CUPE,CUPE.20200819,2020-08-19 12:26,NaCl,0.219685039,0.038718018,44.23,5.2
CUPE,CUPE.20200916,2020-09-16 11:41,NaCl,0.306593407,0.036603279,61.33,5.465
CUPE,CUPE.20201222,2020-12-22 12:30,NaCl,0.188513514,0.029400953,25.27,4.559333333
CUPE,CUPE.20210310,2021-03-10 12:03,NaCl,0.124553571,0.047679547,28.85,4.858
CUPE,CUPE.20210518,2021-05-18 11:58,NaCl,0.129767442,0.033846244,17.51,3.986666667
CUPE,CUPE.20210817,2021-08-17 11:39,NaCl,0.228688525,0.07574862,84.01,4.849666667
CUPE,CUPE.20210916,2021-09-16 13:23,NaCl,0.199285714,0.03522076,31.41,4.475
CUPE,CUPE.20211006,2021-10-06 12:06,NaCl,0.172222222,0.044549499,35.6,4.64
CUPE,CUPE.20211101,2021-11-01 12:01,NaCl,0.192413793,0.030372701,26.02,4.452333333
CUPE,CUPE.20220309,2022-03-09 12:04,NaCl,0.137438424,0.06688809,48.11,5.233333333
CUPE,CUPE.20220411,2022-04-11 13:41,NaCl,0.236440678,0.019344536,19.73,4.313666667
GUIL,GUIL.20150108,2015-01-08 13:50,NaCl,NA,NA,NA,NA
GUIL,GUIL.20150129,2015-01-29 14:15,NaCl,NA,NA,NA,NA
GUIL,GUIL.20150318,2015-03-18 13:30,NaCl,NA,NA,NA,5.586666667
GUIL,GUIL.20150416,2015-04-16 13:03,NaCl,NA,NA,NA,5.45
GUIL,GUIL.20160722,2016-07-22 13:42,NaCl,0.134761905,0.223427918,159.38,5.293333333
GUIL,GUIL.20160929,2016-09-29 11:00,NaCl,NA,NA,NA,5.688333333
GUIL,GUIL.20161104,2016-11-04 11:20,NaCl,0.175776398,0.356894001,364.71,5.813636364
GUIL,GUIL.20170313,2017-03-13 12:05,NaCl,0.109958506,0.16772361,102.83,5.575666667
GUIL,GUIL.20170411,2017-04-11 11:55,NaCl,0.273205128,0.318985936,526.668,6.043333333
GUIL,GUIL.20170512,2017-05-12 11:44,NaCl,0.23553719,0.257881564,359.18,5.913333333
GUIL,GUIL.20170607,2017-06-07 11:39,NaCl,0.118257261,0.202487411,114.46,4.78
GUIL,GUIL.20170727,2017-07-27 11:25,NaCl,NA,NA,NA,5.073333333
GUIL,GUIL.20170816,2017-08-16 11:52,NaCl,NA,NA,NA,5.056666667
GUIL,GUIL.20170914,2017-09-14 12:51,NaCl,0.219230769,0.266333542,311.6,5.336666667
GUIL,GUIL.20171024,2017-10-24 12:00,NaCl,0.174846626,0.268025364,371.47,7.926666667
GUIL,GUIL.20171101,2017-11-01 12:30,NaCl,0.245689655,0.317495098,667.205,8.553333333
GUIL,GUIL.20171218,2017-12-18 12:26,NaCl,0.154891304,0.22752695,268.015,7.605
GUIL,GUIL.20180313,2018-03-13 12:36,NaCl,0.098492462,0.138349244,94.09,6.905
GUIL,GUIL.20180402,2018-04-02 12:00,NaCl,0.098492462,0.228113641,150.24,6.687
GUIL,GUIL.20180501,2018-05-01 12:25,NaCl,0.098989899,0.208501393,130.49,6.322333333
GUIL,GUIL.20180614,2018-06-14 11:51,NaCl,0.08558952,0.164068217,89.61,6.381333333
GUIL,GUIL.20180814,2018-08-14 11:59,NaCl,0.058160237,0.242077368,80.51,5.718333333
GUIL,GUIL.20180913,2018-09-13 11:28,NaCl,0.1225,0.205827689,152.46,6.046666667
GUIL,GUIL.20190307,2019-03-07 12:55,NaCl,0.063843648,0.169624311,57.1,5.272666667
GUIL,GUIL.20190411,2019-04-11 12:49,NaCl,0.071532847,0.172515276,63.06,5.11
GUIL,GUIL.20190502,2019-05-02 12:01,NaCl,0.07340824,0.140580939,53.46,5.180333333
GUIL,GUIL.20190807,2019-08-07 12:31,NaCl,0.096551724,0.22191647,99.49,4.643333333
GUIL,GUIL.20190927,2019-09-27 13:20,NaCl,0.178181818,0.507909884,492.02,5.436666667
GUIL,GUIL.20191010,2019-10-10 11:35,NaCl,0.138028169,0.32892439,254.85,5.613333333
GUIL,GUIL.20200729,2020-07-29 12:38,NaCl,0.09245283,0.20399454,98.7,5.233333333
GUIL,GUIL.20200812,2020-08-12 12:32,NaCl,0.112643678,0.282020492,179.7,5.656666667
GUIL,GUIL.20200924,2020-09-24 12:00,NaCl,NA,NA,NA,5.613333333
GUIL,GUIL.20201216,2020-12-16 12:54,NaCl,0.1225,0.197800001,138.55,5.718
GUIL,GUIL.20210303,2021-03-03 12:51,NaCl,0.076264591,0.17027695,66.03,5.084666667
GUIL,GUIL.20210825,2021-08-25 13:10,NaCl,0.091588785,0.20659156,81.52,4.308333333
GUIL,GUIL.20210929,2021-09-29 13:05,NaCl,0.173451327,0.43014067,431.61,5.785
GUIL,GUIL.20211026,2021-10-26 12:26,NaCl,0.192156863,0.302552152,349.6,6.013333333
GUIL,GUIL.20211118,2021-11-18 13:24,NaCl,0.138028169,0.322921544,227.17,5.096666667
GUIL,GUIL.20220322,2022-03-22 13:18,NaCl,0.089908257,0.202869824,89.04,4.881666667
GUIL,GUIL.20220404,2022-04-04 12:55,NaCl,0.091162791,0.187041647,83.75,4.911666667
GUIL,GUIL.20220831,2022-08-31 12:17,model - slug,0.14,0.28501697,194.83,4.882666667
GUIL,GUIL.20230503,2023-05-03 13:52,model - slug,NA,NA,208.67,6.808333333
HOPB,HOPB.20160414,2016-04-14 10:30,NaCl,0.330097087,0.143089953,280.41,5.936666667
HOPB,HOPB.20160428,2016-04-28 09:26,NaCl,NA,NA,NA,5.57
HOPB,HOPB.20160512,2016-05-12 10:23,NaCl,NA,NA,NA,5.236666667
HOPB,HOPB.20160526,2016-05-26 10:20,NaCl,NA,NA,NA,4.986666667
HOPB,HOPB.20160616,2016-06-16 10:30,NaCl,0.091576087,NA,NA,5.2
HOPB,HOPB.20160630,2016-06-30 13:30,model,NA,NA,NA,4.246666667
HOPB,HOPB.20160930,2016-09-30 15:00,model,NA,NA,8.6,NA
HOPB,HOPB.20170228,2017-02-28 11:30,NaCl,NA,NA,NA,5.883333333
HOPB,HOPB.20170323,2017-03-23 15:30,model,NA,NA,181.585,NA
HOPB,HOPB.20170410,2017-04-10 12:00,NaCl,0.306363636,0.24448765,505.09,6.743333333
HOPB,HOPB.20170510,2017-05-10 10:48,NaCl,0.358510638,0.121619047,270.04,6.193333333
HOPB,HOPB.20170607,2017-06-07 13:00,NaBr,0.702083333,0.190041325,869.93,6.52
HOPB,HOPB.20170621,2017-06-21 09:36,NaCl,0.298230088,0.083029779,160.21,6.47
HOPB,HOPB.20170705,2017-07-05 10:31,NaCl,NA,NA,NA,4.35
HOPB,HOPB.20170818,2017-08-18 20:15,NaCl,0.127651515,0.032526768,18.2,4.383333333
HOPB,HOPB.20170927,2017-09-27 16:06,NaCl,1.773684211,NA,NA,7.39
HOPB,HOPB.20171116,2017-11-16 15:00,NaCl,0.237323944,0.083404119,102.07,5.156666667
HOPB,HOPB.20180423,2018-04-23 15:45,NaCl,0.360810811,NA,NA,5.736666667
HOPB,HOPB.20180523,2018-05-23 12:58,NaCl,0.230172414,NA,NA,5.383333333
HOPB,HOPB.20180605,2018-06-05 13:24,NaCl,0.196323529,NA,NA,5.09
HOPB,HOPB.20180809,2018-08-09 13:25,model,0.263054187,NA,NA,NA
HOPB,HOPB.20180920,2018-09-20 13:02,NaBr,0.4171875,NA,NA,5.87
HOPB,HOPB.20180926,2018-09-26 14:17,NaBr,0.580434783,NA,NA,5.726666667
HOPB,HOPB.20181016,2018-10-16 14:42,NaBr,0.373426573,NA,NA,5.386666667
HOPB,HOPB.20181108,2018-11-08 14:10,NaBr,0.464347826,NA,NA,5.688333333
HOPB,HOPB.20190422,2019-04-22 15:39,NaBr,NA,NA,NA,6.023333333
HOPB,HOPB.20190604,2019-06-04 16:17,NaBr,0.123931624,0.235243364,151.99,5.213333333
HOPB,HOPB.20190618,2019-06-18 13:30,NaBr,0.242727273,0.105465163,140.54,5.49
HOPB,HOPB.20190729,2019-07-29 16:52,NaBr,0.11695138,0.081793077,44.21,4.621666667
HOPB,HOPB.20190916,2019-09-16 13:54,NaBr,0.031541642,0.118182896,13.78,3.696666667
HOPB,HOPB.20191015,2019-10-15 14:51,NaBr,0.034961372,0.086614707,10.75,3.55
HOPB,HOPB.20191106,2019-11-06 14:46,NaBr,0.118930958,0.105183293,61.13,4.886666667
HOPB,HOPB.20200909,2020-09-09 14:56,NaBr,0.031785714,0.046656269,5.235,3.53
HOPB,HOPB.20200915,2020-09-15 13:20,NaBr,0.030217863,0.044478145,4.675,3.478333333
HOPB,HOPB.20201014,2020-10-14 17:02,NaBr,0.125548589,0.133792447,92.33,5.496666667
HOPB,HOPB.20201021,2020-10-21 13:22,NaBr,0.071010638,0.062016919,19.01,4.316666667
HOPB,HOPB.20201112,2020-11-12 15:50,NaBr,0.064213564,0.127883341,36.05,4.39
HOPB,HOPB.20210428,2021-04-28 13:40,NaBr,0.251886792,0.144681535,200.56,5.503333333
HOPB,HOPB.20210531,2021-05-31 15:55,NaBr,0.423809524,0.3359967,814.52,5.72
HOPB,HOPB.20210816,2021-08-16 16:15,NaBr,0.076945245,0.131018871,50.44,5.003333333
HOPB,HOPB.20210927,2021-09-27 15:55,NaBr,0.125352113,0.137877035,92.465,5.35
HOPB,HOPB.20211006,2021-10-06 13:14,NaBr,0.337974684,0.161291467,336.16,6.166666667
HOPB,HOPB.20211109,2021-11-09 16:35,NaBr,0.259223301,0.132572127,181.795,5.29
HOPB,HOPB.20220531,2022-05-31 15:39,model - slug,0.140897098,0.110769135,79.7,5.106666667
HOPB,HOPB.20230502,2023-05-02 14:59,NaBr,NA,NA,NA,6.526666667
KING,KING.20150721,2015-07-21 15:51,NaCl,NA,NA,NA,4.026666667
KING,KING.20150729,2015-07-29 16:00,NaBr,NA,NA,NA,3.683333333
KING,KING.20150819,2015-08-19 14:30,NaBr,NA,NA,NA,3.706666667
KING,KING.20150902,2015-09-02 15:45,NaBr,NA,NA,NA,3.583333333
KING,KING.20160519,2016-05-19 14:00,NaBr,NA,NA,NA,5.216666667
KING,KING.20160706,2016-07-06 14:26,NaBr,0.035573123,0.134027531,21.455,4.5
KING,KING.20170425,2017-04-25 17:25,NaBr,0.176470588,0.157645278,128.62,4.623333333
KING,KING.20170523,2017-05-23 13:50,NaBr,0.113636364,0.127899888,65.04,4.475
KING,KING.20170622,2017-06-22 14:49,NaBr,0.042247191,0.070075057,11.235,3.795
KING,KING.20170720,2017-07-20 12:50,NaBr,NA,NA,NA,3.398333333
KING,KING.20190321,2019-03-21 14:38,NaBr,0.291176471,0.101910171,140.11,4.721666667
KING,KING.20190510,2019-05-10 14:11,NaBr,0.55,0.173843131,678.22,7.093333333
KING,KING.20190522,2019-05-22 15:00,NaBr,0.61875,0.174689665,751.04,6.948333333
KING,KING.20190621,2019-06-21 16:14,NaBr,0.211111111,0.121606254,126.18,4.915
KING,KING.20190628,2019-06-28 13:53,model - slug,0.14829932,0.197289016,158.87,5.43
KING,KING.20190822,2019-08-22 13:35,model - slug,0.030532213,0.172605101,22.38,4.246666667
KING,KING.20190918,2019-09-18 16:00,model - slug,0.058201058,0.182722548,45.02,4.233333333
KING,KING.20200319,2020-03-19 13:34,model - slug,0.151724138,NA,NA,5.02
KING,KING.20200623,2020-06-23 18:05,model - slug,0.055137845,1.198778833,310,4.69
LECO,LECO.20161107,2016-11-07 17:00,NaCl,NA,NA,NA,4.816666667
LECO,LECO.20170208,2017-02-08 16:15,NaCl,NA,NA,NA,6.226666667
LECO,LECO.20170410,2017-04-10 16:28,NaCl,0.179738562,0.17581684,247.015,7.816666667
LECO,LECO.20170605,2017-06-05 15:22,NaCl,0.152777778,0.123951231,140.26,7.406666667
LECO,LECO.20170802,2017-08-02 15:30,NaCl,NA,NA,NA,5.513333333
LECO,LECO.20171012,2017-10-12 15:42,NaCl,NA,NA,NA,5.24
LECO,LECO.20171207,2017-12-07 17:18,NaCl,0.150767544,0.144639163,146.615,6.723333333
LECO,LECO.20180226,2018-02-26 17:15,NaCl,0.206146927,0.1968624,283.8075,6.993333333
LECO,LECO.20180419,2018-04-19 15:04,NaCl,NA,NA,NA,7.603333333
LECO,LECO.20180618,2018-06-18 16:25,NaCl,0.233050847,0.188398511,300.32,6.84
LECO,LECO.20180815,2018-08-15 17:06,NaCl,NA,NA,NA,7.883333333
LECO,LECO.20180924,2018-09-24 15:19,NaCl,0.172521957,0.179826316,206.93,6.67
LECO,LECO.20181114,2018-11-14 16:46,NaCl,NA,NA,NA,7.3
LECO,LECO.20181218,2018-12-18 16:11,NaCl,NA,NA,NA,7.186666667
LECO,LECO.20190131,2019-01-31 16:20,NaCl,0.180564675,0.188057564,245.2795,7.223333333
LECO,LECO.20190214,2019-02-14 16:27,NaCl,0.213013168,0.221763783,352.4,7.46
LECO,LECO.20190425,2019-04-25 15:20,NaCl,0.231871838,0.295597565,426.095,6.216666667
LECO,LECO.20190718,2019-07-18 12:57,NaCl,0.117924528,0.104063231,81.688,6.656666667
LECO,LECO.20190808,2019-08-08 15:17,NaCl,0.125341841,0.143669023,116.33,6.46
LECO,LECO.20191009,2019-10-09 15:31,NaCl,0.058164129,0.07390522,23.055,5.363333333
LECO,LECO.20191112,2019-11-12 17:02,model - CRI,0.116426757,0.14471032,123.16,7.31
LECO,LECO.20191218,2019-12-18 17:42,NaCl,0.29538131,0.24155284,550.11,7.71
LECO,LECO.20200219,2020-02-19 16:13,NaCl,0.279471545,0.248519596,518.128,7.46
LECO,LECO.20200618,2020-06-18 15:39,NaCl,0.139381652,0.1509616,135.085,6.42
LECO,LECO.20201117,2020-11-17 16:58,NaCl,0.134803922,0.13675966,144.782,7.853333333
LECO,LECO.20210215,2021-02-15 16:43,NaCl,NA,NA,NA,7.61
LECO,LECO.20210415,2021-04-15 14:55,NaCl,NA,NA,NA,7.126666667
LECO,LECO.20210628,2021-06-28 15:52,NaCl,0.113636364,0.128024179,93.06,6.396666667
LECO,LECO.20210826,2021-08-26 15:29,NaCl,0.144736842,0.166364159,167.59,6.96
LECO,LECO.20210929,2021-09-29 15:18,NaCl,0.124434389,0.177101149,137.22,6.226666667
LECO,LECO.20211117,2021-11-17 16:31,NaCl,0.06840796,0.108524251,44.791,6.033333333
LECO,LECO.20220216,2022-02-16 16:40,NaCl,0.148033473,0.15867994,163.49,6.96
LECO,LECO.20220627,2022-06-27 21:20,model - slug,0.110909091,0.119255767,74.73,5.65
LECO,LECO.20220926,2022-09-26 16:10,model - slug,0.095621622,0.077857893,45.6,6.125
LECO,LECO.20221116,2022-11-16 16:23,model - slug,0.227313978,0.130112355,214.33,7.246666667
LECO,LECO.20230215,2023-02-15 17:23,model - slug,0.215731707,0.150248449,203.88,6.29
LECO,LECO.20230412,2023-04-12 14:55,model - slug,NA,NA,179.4525,7.076666667
LEWI,LEWI.20160526,2016-05-26 10:24,NaCl,0.16583983,0.119972755,64.57,3.245333333
LEWI,LEWI.20160621,2016-06-21 09:35,NaCl,0.148101266,0.102088068,46.23,3.057666667
LEWI,LEWI.20160715,2016-07-15 09:43,NaCl,0.136842105,0.098896343,42.21,3.119
LEWI,LEWI.20160825,2016-08-25 08:15,NaCl,0.099574468,0.092164634,26.51,2.888666667
LEWI,LEWI.20160920,2016-09-20 08:33,NaCl,0.090697674,0.083516604,23.05,3.043
LEWI,LEWI.20161011,2016-10-11 08:11,NaCl,0.092125984,0.090414056,27.168,3.261666667
LEWI,LEWI.20161205,2016-12-05 08:22,NaCl,NA,NA,NA,3.177333333
LEWI,LEWI.20170119,2017-01-19 08:21,NaCl,0.083274021,0.057375379,15.81,3.309
LEWI,LEWI.20170202,2017-02-02 08:14,NaCl,0.115270936,0.109117365,40.82,3.245333333
LEWI,LEWI.20170526,2017-05-26 06:51,NaCl,0.26,0.179827492,159.7,3.415666667
LEWI,LEWI.20170531,2017-05-31 06:42,NaCl,0.216666667,0.148260647,109.39,3.405333333
LEWI,LEWI.20170615,2017-06-15 06:46,NaCl,0.15704698,0.124740787,60.945,3.111
LEWI,LEWI.20170811,2017-08-11 13:13,NaCl,0.133714286,0.150385544,62.9,3.128
LEWI,LEWI.20170830,2017-08-30 12:09,NaCl,0.10173913,0.125271176,42.53,3.337
LEWI,LEWI.20170914,2017-09-14 12:06,NaCl,NA,NA,NA,3.111333333
LEWI,LEWI.20171004,2017-10-04 12:14,NaCl,0.066666667,0.119641764,26.05,3.266
LEWI,LEWI.20171207,2017-12-07 13:18,NaCl,0.062068966,0.120014497,24.55,3.295666667
LEWI,LEWI.20180131,2018-01-31 13:17,NaCl,0.07826087,0.129519492,33.166,3.272
LEWI,LEWI.20180516,2018-05-16 12:20,NaCl,0.201724138,0.147112201,108.565,3.658333333
LEWI,LEWI.20180627,2018-06-27 12:17,NaCl,0.265909091,0.193909068,203.98,3.956
LEWI,LEWI.20180815,2018-08-15 12:04,NaCl,0.201724138,0.196822073,148.77,3.747
LEWI,LEWI.20181001,2018-10-01 12:34,NaCl,0.383606557,0.223680698,353.89,4.124333333
LEWI,LEWI.20181206,2018-12-06 13:18,model - CRI,0.296202532,0.194793392,222.35,3.853666667
LEWI,LEWI.20190425,2019-04-25 12:02,NaCl,0.254347826,0.165626724,145.52,3.454333333
LEWI,LEWI.20190523,2019-05-23 12:12,NaCl,0.26,0.164951902,159.47,3.718333333
LEWI,LEWI.20190620,2019-06-20 12:15,NaCl,0.135260116,0.218064344,101.71,3.448333333
LEWI,LEWI.20190918,2019-09-18 12:09,NaCl,0.087313433,0.118545798,30.7,2.966
LEWI,LEWI.20191010,2019-10-10 12:00,NaCl,0.081818182,0.098663612,25.84,3.201
LEWI,LEWI.20191205,2019-12-05 13:18,NaCl,0.050649351,0.134002285,22.85,3.366666667
LEWI,LEWI.20200203,2020-02-03 13:09,NaCl,0.076973684,0.170316184,44.39,3.386
LEWI,LEWI.20200629,2020-06-29 12:04,NaCl,0.106363636,0.087325941,27.32,2.941333333
LEWI,LEWI.20200803,2020-08-03 12:16,NaCl,0.067630058,0.110048866,20.75,2.788
LEWI,LEWI.20200915,2020-09-15 11:56,NaCl,NA,NA,NA,3.114333333
LEWI,LEWI.20201005,2020-10-05 12:19,NaCl,0.050649351,0.098223855,16.235,3.263333333
LEWI,LEWI.20201210,2020-12-10 13:19,model - CRI,0.047464503,0.184946647,29.75,3.389
LEWI,LEWI.20210223,2021-02-23 12:32,NaCl,0.16137931,0.132756149,75.22,3.511
LEWI,LEWI.20210506,2021-05-06 12:04,NaCl,0.13,0.150753108,57.35,2.926333333
LEWI,LEWI.20210826,2021-08-26 12:08,NaCl,0.082105263,0.110480227,24.655,2.718
LEWI,LEWI.20210921,2021-09-21 12:00,NaCl,0.086807018,0.072267853,19.025,3.032666667
LEWI,LEWI.20211014,2021-10-14 12:08,NaCl,0.080064725,0.06336906,15.39,3.033333333
LEWI,LEWI.20211216,2021-12-16 13:10,NaCl,0.059614458,0.080661235,15.7,3.265
LEWI,LEWI.20220216,2022-02-16 13:26,NaCl,0.093007519,0.110567282,31.79,3.091333333
LEWI,LEWI.20220517,2022-05-17 13:11,model - slug,0.183259259,0.107676653,68.42,3.467333333
LEWI,LEWI.20220913,2022-09-13 12:50,model - slug,0.123391521,0.074190495,30.46,3.327333333
LEWI,LEWI.20221128,2022-11-28 19:04,model - slug,NA,NA,28.43,3.130333333
LEWI,LEWI.20230504,2023-05-04 14:59,model - slug,0.134456522,0.110705722,40.81,2.741666667
MART,MART.20170126,2017-01-26 10:00,NaCl,0.318617021,0.162524246,353.16,6.82
MART,MART.20170202,2017-02-02 09:12,NaCl,0.232170543,0.15687468,203.84,5.596666667
MART,MART.20170214,2017-02-14 10:40,NaCl,0.447014925,0.227859545,646.45,6.346666667
MART,MART.20170228,2017-02-28 10:17,NaCl,0.336516854,0.237475692,424.08,5.306666667
MART,MART.20170725,2017-07-25 18:00,NaCl,0.066660413,0.083285644,19.45,3.503333333
MART,MART.20170822,2017-08-22 17:15,NaCl,0.035143422,0.062083259,6.16,2.823333333
MART,MART.20171204,2017-12-04 18:28,NaCl,NA,NA,NA,6.723333333
MART,MART.20171214,2017-12-14 18:05,NaCl,NA,NA,NA,4.986666667
MART,MART.20180215,2018-02-15 18:23,NaCl,0.255611511,NA,NA,5.303333333
MART,MART.20181012,2018-10-12 16:48,model - CRI,NA,NA,2.38,3.053333333
MART,MART.20181108,2018-11-08 17:17,NaCl,0.123368056,0.093005623,50.6,4.41
MART,MART.20181115,2018-11-15 17:23,NaCl,NA,NA,NA,2.806666667
MART,MART.20181204,2018-12-04 18:38,NaCl,0.273307692,0.120624608,162.97,4.943333333
MART,MART.20181228,2018-12-28 18:12,NaBr,0.453651685,0.215143294,550.79,5.643333333
MART,MART.20190103,2019-01-03 19:18,NaBr,0.445052192,0.200245838,511.845,5.743333333
MART,MART.20190220,2019-02-20 19:24,NaCl,0.215333333,0.162284968,162.03,4.636666667
MART,MART.20190226,2019-02-26 18:14,NaCl,0.192054054,0.090238848,81.57,4.706666667
MART,MART.20190912,2019-09-12 16:07,NaCl,0.08108,0.09437621,26.476,3.46
MART,MART.20191118,2019-11-18 18:24,NaCl,0.086883408,0.095652884,34.6,4.163333333
MART,MART.20191127,2019-11-27 17:58,model - CRI,0.103333333,NA,NA,4.323333333
MART,MART.20191210,2019-12-10 17:41,NaCl,NA,NA,NA,4.606666667
MART,MART.20200109,2020-01-09 19:19,NaBr,NA,NA,NA,6.566666667
MART,MART.20200225,2020-02-25 18:03,NaBr,NA,NA,NA,5.106666667
MART,MART.20200309,2020-03-09 19:05,NaBr,NA,NA,NA,5.03
MART,MART.20200728,2020-07-28 18:17,NaCl,0.060962406,0.102748046,21.61,3.45
MART,MART.20201026,2020-10-26 20:08,NaCl,0.111031519,0.131411325,60.26,4.13
MART,MART.20201124,2020-11-24 19:40,NaBr,0.395408163,0.177872192,385.42,5.48
MART,MART.20201209,2020-12-09 20:13,NaBr,0.217871486,0.162347513,154.335,4.363333333
MART,MART.20210120,2021-01-20 20:34,NaBr,0.34,0.195773487,325.493,4.89
MART,MART.20210309,2021-03-09 18:14,NaBr,0.435393258,0.207435409,503.06,5.57
MART,MART.20211004,2021-10-04 16:59,NaCl,0.071100917,0.082543163,22.83,3.89
MART,MART.20220304,2022-03-04 17:15,NaBr,0.77811245,0.215372681,1131.64,6.752666667
MART,MART.20220309,2022-03-09 16:55,NaBr,0.431034483,0.171265281,423.98,5.743333333
MAYF,MAYF.20141024,2014-10-24 16:34,NaCl,0.038278932,0.353433838,46.54,3.44
MAYF,MAYF.20141218,2014-12-18 18:50,NaCl,NA,NA,NA,3.876666667
MAYF,MAYF.20150121,2015-01-21 16:55,NaCl,NA,NA,NA,4.82
MAYF,MAYF.20150205,2015-02-05 17:15,NaCl,NA,NA,NA,4.246666667
MAYF,MAYF.20150306,2015-03-06 17:51,NaCl,NA,NA,NA,4.973333333
MAYF,MAYF.20160907,2016-09-07 13:52,NaCl,NA,NA,NA,4.12
MAYF,MAYF.20161025,2016-10-25 14:44,NaCl,NA,NA,NA,3.663333333
MAYF,MAYF.20170203,2017-02-03 15:56,NaCl,NA,NA,NA,4.598333333
MAYF,MAYF.20170317,2017-03-17 15:07,NaCl,NA,NA,NA,4.76
MAYF,MAYF.20170428,2017-04-28 14:52,NaCl,NA,NA,NA,3.75
MAYF,MAYF.20170509,2017-05-09 15:12,NaCl,NA,NA,NA,4.569
MAYF,MAYF.20170606,2017-06-06 14:57,NaCl,NA,NA,NA,4.68
MAYF,MAYF.20170619,2017-06-19 15:14,NaCl,NA,NA,NA,4.096666667
MAYF,MAYF.20170731,2017-07-31 15:39,NaCl,NA,NA,NA,4.413333333
MAYF,MAYF.20170828,2017-08-28 16:47,NaCl,0.06,0.458025769,110.201,4.01
MAYF,MAYF.20170919,2017-09-19 14:53,NaCl,0.083766234,0.253009863,86.117,4.063333333
MAYF,MAYF.20171113,2017-11-13 16:59,NaCl,NA,NA,NA,4.13
MAYF,MAYF.20180201,2018-02-01 17:17,NaCl,0.111206897,0.326512878,180.1,4.96
MAYF,MAYF.20180510,2018-05-10 17:09,NaCl,0.105737705,0.226155816,112.95,4.723333333
MAYF,MAYF.20180611,2018-06-11 15:28,NaCl,0.132989691,0.175213651,101.362,4.35
MAYF,MAYF.20180830,2018-08-30 17:06,NaCl,0.135789474,0.378878696,273.016,5.306666667
MAYF,MAYF.20181024,2018-10-24 15:01,NaCl,0.073714286,0.317533975,94.7975,4.05
MAYF,MAYF.20181204,2018-12-04 17:05,NaCl,0.131632653,0.242412684,173.8,5.446666667
MAYF,MAYF.20190226,2019-02-26 15:21,NaCl,NA,NA,NA,5.688333333
MAYF,MAYF.20190508,2019-05-08 14:19,NaCl,NA,NA,NA,4.908333333
MAYF,MAYF.20190516,2019-05-16 13:51,NaCl,0.119444444,0.344174847,193.49,4.706666667
MAYF,MAYF.20190702,2019-07-02 15:06,NaCl,0.131632653,0.270035139,169.22,4.760666667
MAYF,MAYF.20190829,2019-08-29 16:17,NaCl,0.10661157,0.360973196,171.51,4.456666667
MAYF,MAYF.20191009,2019-10-09 14:53,NaCl,0.075837104,0.221514878,70.5,4.196666667
MAYF,MAYF.20191219,2019-12-19 15:12,NaCl,0.1676,0.333837957,288.41,5.154666667
MAYF,MAYF.20200226,2020-02-26 15:22,NaCl,0.229589041,0.448183584,524.78,5.1
MAYF,MAYF.20201022,2020-10-22 16:06,NaCl,0.081959799,0.247326123,82.84,4.086666667
MAYF,MAYF.20201124,2020-11-24 15:58,NaCl,0.105225806,0.274508939,128.155,4.436666667
MAYF,MAYF.20210217,2021-02-17 16:03,NaCl,0.1631,0.331553339,280.476,5.186666667
MAYF,MAYF.20210429,2021-04-29 14:47,NaCl,0.146936937,0.281915098,191.93,4.633333333
MAYF,MAYF.20210621,2021-06-21 16:00,NaCl,0.187471264,0.401826217,329.447,4.373333333
MAYF,MAYF.20210816,2021-08-16 14:42,NaCl,0.181222222,0.318960808,293.195,5.072333333
MAYF,MAYF.20210928,2021-09-28 15:14,NaCl,0.096508876,0.251811175,108.63,4.47
MAYF,MAYF.20211122,2021-11-22 16:01,NaCl,0.128923077,0.450226269,316.13,5.446333333
MAYF,MAYF.20220406,2022-04-06 14:54,NaCl,0.234526316,0.40415174,494.9,5.221333333
MAYF,MAYF.20220907,2022-09-07 15:22,NaCl,0.123777778,0.182503371,98.04,4.34
MAYF,MAYF.20230125,2023-01-25 17:04,NaCl,NA,NA,NA,5.136666667
MAYF,MAYF.20230327,2023-03-27 15:11,NaCl,0.327647059,0.685953815,1248.865,5.556666667
MCDI,MCDI.20160303,2016-03-03 13:50,NaBr,NA,NA,NA,7.103333333
MCDI,MCDI.20160407,2016-04-07 10:00,NaBr,NA,NA,NA,6.136666667
MCDI,MCDI.20160512,2016-05-12 09:00,NaBr,NA,NA,NA,5.626666667
MCDI,MCDI.20160614,2016-06-14 11:02,NaBr,NA,NA,NA,5.046666667
MCDI,MCDI.20160715,2016-07-15 08:45,NaBr,0.044887781,0.087546565,17.16,4.366666667
MCDI,MCDI.20160811,2016-08-11 08:30,NaBr,0.028938907,0.093734531,10.57,3.896666667
MCDI,MCDI.20170124,2017-01-24 10:00,NaBr,0.055214724,0.145387635,40.325,5.023333333
MCDI,MCDI.20170302,2017-03-02 12:04,NaBr,NA,NA,NA,4.5
MCDI,MCDI.20170407,2017-04-07 08:18,NaBr,NA,NA,NA,5.375333333
MCDI,MCDI.20170505,2017-05-05 10:15,NaBr,0.268571429,0.117616272,137.62,4.356666667
MCDI,MCDI.20170525,2017-05-25 10:56,NaBr,0.42962963,0.081713883,162.31,4.623333333
MCDI,MCDI.20170621,2017-06-21 16:09,NaBr,NA,NA,NA,3.796666667
MCDI,MCDI.20170728,2017-07-28 13:45,NaBr,0.061594203,0.106550838,24.775,3.775
MCDI,MCDI.20170822,2017-08-22 14:24,NaBr,0.03219697,0.349908581,46.66,4.141666667
MCDI,MCDI.20180827,2018-08-27 16:20,NaBr,0.024247788,0.492811933,52.16,4.365
MCDI,MCDI.20180906,2018-09-06 17:29,model,NA,NA,NA,4.31
MCDI,MCDI.20180926,2018-09-26 16:45,model - slug,NA,NA,11.87,4.536666667
MCDI,MCDI.20181019,2018-10-19 16:30,model - slug,0.152994924,0.279690668,215.465,5.03
MCDI,MCDI.20181114,2018-11-14 17:07,model - slug,0.045391566,0.279375732,55.91,4.403333333
MCDI,MCDI.20181207,2018-12-07 18:10,model - slug,0.109444444,0.408329918,215.93,4.83
MCDI,MCDI.20190325,2019-03-25 16:48,model - slug,0.085470085,0.430539696,169.82,4.61
MCDI,MCDI.20190422,2019-04-22 19:11,model - slug,NA,NA,58.74,4.283333333
MCDI,MCDI.20190610,2019-06-10 16:01,model - slug,0.077680412,0.267410413,125.57,6.023333333
MCDI,MCDI.20190718,2019-07-18 16:23,model - slug,NA,NA,58.19,5.336666667
MCDI,MCDI.20190906,2019-09-06 14:53,NaBr,0.16875,0.153260911,150.78,5.83
MCDI,MCDI.20190923,2019-09-23 15:09,NaBr,0.028346457,0.271315549,37.48,4.873333333
MCDI,MCDI.20191016,2019-10-16 15:21,model - slug,0.022199383,0.245414449,28.21,5.178
MCDI,MCDI.20200625,2020-06-25 21:05,model - slug,0.045,NA,NA,4.133333333
MCDI,MCDI.20200813,2020-08-13 16:10,model - slug,0.052682927,NA,NA,6.153333333
MCDI,MCDI.20200819,2020-08-19 14:14,model - slug,NA,NA,NA,6.48
MCDI,MCDI.20210624,2021-06-24 17:41,model - slug,0.01728,NA,NA,4.496666667
MCDI,MCDI.20230525,2023-05-25 15:48,NaBr,0.040196078,NA,NA,5.856666667
MCRA,MCRA.20161012,2016-10-12 14:33,NaCl,0.09623431,0.084678076,34.47,4.23
MCRA,MCRA.20161019,2016-10-19 12:30,NaCl,0.605263158,0.190915005,751.485,6.503333333
MCRA,MCRA.20161026,2016-10-26 10:07,NaCl,0.37704918,0.142002722,325,6.07
MCRA,MCRA.20161116,2016-11-16 09:12,NaCl,0.328571429,0.157816994,309.915,5.976666667
MCRA,MCRA.20161202,2016-12-02 09:34,NaCl,0.333333333,0.110648253,218.1,5.913333333
MCRA,MCRA.20170501,2017-05-01 18:00,NaCl,0.425925926,0.181105623,480.31,6.226666667
MCRA,MCRA.20170612,2017-06-12 21:00,NaCl,0.219047619,0.141469487,171.47,5.533333333
MCRA,MCRA.20170730,2017-07-30 21:23,NaCl,0.07120743,0.066200497,21.15,4.486666667
MCRA,MCRA.20170924,2017-09-24 21:55,NaCl,0.070552147,0.044528884,14.975,4.766666667
MCRA,MCRA.20171016,2017-10-16 19:05,NaCl,0.091378625,0.062027761,32.78,5.783333333
MCRA,MCRA.20171113,2017-11-13 21:18,NaCl,NA,NA,NA,6.486666667
MCRA,MCRA.20180130,2018-01-30 18:01,NaCl,NA,NA,NA,6.466666667
MCRA,MCRA.20180327,2018-03-27 18:47,NaCl,0.203539823,0.141851813,201.53,6.98
MCRA,MCRA.20180610,2018-06-10 22:46,NaCl,0.132183908,0.088640779,61.83,5.277
MCRA,MCRA.20180809,2018-08-09 22:49,NaCl,0.04315197,0.050443216,8.8375,4.06
MCRA,MCRA.20180918,2018-09-18 23:19,model,NA,NA,8.2625,4.536667
MCRA,MCRA.20181112,2018-11-12 18:37,NaCl,0.074433657,0.064548192,23.19,4.826666667
MCRA,MCRA.20190110,2019-01-10 18:08,NaCl,NA,NA,NA,6.606666667
MCRA,MCRA.20190618,2019-06-18 17:27,model - CRI,NA,NA,39.52,4.653333
MCRA,MCRA.20190715,2019-07-15 21:09,NaCl,0.054892601,0.027293517,8.38,5.593333333
MCRA,MCRA.20190918,2019-09-18 15:32,NaCl,0.124324324,0.080071264,52.13,5.236666667
MCRA,MCRA.20191114,2019-11-14 17:32,NaCl,NA,NA,NA,4.466666667
MCRA,MCRA.20191204,2019-12-04 18:16,NaCl,NA,NA,NA,5.113333333
MCRA,MCRA.20200206,2020-02-06 17:41,NaBr,NA,NA,NA,6.872727273
MCRA,MCRA.20200214,2020-02-14 17:27,NaBr,NA,NA,NA,6.74
MCRA,MCRA.20210401,2021-04-01 17:01,NaBr,NA,NA,NA,7.48
MCRA,MCRA.20210526,2021-05-26 15:18,NaBr,0.272189349,0.09138354,165.99,6.673333333
MCRA,MCRA.20220202,2022-02-02 18:46,NaBr,0.317241379,0.11789906,212.82,5.69
OKSR,OKSR.20160909,2016-09-09 11:20,NaCl,0.396530359,0.269770265,755.33,7.061
OKSR,OKSR.20170615,2017-06-15 18:56,NaBr,0.304857621,NA,NA,6
OKSR,OKSR.20170621,2017-06-21 20:43,NaBr,0.260558339,0.223055068,414,7.123333333
OKSR,OKSR.20170707,2017-07-07 20:11,NaBr,0.168440537,0.195696078,214.7,6.513333333
OKSR,OKSR.20170721,2017-07-21 19:19,NaBr,NA,NA,NA,7.733333333
OKSR,OKSR.20170805,2017-08-05 18:33,NaBr,NA,NA,NA,8.121666667
OKSR,OKSR.20170825,2017-08-25 20:17,NaBr,0.532102729,0.362572827,1477.17,7.656666667
OKSR,OKSR.20170913,2017-09-13 19:15,NaBr,0.495515695,0.323704472,1323.84,8.253333333
OKSR,OKSR.20180615,2018-06-15 19:33,NaBr,0.673780488,0.39872276,2161.75,8.046666667
OKSR,OKSR.20180625,2018-06-25 19:20,NaBr,0.690625,0.356211552,2001.69,8.136666667
OKSR,OKSR.20180706,2018-07-06 19:20,NaBr,0.44259012,NA,NA,8.743333333
OKSR,OKSR.20180811,2018-08-11 19:10,NaBr,0.619626168,0.338111886,1761.92,8.41
OKSR,OKSR.20180824,2018-08-24 17:34,NaBr,0.510785824,0.319791483,1311.66,8.03
OKSR,OKSR.20180915,2018-09-15 18:24,NaBr,0.765588915,0.373224673,2358.28,8.253333333
OKSR,OKSR.20180919,2018-09-19 18:01,NaBr,0.460416667,0.317383487,1101.81,7.54
OKSR,OKSR.20190615,2019-06-15 18:13,NaBr,0.596223022,NA,NA,7.5
OKSR,OKSR.20190706,2019-07-06 18:33,NaBr,0.319980695,0.331064402,665.62,6.283333333
OKSR,OKSR.20190712,2019-07-12 18:25,NaBr,0.175955414,0.268519617,281.28,5.953333333
OKSR,OKSR.20190718,2019-07-18 18:55,NaBr,0.198621929,0.291684005,367.5,6.343333333
OKSR,OKSR.20190823,2019-08-23 19:17,NaBr,0.752057613,0.410964367,2512.73,8.13
OKSR,OKSR.20190902,2019-09-02 18:26,NaBr,0.593344156,0.373600059,1825.85,8.236666667
OKSR,OKSR.20190906,2019-09-06 19:00,NaBr,0.436157518,0.33233169,1003.53,6.923333333
OKSR,OKSR.20200721,2020-07-21 19:46,NaBr,0.137543904,0.223115421,182.39,5.943333333
OKSR,OKSR.20200725,2020-07-25 18:58,NaBr,0.145328032,0.208178952,178.5,5.9
OKSR,OKSR.20200805,2020-08-05 20:06,NaBr,NA,NA,NA,6.756666667
OKSR,OKSR.20200821,2020-08-21 18:56,NaBr,0.1167856,0.226754629,151.74,5.73
OKSR,OKSR.20200903,2020-09-03 19:26,NaBr,0.126164998,0.238740883,162.15,5.383333333
OKSR,OKSR.20200910,2020-09-10 19:02,NaBr,0.263202112,0.237507662,424.46,6.79
OKSR,OKSR.20200922,2020-09-22 19:28,NaBr,0.402976847,0.31642384,944.01,7.403333333
OKSR,OKSR.20210614,2021-06-14 16:40,NaBr,0.653846154,0.435919295,2360,8.28
OKSR,OKSR.20210802,2021-08-02 19:17,NaBr,0.225896168,0.267438598,380,6.29
OKSR,OKSR.20210816,2021-08-16 19:26,NaBr,0.172690763,0.257217778,260,5.853333333
OKSR,OKSR.20210827,2021-08-27 18:01,NaBr,0.382322176,0.310832161,900,7.573333333
OKSR,OKSR.20210901,2021-09-01 19:13,NaBr,0.485391766,0.370673311,1380,7.67
OKSR,OKSR.20220607,2022-06-07 23:03,model - slug,0.353481625,0.345891817,820,6.706666667
OKSR,OKSR.20220720,2022-07-20 20:08,model - slug,0.366599799,0.304457003,740,6.63
OKSR,OKSR.20220727,2022-07-27 20:35,model - slug,0.415813424,0.326190573,930,6.856666667
OKSR,OKSR.20220827,2022-08-27 19:42,model - slug,0.247572816,0.282975671,450,6.423333333
POSE,POSE.20140811,2014-08-11 13:50,NaCl,0.041666667,NA,NA,6.886666667
POSE,POSE.20141007,2014-10-07 14:07,NaCl,0.03030303,0.009867571,2.13,7.123333333
POSE,POSE.20141208,2014-12-08 15:18,NaCl,0.053513514,0.032705514,15.6,8.913333333
POSE,POSE.20150428,2015-04-28 14:27,NaCl,NA,NA,NA,8.02
POSE,POSE.20150615,2015-06-15 15:05,NaCl,0.066891892,0.018912754,9.21,7.28
POSE,POSE.20150824,2015-08-24 12:59,NaCl,NA,NA,NA,6.166666667
POSE,POSE.20151009,2015-10-09 12:45,NaCl,0.062111801,0.028816271,12.32,6.883333333
POSE,POSE.20151207,2015-12-07 14:10,NaCl,0.061349693,0.033752525,16.4,7.92
POSE,POSE.20160615,2016-06-15 13:00,NaCl,0.074074074,0.026083076,14.83,7.675666667
POSE,POSE.20160822,2016-08-22 13:28,NaCl,0.044680851,0.029194624,6.11,4.684
POSE,POSE.20161003,2016-10-03 13:06,NaCl,0.059659091,0.037460159,11.94,5.342666667
POSE,POSE.20161208,2016-12-08 14:20,NaCl,NA,NA,NA,5.523214286
POSE,POSE.20170130,2017-01-30 13:48,NaCl,0.057692308,0.049333911,15.34,5.389666667
POSE,POSE.20170424,2017-04-24 13:36,NaCl,0.078947368,0.023463346,9.72,5.247333333
POSE,POSE.20170612,2017-06-12 19:00,NaCl,0.06402439,0.042728834,11.4525,4.186333333
POSE,POSE.20170828,2017-08-28 13:17,NaCl,0.031343284,0.016854321,2.585,4.893333333
POSE,POSE.20171002,2017-10-02 13:01,NaCl,0.017213115,0.013917244,1.065,4.445666667
POSE,POSE.20171204,2017-12-04 13:51,NaCl,0.023230088,0.022394243,2.74,5.267
POSE,POSE.20180226,2018-02-26 14:41,NaCl,0.060240964,0.058397861,20.39,5.796
POSE,POSE.20180518,2018-05-18 13:04,NaCl,0.188363636,0.077294903,103.3,7.095
POSE,POSE.20180625,2018-06-25 13:39,NaCl,NA,NA,NA,7.313333333
POSE,POSE.20180814,2018-08-14 12:45,NaCl,0.109052632,0.0432646,31.83,6.746333333
POSE,POSE.20180928,2018-09-28 13:50,NaCl,0.2072,0.098851464,180.59,8.817
POSE,POSE.20181203,2018-12-03 14:09,NaCl,0.112164948,0.066322449,50.96,6.850333333
POSE,POSE.20190206,2019-02-06 13:28,NaCl,0.106666667,0.044516969,33.51,7.057
POSE,POSE.20190506,2019-05-06 12:50,NaCl,0.143157895,0.05477084,57.62,7.348666667
POSE,POSE.20190617,2019-06-17 13:37,NaCl,0.084677419,0.036297065,17.0725,5.554666667
POSE,POSE.20190917,2019-09-17 12:33,NaCl,0.022340426,0.026996299,2.91,4.825
POSE,POSE.20191007,2019-10-07 12:42,model - CRI,0.025547445,0.022204507,2.87,5.059333333
POSE,POSE.20191202,2019-12-02 13:46,NaCl,0.043933054,0.031540198,7.98,5.759
POSE,POSE.20200205,2020-02-05 13:28,NaCl,0.043032787,0.022847249,5.3,5.390666667
POSE,POSE.20201012,2020-10-12 12:12,NaCl,0.171754386,0.093710335,119.41,7.419
POSE,POSE.20201119,2020-11-19 12:43,NaCl,0.031378205,0.028393265,4.98,5.589666667
POSE,POSE.20201130,2020-11-30 16:47,NaCl,0.157903226,0.089722168,99.29,7.008333333
POSE,POSE.20210419,2021-04-19 13:04,NaCl,0.085877193,0.038860361,21.95,6.577333333
POSE,POSE.20210426,2021-04-26 12:37,NaCl,0.080245902,0.031188664,15.1,6.033333333
POSE,POSE.20210614,2021-06-14 12:10,NaCl,0.060807453,0.029160683,9.47,5.340666667
POSE,POSE.20210809,2021-08-09 11:54,model - CRI,0.026037234,0.01766776,2.19,4.760666667
POSE,POSE.20210927,2021-09-27 13:05,NaCl,0.041659574,0.028169537,6.81,5.803
POSE,POSE.20211007,2021-10-07 13:40,NaCl,0.039635628,0.023708699,5.45,5.799666667
POSE,POSE.20220217,2022-02-17 13:06,NaCl,0.048706468,0.030633657,10.05,6.735666667
POSE,POSE.20220817,2022-08-17 11:58,model - slug,0.039796748,0.033078504,7.73,5.872
POSE,POSE.20221013,2022-10-13 13:33,model - slug,0.031178344,0.033167858,4.9,4.738333333
POSE,POSE.20230424,2023-04-24 14:31,model - slug,0.043803132,0.022020205,4.88,5.059333333
PRIN,PRIN.20160218,2016-02-18 11:20,NaCl,NA,NA,NA,4.246666667
PRIN,PRIN.20160314,2016-03-14 13:00,NaBr,0.17991453,NA,163.77,NA
PRIN,PRIN.20160407,2016-04-07 10:00,NaBr,0.118258427,0.105232209,61.02,4.903333333
PRIN,PRIN.20160505,2016-05-05 13:02,NaBr,0.104210526,0.189679232,93.43,4.726666667
PRIN,PRIN.20160606,2016-06-06 10:30,NaBr,0.166386555,0.183290172,170.58,5.593333333
PRIN,PRIN.20160708,2016-07-08 08:30,NaBr,NA,NA,NA,NA
PRIN,PRIN.20170306,2017-03-06 14:05,NaBr,NA,NA,NA,4.676666667
PRIN,PRIN.20170419,2017-04-19 11:42,NaBr,0.158385093,0.132085766,103.835,4.963333333
PRIN,PRIN.20170428,2017-04-28 13:40,model,NA,0.104950603,25.26,4.11666667
PRIN,PRIN.20180305,2018-03-05 16:53,NaBr,NA,NA,NA,5.282666667
PRIN,PRIN.20190417,2019-04-17 14:54,NaBr,0.08575,0.169162644,55.17,3.803333333
PRIN,PRIN.20190423,2019-04-23 14:42,NaBr,0.115617978,0.115315841,59.33,4.45
PRIN,PRIN.20190510,2019-05-10 15:32,NaBr,0.192336449,0.198819589,201.08,5.258333333
PRIN,PRIN.20190517,2019-05-17 14:35,NaBr,0.131333333,0.180915071,106.01,4.461666667
REDB,REDB.20151022,2015-10-22 18:28,NaBr,0.096099291,0.087882652,21.55,2.551666667
REDB,REDB.20151105,2015-11-05 16:21,NaBr,0.1,0.106582314,24.99,2.344666667
REDB,REDB.20151119,2015-11-19 16:12,NaBr,0.098188406,0.11178451,28.135,2.563333333
REDB,REDB.20160331,2016-03-31 18:00,NaBr,0.196376812,0.100828928,53.42,2.697916667
REDB,REDB.20160421,2016-04-21 16:45,NaBr,0.224585635,0.139610264,85.42,2.724333333
REDB,REDB.20160512,2016-05-12 17:15,NaBr,NA,NA,NA,2.983333333
REDB,REDB.20160519,2016-05-19 16:57,NaBr,0.292896175,0.162900989,139.87,2.931481481
REDB,REDB.20160602,2016-06-02 17:39,NaBr,0.23362069,0.122164463,82.11,2.877
REDB,REDB.20160713,2016-07-13 15:00,NaBr,0.151396648,0.080836734,30.8,2.516666667
REDB,REDB.20161027,2016-10-27 18:32,NaBr,0.103956835,0.106260015,30.12,2.726666667
REDB,REDB.20170327,2017-03-27 20:13,NaBr,NA,NA,NA,3.017333333
REDB,REDB.20170420,2017-04-20 16:40,NaBr,NA,NA,NA,3.214666667
REDB,REDB.20170504,2017-05-04 16:56,NaBr,0.498275862,0.239142282,375.7475,3.153333333
REDB,REDB.20170518,2017-05-18 16:58,NaBr,0.425,0.160031209,219.6375,3.229333333
REDB,REDB.20170601,2017-06-01 16:41,NaBr,NA,NA,NA,2.915
REDB,REDB.20170615,2017-06-15 17:59,NaBr,0.304210526,0.126259732,116.765,3.04
REDB,REDB.20170628,2017-06-28 17:27,NaBr,NA,NA,NA,2.821666667
REDB,REDB.20170803,2017-08-03 16:18,NaBr,0.188888889,0.110919402,49.62,2.368333333
REDB,REDB.20170919,2017-09-19 17:29,NaBr,0.170501475,0.096324188,40.96,2.494
REDB,REDB.20171026,2017-10-26 17:25,NaBr,0.146700508,0.095250615,37.7,2.698
REDB,REDB.20180412,2018-04-12 16:24,NaBr,0.236885246,0.09562676,65.7,2.900333333
REDB,REDB.20180510,2018-05-10 15:57,NaBr,0.186451613,0.08934284,45.46,2.729
REDB,REDB.20180517,2018-05-17 15:06,NaBr,NA,NA,NA,2.64
REDB,REDB.20180530,2018-05-30 15:45,NaBr,0.158791209,0.102644704,36.91,2.264545455
REDB,REDB.20180613,2018-06-13 16:13,NaBr,NA,NA,NA,2.511666667
REDB,REDB.20180627,2018-06-27 16:15,NaBr,NA,NA,NA,2.409666667
REDB,REDB.20180802,2018-08-02 15:33,NaBr,0.098634812,0.066506277,14.764,2.250666667
REDB,REDB.20180823,2018-08-23 15:33,NaBr,0.090117253,0.077476781,16.545,2.369666667
REDB,REDB.20180830,2018-08-30 16:07,NaBr,0.089751553,0.057346701,12.2,2.370333333
REDB,REDB.20190429,2019-04-29 22:45,NaBr,0.642222222,0.371758179,525.253,2.2
REDB,REDB.20190514,2019-05-14 16:57,NaBr,0.45511811,0.190327754,284.09,3.279666667
REDB,REDB.20190529,2019-05-29 17:36,NaBr,0.525454545,0.171800175,360.19,3.99
REDB,REDB.20190603,2019-06-03 16:43,NaBr,NA,NA,NA,3.160333333
REDB,REDB.20190617,2019-06-17 16:20,NaBr,0.401388889,0.183095048,220.036,2.994
REDB,REDB.20190703,2019-07-03 22:05,NaBr,0.317582418,0.139043854,136.86,3.099333333
REDB,REDB.20201012,2020-10-12 14:45,NaBr,0.097306397,0.085297701,23.11,2.784333333
REDB,REDB.20210809,2021-08-09 14:37,NaBr,0.095695364,0.08035217,15.23,1.980666667
REDB,REDB.20210830,2021-08-30 15:40,NaBr,0.103584229,0.097637443,20.696,2.046333333
REDB,REDB.20210920,2021-09-20 15:06,NaBr,0.086165772,0.081850179,14.19,2.012
SYCA,SYCA.20170309,2017-03-09 11:00,NaBr,NA,NA,NA,5.223
SYCA,SYCA.20170317,2017-03-17 12:00,NaBr,0.525974026,0.158858875,357.27,4.275833333
SYCA,SYCA.20170331,2017-03-31 10:45,NaBr,0.307984791,NA,133.62,NA
SYCA,SYCA.20170418,2017-04-18 10:24,NaBr,0.196125908,0.063056338,41.45,3.351666667
SYCA,SYCA.20170425,2017-04-25 10:45,NaBr,0.15547025,0.037253261,18.775,3.241666667
SYCA,SYCA.20170512,2017-05-12 08:55,NaBr,0.119117647,0.036346008,13.01,3.005
SYCA,SYCA.20190306,2019-03-06 14:28,NaBr,0.759259259,0.234684706,1693.96,9.506666667
SYCA,SYCA.20190417,2019-04-17 14:55,NaBr,0.193396226,0.128708525,124.355,4.995833333
SYCA,SYCA.20190423,2019-04-23 15:47,model - slug,0.222826087,NA,88.2,0
SYCA,SYCA.20190430,2019-04-30 15:57,NaBr,NA,NA,NA,2.98
SYCA,SYCA.20190507,2019-05-07 13:04,NaBr,0.163333333,0.0776935,41.2,3.246666667
SYCA,SYCA.20191218,2019-12-18 16:22,NaBr,0.283055556,0.142488196,247.16,6.128125
SYCA,SYCA.20200108,2020-01-08 14:52,NaBr,0.452888889,0.212946144,842.44,8.735294118
SYCA,SYCA.20200309,2020-03-09 18:02,NaBr,NA,NA,NA,7.383333333
SYCA,SYCA.20211117,2021-11-17 18:05,NaBr,0.0525,0.075168373,17.16,4.348333333
SYCA,SYCA.20220310,2022-03-10 13:20,NaBr,0.261904762,0.087959596,71.53,3.105
SYCA,SYCA.20220411,2022-04-11 17:17,NaBr,0.172774869,0.069875482,33.2,2.75
SYCA,SYCA.20230406,2023-04-06 17:17,NaBr,0.804878049,0.189645942,707.495,4.635
SYCA,SYCA.20230418,2023-04-18 15:13,NaBr,NA,NA,NA,3.544
SYCA,SYCA.20230510,2023-05-10 16:21,NaBr,0.338461538,0.07315765,64.42,2.601666667
TECR,TECR.20170607,2017-06-07 22:28,NaCl,0.444444444,0.219774457,269.59,2.76
TECR,TECR.20170621,2017-06-21 17:41,NaCl,0.3125,0.167922009,118.42,2.256666667
TECR,TECR.20170719,2017-07-19 18:45,NaCl,0.178571429,0.100874009,40.89,2.27
TECR,TECR.20170817,2017-08-17 19:22,NaCl,0.112359551,0.097725227,24.23,2.206666667
TECR,TECR.20170911,2017-09-11 18:50,NaCl,0.09478673,0.050315385,9.92,2.08
TECR,TECR.20171010,2017-10-10 18:08,NaCl,0.073800738,0.069298249,10.22,1.998333333
TECR,TECR.20181031,2018-10-31 18:33,NaCl,0.043290043,0.070251799,4.65,1.529
NA,TECR.20181120,2018-11-20 20:23,model - slug,NA,NA,NA,1.385333333
TECR,TECR.20181206,2018-12-06 21:46,NaBr,0.069686411,NA,12.75,NA
TECR,TECR.20190531,2019-05-31 16:45,NaBr,0.526315789,0.154924313,257.12,3.153333333
TECR,TECR.20190625,2019-06-25 16:01,NaBr,0.347826087,0.161372059,152.672,2.72
TECR,TECR.20190819,2019-08-19 20:22,NaBr,0.099447514,0.152238679,28.382,1.874666667
TECR,TECR.20190918,2019-09-18 15:58,NaBr,0.092592593,0.121333104,21.81,1.941333333
TECR,TECR.20191120,2019-11-20 17:14,NaBr,0.062111801,0.1039416,10.76,1.666666667
TECR,TECR.20191218,2019-12-18 19:54,NaBr,0.0758602,0.114679327,17.26,1.984
TECR,TECR.20200312,2020-03-12 17:52,NaBr,0.096153846,0.120122833,23.32,2.019
NA,TECR.20201201,2020-12-01 18:35,model - slug,NA,NA,NA,1.707333333
TECR,TECR.20210504,2021-05-04 18:53,NaBr,0.070838253,0.089621195,12.93,2.036666667
TECR,TECR.20210518,2021-05-18 16:45,NaBr,0.054421769,NA,NA,1.611666667
TECR,TECR.20210614,2021-06-14 19:22,NaBr,0.028195489,0.093080584,4.794,1.826666667
TECR,TECR.20220420,2022-04-20 17:49,model - slug,0.099255583,0.13680843,26.9,1.981
TECR,TECR.20220502,2022-05-02 18:51,model - slug,0.092592593,0.148157044,25.74,1.876333333
TECR,TECR.20220523,2022-05-23 17:32,model - slug,0.061919505,0.123225434,14.52,1.903
WALK,WALK.20150611,2015-06-11 12:33,NaCl,NA,NA,NA,2.886666667
WALK,WALK.20150626,2015-06-26 12:10,NaCl,NA,NA,NA,3.243333333
WALK,WALK.20150901,2015-09-01 13:40,NaCl,NA,NA,NA,3.03
WALK,WALK.20150915,2015-09-15 13:15,NaCl,NA,NA,NA,3.063333333
WALK,WALK.20160601,2016-06-01 14:30,NaCl,NA,NA,NA,3.093333333
WALK,WALK.20160726,2016-07-26 12:30,NaCl,NA,NA,NA,3.823333333
WALK,WALK.20161004,2016-10-04 13:45,NaCl,NA,NA,NA,3.156666667
WALK,WALK.20161201,2016-12-01 14:30,NaCl,NA,NA,NA,2.946666667
WALK,WALK.20170125,2017-01-25 14:45,NaCl,NA,NA,NA,3.556666667
WALK,WALK.20170302,2017-03-02 14:15,NaCl,NA,NA,NA,3.716666667
WALK,WALK.20170320,2017-03-20 13:20,NaCl,NA,NA,NA,3.936666667
WALK,WALK.20170424,2017-04-24 12:19,NaCl,NA,NA,NA,4.22
WALK,WALK.20170515,2017-05-15 13:15,NaCl,NA,NA,NA,3.593333333
WALK,WALK.20170619,2017-06-19 13:30,NaCl,0.052247191,NA,NA,2.553333333
WALK,WALK.20170720,2017-07-20 13:42,NaCl,NA,NA,NA,3.291666667
WALK,WALK.20170920,2017-09-20 14:02,NaCl,NA,NA,NA,3.7
WALK,WALK.20171010,2017-10-10 13:59,NaCl,NA,NA,NA,3.48
WALK,WALK.20171204,2017-12-04 16:39,NaCl,NA,NA,NA,3.786666667
WALK,WALK.20180212,2018-02-12 14:02,NaCl,0.588607595,0.073905362,172.99,3.976666667
WALK,WALK.20180413,2018-04-13 12:30,NaCl,0.143814433,0.05714484,27.375,3.331
WALK,WALK.20180614,2018-06-14 15:06,NaCl,0.051098901,0.030143019,4.6275,3.004333333
WALK,WALK.20180711,2018-07-11 13:12,NaCl,0.054069767,0.02321264,4.51,3.593333333
WALK,WALK.20180820,2018-08-20 12:44,NaCl,0.044668588,0.02332902,3.55,3.406666667
WALK,WALK.20181022,2018-10-22 14:42,NaCl,0.04368932,0.043007883,6.542,3.481666667
WALK,WALK.20190205,2019-02-05 14:00,NaCl,0.073692552,0.021728135,6.218,3.883333333
WALK,WALK.20190423,2019-04-23 12:43,NaCl,0.117920541,0.044344505,18.79,3.593333333
WALK,WALK.20190705,2019-07-05 13:28,NaCl,0.050561798,0.039948692,6.605,3.27
WALK,WALK.20190807,2019-08-07 15:31,NaCl,0.046438083,0.037426592,5.44,3.13
WALK,WALK.20190926,2019-09-26 15:43,NaCl,0.036826822,0.030950986,3.94,3.456666667
WALK,WALK.20191121,2019-11-21 13:50,NaCl,0.029233026,0.04487791,4.22,3.216666667
WALK,WALK.20200129,2020-01-29 14:58,NaCl,0.15279299,0.039914571,22.87,3.75
WALK,WALK.20200305,2020-03-05 13:10,NaCl,NA,NA,NA,3.903333333
WALK,WALK.20200528,2020-05-28 13:52,NaCl,NA,NA,NA,3.373333333
WALK,WALK.20201118,2020-11-18 13:40,NaCl,NA,NA,NA,3.4
WALK,WALK.20201201,2020-12-01 13:59,NaCl,NA,NA,NA,3.12
WALK,WALK.20210212,2021-02-12 14:10,NaCl,NA,NA,NA,3.483333333
WALK,WALK.20210304,2021-03-04 14:32,NaCl,NA,NA,NA,3.936666667
WALK,WALK.20210518,2021-05-18 13:14,NaCl,NA,NA,NA,3.483333333
WALK,WALK.20210805,2021-08-05 12:33,NaCl,0.051155116,0.04663431,6.95,2.913333333
WALK,WALK.20210909,2021-09-09 13:17,NaCl,0.051438053,0.045192366,8.14,3.501666667
WALK,WALK.20211119,2021-11-19 15:28,NaCl,0.02434555,0.064357941,5.24,3.344333333
WALK,WALK.20220204,2022-02-04 14:33,NaCl,0.344444444,0.108994981,151.61,4.038333333
WALK,WALK.20220302,2022-03-02 14:02,NaCl,0.160344828,0.088132383,52.235,3.696333333
WALK,WALK.20220726,2022-07-26 15:30,model - slug,0.048563969,0.042988069,6.35,3.041666667
WALK,WALK.20221121,2022-11-21 16:24,model - slug,0.025044883,0.062750978,4.61,2.933333333
WALK,WALK.20230125,2023-01-25 17:14,model - slug,0.118170267,0.064490557,27.27,3.578333333
WALK,WALK.20230216,2023-02-16 14:10,model - slug,0.112048193,0.071644447,27.31,3.402
WLOU,WLOU.20160729,2016-07-29 09:10,NaCl,NA,NA,NA,2.386666667
WLOU,WLOU.20160819,2016-08-19 08:12,NaCl,0.124714829,0.107979675,28.28,2.1
WLOU,WLOU.20160916,2016-09-16 08:04,NaCl,NA,NA,NA,2.218333333
WLOU,WLOU.20161116,2016-11-16 08:42,NaCl,0.087234043,0.070634237,11.05,1.793333333
WLOU,WLOU.20170615,2017-06-15 16:58,NaCl,0.520634921,0.273853089,363.43,2.549
WLOU,WLOU.20170629,2017-06-29 14:49,NaCl,0.324752475,0.185463833,149.37,2.48
WLOU,WLOU.20170713,2017-07-13 16:17,NaCl,0.207594937,0.149477486,80.68,2.6
WLOU,WLOU.20170728,2017-07-28 15:24,NaCl,0.164824121,0.115831089,40.92,2.143333333
WLOU,WLOU.20170731,2017-07-31 15:02,NaCl,0.155450237,0.105334362,36.46,2.226666667
WLOU,WLOU.20170907,2017-09-07 15:45,NaCl,0.095626822,0.113408765,20.28,1.87
WLOU,WLOU.20170913,2017-09-13 15:05,NaCl,0.09010989,0.106523107,19.7575,2.058333333
WLOU,WLOU.20170926,2017-09-26 17:34,NaCl,0.095072464,0.076835999,14.89,2.038333333
WLOU,WLOU.20171005,2017-10-05 14:26,NaCl,0.117142857,0.083479124,24.04,2.458333333
WLOU,WLOU.20171018,2017-10-18 18:00,model,0.079131484,0.085301067,13.14,1.946666667
WLOU,WLOU.20180620,2018-06-20 14:53,NaCl,0.341666667,0.179492761,153.93,2.51
WLOU,WLOU.20180709,2018-07-09 16:48,NaCl,0.196407186,0.157385051,72.23,2.336666667
WLOU,WLOU.20180730,2018-07-30 16:18,NaCl,0.126640927,0.144507004,36.54,1.996666667
WLOU,WLOU.20180815,2018-08-15 19:30,NaCl,0.098203593,0.115531006,19.59,1.726666667
WLOU,WLOU.20181009,2018-10-09 16:39,NaBr,0.085976409,0.088155521,11.47,1.513333333
WLOU,WLOU.20181022,2018-10-22 16:38,NaBr,0.085863874,0.111718768,17.385,1.812333333
WLOU,WLOU.20190619,2019-06-19 15:27,NaBr,0.630769231,0.275011945,525.38,3.028666667
WLOU,WLOU.20190708,2019-07-08 17:22,NaBr,0.503582395,0.206328234,275.69,2.653333333
WLOU,WLOU.20190729,2019-07-29 17:42,NaBr,0.240645635,0.141708002,88.55,2.596666667
WLOU,WLOU.20190812,2019-08-12 18:14,NaBr,0.214659686,0.132925137,64.41,2.257333333
WLOU,WLOU.20190917,2019-09-17 16:50,NaBr,0.111945392,0.105221063,22.6,1.918666667
WLOU,WLOU.20191007,2019-10-07 17:37,NaBr,0.097560976,0.103600117,20.09,1.987666667
WLOU,WLOU.20200625,2020-06-25 16:10,NaBr,0.342737722,0.19086346,162.45,2.483333333
WLOU,WLOU.20200701,2020-07-01 14:16,NaBr,0.292031459,0.153617983,108.34,2.415
WLOU,WLOU.20200722,2020-07-22 17:17,NaBr,0.168811117,0.154057523,52.36,2.013333333
WLOU,WLOU.20200804,2020-08-04 16:32,NaBr,0.139812447,0.121994418,36.33,2.13
WLOU,WLOU.20210614,2021-06-14 18:05,NaBr,NA,NA,NA,2.402333333
WLOU,WLOU.20210623,2021-06-23 15:57,NaBr,0.250956389,0.186629788,107.91,2.304
WLOU,WLOU.20210728,2021-07-28 17:14,NaBr,0.13236481,0.07576274,21.718,2.165666667
WLOU,WLOU.20210810,2021-08-10 16:01,NaBr,0.116147309,0.099783427,23.72,2.046666667
WLOU,WLOU.20211004,2021-10-04 15:51,NaBr,0.082654347,0.082379373,12.49,1.834333333
WLOU,WLOU.20220606,2022-06-06 18:27,model - slug,0.50931677,0.250203937,337.91,2.651666667
WLOU,WLOU.20220614,2022-06-14 19:01,model - slug,NA,NA,489.355,2.631333333
WLOU,WLOU.20220707,2022-07-07 17:56,model - slug,0.265372168,0.201767852,111.21,2.077
WLOU,WLOU.20220810,2022-08-10 16:26,model - slug,0.136325852,0.115975698,32.87,2.079